CpG,Gene,Discovery_group,EWAS_abs_estimate,haEWAS_abs_estimate
cg00675737,RP11-46C24.3,EWAS-specific,0.122073822688963,0.411561698018464
cg00945260,TPSAB1,EWAS-specific,0.20862396050355,0.800418519593612
cg01139039,KCNH2,EWAS-specific,0.0665142926104432,0.138799902453613
cg01405107,HOXB4,EWAS-specific,0.0096258061263863,0.0373567660440644
cg01405107,HOXB5,EWAS-specific,0.0074109389779558,0.0290601605334626
cg01408486,CXXC5,EWAS-specific,0.168893669156805,0.887142841280227
cg01496136,CCL17,EWAS-specific,0.0491466431869898,0.0592362928697204
cg01496136,RP11-407G23.4,EWAS-specific,0.0967027552548175,0.128586941684381
cg01571001,DNAJB8,EWAS-specific,0.0002456100568493,0.000425817297741
cg01688936,ITGAL,EWAS-specific,0.151786843810229,0.19245270156479
cg01731500,RFNG,EWAS-specific,0.120546163387636,0.106937228547009
cg01891818,FADS6,EWAS-specific,0.145765243233265,0.207403747925006
cg01891818,FDXR,EWAS-specific,0.123226141716954,0.173739609182079
cg02145668,SCNM1,EWAS-specific,0.0588428252237436,0.115654170386665
cg02156769,EDF1,EWAS-specific,0.120340349913563,0.267319359931007
cg02156769,TMEM203,EWAS-specific,0.114882722996625,0.400820361293153
cg02637537,C8orf58,EWAS-specific,0.0905477635988698,0.575360066682943
cg02637537,PDLIM2,EWAS-specific,0.118716670485125,0.60751624107207
cg02649613,FAM160B2,EWAS-specific,0.171866389286749,0.342684635429229
cg02768785,GPR4,EWAS-specific,0.365882276014658,0.600344243873864
cg02797539,FDXR,EWAS-specific,0.137058298727253,0.181104770681048
cg02984184,RP5-916O11.3,EWAS-specific,0.0023327693879464,0.0053600580258977
cg03887528,SP100,EWAS-specific,0.205163505238977,0.27016398515261
cg03908904,RANBP3,EWAS-specific,0.103120605232585,0.130698032020221
cg04063348,PKHD1,EWAS-specific,0.0056750967667438,0.0067462746282452
cg04177826,ARSA,EWAS-specific,0.0709231591819989,0.221454416066685
cg04177826,LMF2,EWAS-specific,0.0477660856086108,0.178179532947604
cg05037210,MAFG,EWAS-specific,0.0693533347872277,0.175015960371155
cg05118960,NAT6,EWAS-specific,0.249696671633654,0.602883915413901
cg05118960,SEMA3B,EWAS-specific,0.23604906648727,1.22067988416704
cg05157625,SLC24A4,EWAS-specific,0.0582952100670242,0.101273220338117
cg05210497,MALAT1,EWAS-specific,0.149198189234118,0.299915824496047
cg05210497,MRPL49,EWAS-specific,0.0663760081755496,0.128150126325433
cg05280698,ZNF793,EWAS-specific,0.0235787629901464,0.105568476795876
cg05886689,SHANK1,EWAS-specific,0.288520935366167,1.85460894902391
cg05974498,CTC-471J1.2,EWAS-specific,0.0592480274706007,0.249341313700892
cg06013494,CTD-2006K23.1,EWAS-specific,0.0285569753566268,0.0333936875088518
cg06189038,AZGP1P1,EWAS-specific,0.049238091808085,0.126707500327186
cg06238004,LSM12,EWAS-specific,0.0820847805929025,0.246676972412606
cg06275642,FBXO48,EWAS-specific,0.0328280167493319,0.0662178800539704
cg06409432,AP005273.1,EWAS-specific,0.0237469285680426,0.560154128386952
cg06489606,RP13-516M14.1,EWAS-specific,0.159104175856193,0.346925313325071
cg06811467,IL6R,EWAS-specific,0.119733060009679,2.65351791361083
cg07996594,RP11-84D1.2,EWAS-specific,0.0007332292956851,0.0184176130454188
cg08003321,SPDYE4,EWAS-specific,0.0112802278260964,0.0108659172909782
cg08025954,AP000356.2,EWAS-specific,0.0886643142151382,0.101682952513955
cg09039163,UBE2F,EWAS-specific,0.0747281818088307,0.0792427416978805
cg09290705,RP11-82L7.4,EWAS-specific,0.0234073816968008,0.0967035644651934
cg09482093,AC004448.5,EWAS-specific,0.0063170541237985,0.0474300319708389
cg09991306,AC104841.1,EWAS-specific,0.196819977797284,0.420038641307973
cg10095954,GSG2,EWAS-specific,0.0085695054708539,0.0112147824082112
cg10782575,ASCL2,EWAS-specific,0.0712047707533812,0.056088159996475
cg10937494,C17orf62,EWAS-specific,0.158721191307147,0.174789433436039
cg10937494,SLC16A3,EWAS-specific,0.291849790187958,0.322245526940021
cg11075316,RP11-227J5.3,EWAS-specific,0.0105873146210503,0.0165003844079905
cg11205312,PSMD4,EWAS-specific,0.0623477671844816,0.13813683695954
cg11532431,HOXA-AS2,EWAS-specific,0.0028220927947182,0.0104888834718903
cg12109823,MYBL1,EWAS-specific,0.0498920122035756,0.0762954346706223
cg12572625,AC005609.1,EWAS-specific,0.0327572124980967,0.0680833899550576
cg13172549,HNRNPA1P73,EWAS-specific,0.0208355484264079,0.0915246067689045
cg13298466,CD27-AS1,EWAS-specific,0.128537976690566,0.361725407110705
cg13519191,MIR433,EWAS-specific,0.0022496670835323,537907910.231072
cg13719228,CICP18,EWAS-specific,0.0962970552723291,0.16098067257734
cg13849066,ARL5C,EWAS-specific,0.104881333893157,0.130670105614555
cg14014506,ORM1,EWAS-specific,0.117415376914947,0.197281836480657
cg14063191,ZDHHC12,EWAS-specific,0.108730134232391,0.313803696807057
cg14171369,PGF,EWAS-specific,0.229519499896015,0.392681652896171
cg14171824,RP11-181G12.4,EWAS-specific,0.0032978622436516,0.0088517600681417
cg14661234,HES4,EWAS-specific,0.258571059430036,0.343475243234959
cg14661234,TNFRSF18,EWAS-specific,0.21664994518375,0.292562496956708
cg14730223,MAST3,EWAS-specific,0.0824760823831992,0.0935006215678004
cg14730223,PIK3R2,EWAS-specific,0.0953520797058013,0.0821891328037201
cg15196806,HOXA9,EWAS-specific,0.032355019978662,0.315725208627976
cg15329187,RBM17,EWAS-specific,0.184473730049689,0.386104002754296
cg15488009,ODF3L2,EWAS-specific,0.050069607586381,0.0377557290858818
cg15974867,AP000439.1,EWAS-specific,0.0493674311732821,0.052701634539585
cg17072519,SERPIND1,EWAS-specific,0.0807666699893439,0.107873655538085
cg17219660,PTPN7,EWAS-specific,0.117816117158819,0.543411849796335
cg17291767,U3,EWAS-specific,0.152214593174619,0.159443405930566
cg17977470,WRAP53,EWAS-specific,0.200780662343672,0.326483346856037
cg18535283,RPL5P34,EWAS-specific,0.0824867585861977,0.202156282351842
cg18596043,SYT17,EWAS-specific,0.117160599150792,0.114705978312367
cg18856478,MPL,EWAS-specific,0.0242783950513863,0.0500736455156306
cg18875357,C14orf79,EWAS-specific,0.151854749859611,0.197243418883072
cg19017293,UTS2R,EWAS-specific,0.208377020811251,0.92548918011152
cg19617161,AC005019.2,EWAS-specific,0.0002095955871428,0.0002106975799247
cg21117965,SLC4A3,EWAS-specific,0.058996832715395,0.236927962455605
cg21236153,KIAA1161,EWAS-specific,0.113065552283861,0.945544936299505
cg22165685,MTG1,EWAS-specific,0.0968451599951962,0.12215533818936
cg22331200,HSF5,EWAS-specific,0.0120608190892636,0.0112667387788105
cg22660933,HOXB9,EWAS-specific,0.0071778588603646,0.0345799651232208
cg23450038,SF3A2,EWAS-specific,0.0802351027832141,0.0944285971036905
cg23865240,HOTTIP,EWAS-specific,0.0035009891622398,0.0491198188716708
cg24040595,EVX1-AS,EWAS-specific,0.0011836246998542,0.0048000630624834
cg24040595,HOTTIP,EWAS-specific,0.0021993449601931,0.0121203933164945
cg24040595,HOXA-AS3,EWAS-specific,4.57769118589393e-05,0.0002658713829143
cg24040595,HOXA4,EWAS-specific,0.0145230275764326,0.0701352192317158
cg24040595,HOXA6,EWAS-specific,0.0001547756954354,0.000628828931684
cg25010124,AP003068.23,EWAS-specific,0.225809911826358,0.257039928125365
cg25153759,VENTX,EWAS-specific,0.090318596592924,0.239550240736522
cg25382900,TNFRSF1B,EWAS-specific,0.119446985935145,0.136537276107009
cg25415932,MTMR14,EWAS-specific,0.0657902725732231,0.134071443332322
cg25686087,SNRPD2,EWAS-specific,0.097521912432346,0.422823455628932
cg25967031,HOXA-AS2,EWAS-specific,0.0047935418482371,0.0616638228765167
cg26088629,MCF2L,EWAS-specific,0.0987162982939197,0.155746805811626
cg26619671,SPG7,EWAS-specific,0.115769687535877,0.107219430807297
cg27257453,RP11-483P21.6,EWAS-specific,0.0007402806057604,0.0028664358919737
cg27459529,WDFY4,EWAS-specific,0.082462212605793,0.0821389835589008
cg00025044,OGDHL,Common,0.147581995667104,0.246200880251366
cg00035969,C1orf162,Common,0.533268101151353,1.5108591565283
cg00035969,FAM212B-AS1,Common,0.132300446412216,0.369870147914314
cg00035969,WDR77,Common,0.158528583456111,0.447727197642751
cg00057966,MIR142,Common,0.214682129670074,0.255402678600022
cg00057966,MTMR4,Common,0.0771210913226066,0.0933492607836046
cg00057966,SUPT4H1,Common,0.073082371640205,0.0860221222958756
cg00064020,CHRD,Common,0.225216270333639,1.13274709989058
cg00064020,CLCN2,Common,0.171541164159616,1.07808204956006
cg00087884,KLHL21,Common,0.2099942759344,0.240403235350393
cg00091064,RP11-328M4.3,Common,0.0001335407530841,0.0018521548978148
cg00091064,TREM2,Common,0.333778526564917,2.68630556402115
cg00091064,TREML4,Common,0.0386539075633458,0.315909117782393
cg00101457,RP11-397O4.1,Common,0.501096813356794,1.78264286826344
cg00106345,HOTTIP,Common,0.0026713718090874,0.0065956903206881
cg00106345,HOXA6,Common,0.0001437146083876,0.0003579553225618
cg00118783,RP11-616M22.1,Common,0.0350794023377638,0.0944276569214723
cg00118783,RP11-616M22.3,Common,0.0975438951117626,1.47692701282458
cg00142036,BEND7,Common,0.0744427907829858,0.131798760354558
cg00147172,RP6-109B7.4,Common,0.0538160027036467,0.240287372990636
cg00147172,TTC38,Common,0.0810216097174066,0.377290811239271
cg00153919,PIEZO1,Common,0.245687908884747,0.252489397971988
cg00153919,RP11-830F9.7,Common,0.0814050494597233,0.0850516990732954
cg00156001,RP5-983L19.2,Common,0.0094383352781732,0.0108993921718526
cg00162806,MTG1,Common,0.20752432206557,1.00468072364648
cg00162806,VENTX,Common,0.211060934712808,0.974298421194751
cg00166216,AC090505.4,Common,0.0012256758277664,0.0029501979237878
cg00171729,GSTA2,Common,0.0125025640520686,0.0530389968193387
cg00206233,AP001627.1,Common,0.041287939575421,0.0467725795749661
cg00206233,TMPRSS3,Common,0.176617920105675,0.199060074944678
cg00235484,MAP7,Common,0.0652011628913299,0.0697230254362412
cg00240653,NEUROD4,Common,0.0037624991786011,0.0071563446516266
cg00268744,RP11-96D1.7,Common,0.0684457918001783,0.101416928599347
cg00287773,HBEGF,Common,0.140668877645101,0.502362800282465
cg00287773,PFDN1,Common,0.0777159529806404,0.267403276227402
cg00291213,RUNX1,Common,0.157826038911588,0.794663659014801
cg00291478,TXNP1,Common,0.0269469113337862,0.0399443280452165
cg00326231,CLDN5,Common,0.411164091631962,1.01584116116649
cg00326231,CLTCL1,Common,0.227752707128968,0.53926126683451
cg00332146,CDHR2,Common,0.148188680530137,0.180044133166246
cg00332146,KIAA1191,Common,0.14176630520266,0.174751680455663
cg00332146,RP11-843P14.1,Common,0.000352294778875,0.0004297332886157
cg00332146,RP11-844P9.3,Common,0.115419913031067,0.14048631700568
cg00340349,RP11-203J24.8,Common,0.0248465738845151,0.0356813701273729
cg00423364,DRD4,Common,0.291149465307312,1.06281956058469
cg00423364,PIDD,Common,0.239667972380732,1.50978835371784
cg00424169,LINC00398,Common,0.142491888839498,1.26535315405095
cg00439384,ADCY5,Common,0.0759851605441495,0.456324381971045
cg00452882,NRN1L,Common,0.0937664650218819,1.05427703542677
cg00453717,POLD3,Common,0.0662665162712959,0.126333841128741
cg00453717,RP11-702H23.6,Common,0.0002040761282482,0.0003759672950796
cg00477302,RP11-306G20.1,Common,0.0123304678993695,0.015936702435143
cg00488091,STX11,Common,0.199570476875469,0.234877870941152
cg00488091,UTRN,Common,0.269713470653275,0.332030416035021
cg00495443,IL17RA,Common,0.0826671435808066,0.128313817395509
cg00501467,RP1-257A7.4,Common,0.128728067566023,0.214997214258596
cg00502254,TNFRSF1B,Common,0.326726994321295,0.333606269397402
cg00509451,AP001187.1,Common,0.0319283214279111,0.035656101302024
cg00509451,MIR194-2,Common,0.0231602300097067,0.0257136038475157
cg00510320,NUTF2,Common,0.038746509436393,0.12176150577334
cg00513941,CD79A,Common,0.0664832953608263,0.0755668581993482
cg00513941,CEACAM3,Common,0.0378122840443017,0.244158766350063
cg00524443,RPL9P28,Common,8.39477057948e-05,0.0002577488539963
cg00534022,AC011747.7,Common,0.179537792592888,0.222322107177683
cg00555456,ACN9,Common,0.160039690538561,0.195606741456684
cg00562553,HOXA3,Common,0.0138662024025743,0.396654049352223
cg00562553,SKAP2,Common,0.151541821202952,2.83294413841127
cg00574740,RP11-173B14.5,Common,0.1812317158431,0.691816313321808
cg00575665,MAFB,Common,0.295641809803734,0.465715887114118
cg00582562,HOXB-AS1,Common,0.092222439197782,0.301363125438297
cg00582562,SKAP1,Common,0.163849671869223,0.446375684669556
cg00588297,C2orf81,Common,0.284478889945071,0.365806789202649
cg00588297,LBX2,Common,0.0452730298700428,0.05594416356721
cg00588297,LOXL3,Common,0.221066827350187,0.328385399899316
cg00588297,M1AP,Common,0.175566338932622,0.283131476090541
cg00588297,MOGS,Common,0.191192871135173,0.236508353566867
cg00588297,SEMA4F,Common,0.281915362804975,0.383325233688415
cg00591868,NDUFA13,Common,0.0911606223591292,0.0672355191387208
cg00593607,EEA1,Common,0.081259246310705,0.0918536048561776
cg00621289,YBEY,Common,0.213061757074453,0.237400688477351
cg00675737,RP1-168P16.2,Common,0.213303870421964,1.25927499355927
cg00677334,CDH1,Common,0.193561718873189,0.428249984370726
cg00677334,RP11-354M1.2,Common,0.0004811425553976,0.0010380616267146
cg00679184,MLH3,Common,0.271522733264229,1.3882160283785
cg00682096,HOXB7,Common,0.0105439083606871,0.0356058472548881
cg00682096,SKAP1,Common,0.110253487902929,0.43656623910433
cg00754357,RN7SL62P,Common,0.0035913326168277,0.0546593015686098
cg00757207,EFNB3,Common,0.142620551096564,0.300658453298429
cg00757207,NLGN2,Common,0.14454170507866,0.278869457680912
cg00757207,SAT2,Common,0.108859254858108,0.140481644225273
cg00757207,SENP3,Common,0.130314755678515,0.245526214817534
cg00757207,SENP3-EIF4A1,Common,0.0444736193453027,0.0965692468621309
cg00757207,SNORA67,Common,0.161497449687405,0.355246445019086
cg00757207,WRAP53,Common,0.183949134051227,0.340445713000171
cg00757207,ZBTB4,Common,0.0812793081475721,0.148463322471666
cg00759427,OPRL1,Common,0.184238838821578,0.279439286168712
cg00759427,TPD52L2,Common,0.0907925554227363,0.138464535259465
cg00767496,CTD-2651B20.3,Common,0.206539054563116,0.66586547520432
cg00767496,SPATA5L1,Common,0.104466826318882,0.332516327047321
cg00769161,RP11-620J15.3,Common,0.0647594980478923,0.388744824382062
cg00769161,TSFM,Common,0.0566576770502984,0.303003702141451
cg00769161,TSPAN31,Common,0.0612332682840319,0.357797306430114
cg00792107,FBRSL1,Common,0.164270458643522,0.227471615763173
cg00792107,PGAM5,Common,0.203138439644165,0.283437841543715
cg00792107,RP11-503G7.2,Common,0.0001480777247227,0.0002160362503957
cg00816609,HDAC11,Common,0.0995146126922046,0.152000263844306
cg00816609,NUP210,Common,0.10054072334559,0.154970031770206
cg00828556,AC092933.4,Common,0.0221762704836033,0.0245945560752584
cg00835857,EXOSC4,Common,0.108957954228331,0.200201867689361
cg00835857,KIAA1875,Common,0.209187562584464,0.394714122503392
cg00835857,SPATC1,Common,0.0217352850967105,0.0385124298691
cg00839584,AC079922.2,Common,0.308145175222257,6.37621127536836
cg00851518,TMEM222,Common,0.0571316828098414,0.123081719421272
cg00908571,CKAP2L,Common,0.069229514993982,0.545713844210791
cg00965578,APOL2,Common,0.147330044830054,19412820975.6298
cg00965578,APOL3,Common,0.226382894779533,18581631946.0728
cg00965578,APOL4,Common,0.400245439622973,46047813214.7177
cg00975624,SCHIP1,Common,0.192512336970992,21229808001.7674
cg00990350,CCDC147-AS1,Common,0.225902105240142,0.433410547186358
cg00990350,ITPRIP,Common,0.229635954988319,0.473346236210001
cg00990350,SFR1,Common,0.194975398472119,0.363878209700147
cg00990385,OAS3,Common,0.193033820782583,0.427352486376236
cg01008405,ECSCR,Common,0.722852671407592,3.15833121795851
cg01008405,PSD2,Common,0.50350690328188,2.15722154162512
cg01037082,RP1-231P7P.1,Common,0.0002940645645989,0.0003763037278304
cg01062942,EPHX3,Common,0.0194849672615004,0.0365454595414908
cg01080902,CADM4,Common,0.0723709708877451,0.171368322949005
cg01080902,KCNN4,Common,0.176032503141448,0.420942597461875
cg01108243,CTSZ,Common,0.108086552872319,0.118020585137945
cg01139039,CDK5,Common,0.0873846066639315,0.185261497625738
cg01139861,ZPBP,Common,0.0166232340259347,0.111605523907054
cg01147055,CDC16,Common,0.0577175728935489,0.0774018093897338
cg01163340,RP11-143E21.6,Common,0.034580648934437,0.0359294637616369
cg01174743,LDHAL6FP,Common,0.0244760988578238,0.0612210857303997
cg01175550,HOXA10,Common,0.0185552850427901,0.0670174152919887
cg01175550,HOXA2,Common,0.002546660847358,0.0099946934394214
cg01215742,RP11-161M6.2,Common,0.130933666191129,0.238184185145768
cg01217984,HOXA6,Common,0.0002062089393208,0.0027789817317309
cg01240931,AC008536.1,Common,0.0007961239338511,0.0020237000382462
cg01240931,SRP19,Common,0.102510906870892,0.238698931277104
cg01269795,BTN2A2,Common,0.231882842442838,0.944492904596201
cg01269795,BTN3A1,Common,0.214226769130711,0.881865587851591
cg01269795,BTN3A2,Common,0.388284608924537,1.5232168416696
cg01269795,RP1-34B20.4,Common,0.120830504052643,0.459381755457529
cg01278291,CTD-2301A4.3,Common,0.162757997322009,0.184303979039738
cg01278291,RGS14,Common,0.364884149502479,0.409258684849666
cg01291088,GFOD2,Common,0.0650093938713879,0.260437010606215
cg01291088,NUTF2,Common,0.0381691473888916,0.153330395810255
cg01301319,HOXA7,Common,0.0229330847161988,0.250174114444837
cg01317029,EIF2B5-AS1,Common,0.0482753594499929,0.228647359956335
cg01323381,RPL7AP38,Common,0.0001012594174666,0.0016202953993854
cg01326048,RP11-61F12.1,Common,0.0102922930501896,0.0165183037068173
cg01353646,DCTN2,Common,0.0566873930053231,0.192213641636451
cg01353646,TSPAN31,Common,0.0881224183042952,0.303094170966704
cg01353646,XRCC6BP1,Common,0.092594144460682,0.313476927046427
cg01370449,HOXA-AS3,Common,5.12006082392324e-05,0.0003705153283773
cg01370449,HOXA10-AS,Common,0.0013993293062349,0.0105007084115721
cg01382502,PDZD9,Common,0.0118046229688282,0.0118142973540359
cg01408486,CTB-35F21.1,Common,0.0625759830272888,0.518268673184812
cg01408486,DNAJC18,Common,0.131332591102561,1.10217367339354
cg01416295,BCAN,Common,0.113787493400835,0.467816476678145
cg01419713,AP3M2,Common,0.0793659748199159,0.951362736132025
cg01431057,S100A12,Common,0.47375600524558,0.697530064582423
cg01431057,S100A13,Common,0.249899721291181,0.352196654046006
cg01431057,S100A8,Common,0.965814282513058,1.30275714952407
cg01431057,S100A9,Common,0.881955212009545,1.16761328911624
cg01439383,BRAT1,Common,0.248820327656388,0.90438653561338
cg01439383,TTYH3,Common,0.251435854624792,0.915222229268309
cg01463828,BIN3,Common,0.0705450646748826,0.157805556807146
cg01463828,C8orf58,Common,0.0707942891718731,0.169514255081191
cg01463828,RP11-582J16.3,Common,0.0021772045556704,0.0045645950353201
cg01463828,RP11-582J16.5,Common,0.124029296659703,0.316141251237302
cg01476222,COMMD9,Common,0.121456018355053,16878796102.1008
cg01478234,PRDM4,Common,0.0899293057803336,0.39663300898886
cg01496136,COQ9,Common,0.122197394330796,0.14014914612476
cg01496136,FAM192A,Common,0.130173108049164,0.161941077330808
cg01526089,P2RX1,Common,0.0941115202941884,0.137089592610563
cg01539849,MADD,Common,0.101510075708564,1.29448822298217
cg01539849,SPI1,Common,0.151884068264742,2.28268847663757
cg01564661,IGHG2,Common,0.306833087541844,0.282815394427733
cg01564661,IGHGP,Common,0.0319353041220422,0.676028470951595
cg01564661,PACS2,Common,0.158309446984414,1.25961206901991
cg01565774,OLA1P3,Common,0.0271422241353524,0.131352617228748
cg01565774,PA2G4,Common,0.123935132906339,0.641379917015765
cg01565774,RP11-603J24.4,Common,0.0215992901571882,0.108235258110975
cg01571001,RAB7A,Common,0.0696464614090561,0.3999377699472
cg01574390,OTOA,Common,0.174023112465347,1.2855673617356
cg01590338,U3,Common,0.0793093113847714,0.0678906594035451
cg01604883,CD74,Common,0.226937812275005,0.430808992922059
cg01642550,CBFA2T3,Common,0.0969406863087284,0.114911147705037
cg01642550,PABPN1L,Common,0.091073716327605,0.105421710672293
cg01652190,C22orf34,Common,0.169226994009571,0.372807662412596
cg01652190,RP1-29C18.8,Common,0.0843837290207609,0.187784628677172
cg01652190,RP1-29C18.9,Common,0.0314563898073486,0.0689150815251601
cg01657186,KDM5A,Common,0.145313539752903,0.388845598618448
cg01666652,CTD-2555K7.2,Common,0.0984222311352453,0.112763905619268
cg01688936,PRR14,Common,0.162531614341347,0.211692931178979
cg01698392,USP36,Common,0.084250377510744,0.093271724799501
cg01702055,TBC1D7,Common,0.261778743542177,1.36832505776395
cg01731500,HEXDC,Common,0.181995067822293,0.16918899804457
cg01731500,STRA13,Common,0.117015469111894,0.108607332525972
cg01739831,DEF8,Common,0.0621359687586321,0.0736897907450598
cg01753263,KLF3P1,Common,0.0688744939484396,0.112397012029271
cg01817364,ZNF131,Common,0.0754942641562525,0.152506822723874
cg01856384,TREM2,Common,0.204663488696127,3.06131439388091
cg01856529,ITGA5,Common,0.14221527185067,0.243820350987233
cg01870657,ALG11,Common,0.154113500220219,0.263207672905115
cg01876130,ARID5A,Common,0.236646387199697,0.72718082122614
cg01877450,LMTK2,Common,0.23332589766786,0.344366943298757
cg01877450,TECPR1,Common,0.219246804416135,0.342557416006282
cg01891818,HID1,Common,0.0818652625417842,0.116613147122633
cg01941881,MTA1,Common,0.0900507989269889,0.108590142202027
cg01951274,MIR142,Common,0.347499573163183,0.469187992213442
cg01951274,MTMR4,Common,0.110708950668131,0.151773607955231
cg01964852,HOXA6,Common,0.0001317135976302,0.0087892535312748
cg01966665,PIP5K1A,Common,0.0703017132385616,0.436603393270146
cg01966665,RP11-316M1.12,Common,0.0414394625184533,0.263831838392852
cg01973695,KCNJ5,Common,0.06596076619454,0.426276847174014
cg01978937,NOP56,Common,0.146341683946813,0.153323548929663
cg01978937,TMEM239,Common,0.0010743158036395,0.0011970782728147
cg02000253,IER2,Common,0.232314668662625,0.748055251228009
cg02000253,JUNB,Common,0.443959286391405,1.38356262191581
cg02000253,RAD23A,Common,0.100127664891597,0.309902242494693
cg02004337,RP3-399L15.3,Common,0.121547437699064,0.507974730972677
cg02023973,AL031721.1,Common,0.0043166188007933,0.0061783022087259
cg02023973,HN1L,Common,0.0960178955832703,0.136746024731522
cg02023973,TPSAB1,Common,0.127925052792965,0.184034818846488
cg02026204,AC004832.1,Common,0.0444075196162296,0.0669695622634571
cg02026204,RP4-539M6.14,Common,0.002831599796534,0.00556045405835
cg02026204,TBC1D10A,Common,0.09832799241022,0.166021603544218
cg02026306,FCGRT,Common,0.148917433912392,0.948942198865528
cg02026306,MED25,Common,0.0729435462158062,0.4734976995815
cg02026306,NUP62,Common,0.067609605982575,0.416841545388449
cg02028339,RP11-624M8.1,Common,0.284383284868838,0.47878204180019
cg02066343,LINC00336,Common,0.0434056262342218,0.0496954039602408
cg02073304,TMEM54,Common,0.133762257178761,0.1831948463097
cg02075410,LRBA,Common,0.0874336561400017,0.175090134051739
cg02075410,MAB21L2,Common,0.0306324998262071,0.0672208211507118
cg02106682,HOXA10-AS,Common,0.0017505849675975,0.0067691669403841
cg02110830,RPS6KL1,Common,0.128098583199884,0.140281362469181
cg02124912,PTPN7,Common,0.100430755069017,0.239544041939464
cg02142483,TLDC1,Common,0.0540027935252148,0.104212264873236
cg02143404,COX4I1,Common,0.0775334112741831,0.190191376894929
cg02152034,EMID1,Common,0.122604494222456,0.238704911165396
cg02152034,RNU6-1219P,Common,0.0007785263120684,0.0014277532767206
cg02153814,GP5,Common,0.021434295849873,0.0510646504296791
cg02156769,LCN12,Common,0.337752671647874,3.21515549503666
cg02156769,LCNL1,Common,0.338405488745988,2.44439949489529
cg02156769,MAMDC4,Common,0.180326078902243,1.53038689628565
cg02156769,NPDC1,Common,0.141505535885311,1.22192389411193
cg02156769,SNHG7,Common,0.314163975558379,1.77850949067046
cg02156769,TMEM210,Common,0.055788598507895,0.444590820709099
cg02182476,CTB-133G6.1,Common,0.0135223448797481,0.0173988486150728
cg02189760,CD37,Common,0.15080048845395,0.355694839060632
cg02207686,VENTX,Common,0.121214323320342,0.260238310067336
cg02216731,AL022341.1,Common,0.0968770044331971,0.226503616315187
cg02216731,C16orf13,Common,0.0916989981201398,0.180615498824692
cg02216731,LA16c-313D11.12,Common,0.068599538285969,0.15470549318849
cg02225599,HOTTIP,Common,0.0024690983104318,0.0158546343304605
cg02226192,SPG7,Common,0.0794423100718187,0.102892443476666
cg02231404,LINC00176,Common,0.0651435891567926,0.227383132320682
cg02231404,MIR941-2,Common,0.167482723536175,0.587006741402492
cg02244028,CSRNP1,Common,0.187562324614685,0.210149448671541
cg02244175,C5orf27,Common,0.140863976432834,0.260700717945456
cg02258534,TRPM5,Common,0.0134211927801847,0.0148012229673347
cg02266731,AC124890.1,Common,0.14672914131476,9098178718.37836
cg02266731,MDM2,Common,0.121860736397244,17174155656.9336
cg02266731,RP11-611O2.5,Common,0.0725316709535899,14135546444.6267
cg02268192,RIN3,Common,0.128969109848723,0.172607102793557
cg02283487,RPPH1,Common,0.110496620041749,0.141935704484423
cg02284273,FRMD4A,Common,0.104155598145903,0.86042438474197
cg02293044,RNU6-1219P,Common,0.0012017559816861,0.0026996907488575
cg02297801,RP1-140A9.1,Common,0.312999283579042,1.04195608701024
cg02308560,AZU1,Common,0.106095695131753,0.235856961388464
cg02308560,C19orf26,Common,0.121442680937421,0.268494287284103
cg02308560,CIRBP-AS1,Common,0.0400351594858361,0.102024534398061
cg02308560,EFNA2,Common,0.0607204658206792,0.147710235529336
cg02308560,HMHA1,Common,0.136192139737431,0.355946055078536
cg02308560,MUM1,Common,0.0704368575666916,0.177900718462893
cg02317313,TMEM120B,Common,0.0747839219019768,0.124443552924776
cg02324432,RP11-366M4.12,Common,0.0295890304777233,0.0687497631309806
cg02329038,HOXB7,Common,0.0189590607061842,1.37554569573558
cg02349866,RP11-617F23.1,Common,0.199636804476074,0.25963549476105
cg02349866,RPL36AP43,Common,0.139410948376139,0.175837746007314
cg02349866,ZNF710,Common,0.179554296180457,0.230182724237768
cg02435538,RHBDD2,Common,0.0895010922952583,0.09659796697246
cg02435538,RPL7L1P3,Common,0.0985933244724199,0.106138801396514
cg02459543,TMEM67,Common,0.129094812822567,0.203728702480594
cg02481950,CTB-31N19.2,Common,0.0150117486751337,2986777167.38853
cg02481950,CTD-2547E10.2,Common,0.39240326486596,27235229488.1771
cg02489552,EMR2,Common,0.18995129275123,1.26254667430777
cg02497428,OTOA,Common,0.127315578795955,0.179271237369519
cg02497428,SLC7A5P2,Common,0.278262136038543,0.393444545015506
cg02506717,CREB5,Common,0.156457685534243,0.275490465601683
cg02512168,RP11-473M20.11,Common,0.0934036486611303,0.18098472580858
cg02538681,LIPF,Common,0.0183928806487258,0.0625392874517114
cg02573234,DPF2,Common,0.129548789015474,0.160622626571338
cg02583525,DRC1,Common,0.128330694245222,0.23078153069618
cg02583525,GAREML,Common,0.328939906089824,0.59868932726336
cg02627455,HOXA10,Common,0.0253234908970433,0.17788736536448
cg02637537,RP11-582J16.5,Common,0.138273406775889,0.379425786113279
cg02645368,GPR123,Common,0.0966089325814632,0.14971137616062
cg02645368,RP11-108K14.8,Common,0.091018025151917,0.141136067830159
cg02645368,VENTX,Common,0.149792010578517,0.233036905981431
cg02649613,AC105206.1,Common,0.0582145115411571,0.121418074060501
cg02649698,RP11-517P14.2,Common,0.12633419984998,0.166532955796278
cg02649698,U3,Common,0.0459378643300424,0.0583787504852501
cg02659854,NUS1P3,Common,0.0151892295651614,0.0190459620679676
cg02659854,SPATA13,Common,0.135993527119462,0.167584100067411
cg02676175,EIF5A,Common,0.0828244667606168,0.148906782521406
cg02676175,GABARAP,Common,0.0522396102601466,0.0942162288508328
cg02676175,NEURL4,Common,0.0746000748304459,0.132267540853349
cg02676175,TMEM95,Common,0.0152664990551683,0.0271834305582219
cg02680086,RP11-872D17.4,Common,0.0705087009782771,0.136039497217757
cg02691192,TBX4,Common,0.0124418341671449,0.0167671730753132
cg02693607,HOXA7,Common,0.0108844035911757,0.0302583822272722
cg02707071,HOTAIRM1,Common,0.105985199912362,0.207398913450022
cg02742969,CTC-308K20.2,Common,0.0586535647401616,0.474063380062889
cg02760962,PAMR1,Common,0.167005756147212,0.405085559917225
cg02776498,ARHGEF17,Common,0.152744017202046,0.9662204991157
cg02794695,SLA,Common,0.18533894239857,0.260355741017135
cg02797539,CD300E,Common,0.0523290522517363,0.0692630319684171
cg02797539,CD300LF,Common,0.0742332020843887,0.0990456403257986
cg02798280,RNU6-140P,Common,0.0002211626231165,0.0011100544607723
cg02803819,HOTTIP,Common,0.0024939462369139,0.0419249661088126
cg02803819,HOXA6,Common,0.0001643205000247,0.002747829139134
cg02847588,PARK7,Common,0.114692416827742,0.147172511784468
cg02855203,EML3,Common,0.152083018084262,0.157980030617974
cg02855203,MTA2,Common,0.0621537267258317,0.0646207931974492
cg02855203,SNHG1,Common,0.11649626824311,0.120772266138302
cg02861056,AC130709.1,Common,0.0584452311701879,0.0836734894655605
cg02873421,AC090627.1,Common,0.0266303640815758,0.236853915105232
cg02873421,CTD-2377D24.6,Common,0.0048407594714977,0.0448873823798427
cg02879960,CRELD2,Common,0.109971815689622,0.155831798310764
cg02903680,SLC28A1,Common,0.0085108816356455,0.0149641244833659
cg02905865,BRSK1,Common,0.0733371849430025,0.0737484064775232
cg02905865,CCDC106,Common,0.0565352802070683,0.0568019574222682
cg02905865,SSC5D,Common,0.0636191001872358,0.063956919388753
cg02905865,ZNF579,Common,0.0713144431500031,0.0716405442830074
cg02905865,ZNF865,Common,0.0559403545907737,0.0562155581179642
cg02916332,HOXA3,Common,0.0188465029076039,0.446677045705152
cg02947253,C1orf162,Common,0.21157250957027,0.315884476096505
cg02947253,FAM212B-AS1,Common,0.101250263701974,0.149444434006078
cg02961934,NUB1,Common,0.0517723943335576,0.132470409907187
cg02961934,SLC4A2,Common,0.158300569174292,0.430724308089049
cg02961934,WDR86,Common,0.167754898279989,0.472272122802281
cg02973057,PIK3IP1,Common,0.166572115042819,0.28181560539163
cg02993991,SHD,Common,0.109021924822451,0.159985127855526
cg02997851,CRYBG3,Common,0.243176896881081,0.969856946032479
cg02997851,EPHA6,Common,0.0840640978480912,0.351955075671163
cg02997851,RP11-389G6.3,Common,0.144175556579057,0.587790959934065
cg03009240,AC004637.1,Common,0.0049721104010528,0.0240075693566336
cg03013070,SLC35G1,Common,0.14314707452341,0.666706021126127
cg03019986,CTD-2377D24.6,Common,0.0017800339580041,0.0123730593316987
cg03054277,FAM96AP2,Common,0.0023950852768885,0.0077984068477308
cg03054277,HIST3H2A,Common,0.180724253370161,0.593232637350948
cg03066323,GATS,Common,0.343362189983517,0.437939163942157
cg03066323,PILRA,Common,0.310007569012521,0.400125457646681
cg03066323,STAG3,Common,0.118877332348198,0.157492855210617
cg03068030,RP6-109B7.4,Common,0.0595642567250541,0.0785466878707254
cg03089651,ARHGAP30,Common,0.150858321673208,0.193561763626568
cg03089651,LY9,Common,0.0306316162688312,0.0338922476549367
cg03089651,TSTD1,Common,0.259087787529136,0.372977145805466
cg03138928,LEFTY1,Common,0.200097846927084,0.837320735574726
cg03138928,RP4-559A3.7,Common,0.181191706030321,0.882746957946201
cg03169557,AC137932.5,Common,0.0903541841661908,0.0692835308765243
cg03169557,FANCA,Common,0.0570037940029649,0.0477133889877327
cg03169557,SPG7,Common,0.040692328027717,0.0332556592348272
cg03169557,VPS9D1,Common,0.0337018469215323,0.0274121252114484
cg03171924,CLIC4,Common,0.290657233139937,1.8980189839988
cg03171924,RUNX3,Common,0.103290605898065,0.631146209350383
cg03176993,LPP,Common,0.0750739561863928,0.476726965969996
cg03187795,EARS2,Common,0.168264598975012,0.298759933342123
cg03193328,snoU13,Common,0.0003767619059035,0.0011809152543626
cg03217337,E2F1,Common,0.151095465699568,0.197004431317824
cg03218479,C8orf17,Common,0.0013002283720501,0.0017011464665606
cg03233876,AC006273.5,Common,0.0296522554918631,0.208461673224492
cg03257743,RP11-345J13.1,Common,4.21632802480153e-05,8.50384846744602e-05
cg03263730,PARK7,Common,0.102519500141949,0.118265256275675
cg03266686,MSH2,Common,0.223923578559343,0.526856469798384
cg03270332,APOC1,Common,0.406612068632113,0.955507990886601
cg03270332,GEMIN7,Common,0.156710253994181,0.377423606735117
cg03270332,PVRL2,Common,0.155443442010954,0.372054776354507
cg03270332,RELB,Common,0.253496226950452,0.628407136236162
cg03270332,TRAPPC6A,Common,0.146245340385633,0.344348953088209
cg03301498,ZFP36,Common,0.484168984017374,0.658179770953538
cg03308399,HOTTIP,Common,0.0022047111311146,0.0282176533380517
cg03308399,HOXA6,Common,0.0001900507432772,0.0027765571872318
cg03331474,HOTAIRM1,Common,0.0843263979537014,0.516024869101589
cg03338903,TMEM151B,Common,0.0778225783386858,0.450274003737725
cg03339817,AC006011.4,Common,0.171329177770937,0.179460335206625
cg03339817,POLR2D,Common,0.0957406653249226,0.103691389876846
cg03363289,RP11-542K23.7,Common,0.0400395731513249,0.113359822113677
cg03389133,Z82188.1,Common,0.609567433741019,3.7255464041897
cg03398002,KAZN,Common,0.0867426457242496,0.22587827418253
cg03412618,TTC38,Common,0.221315504518713,2.7870646442007
cg03484180,AC099668.5,Common,0.154912317442292,0.287304100374656
cg03484180,CDHR4,Common,0.0597622780976936,0.114466062258859
cg03484180,RN7SL217P,Common,0.129319580441897,0.251559070808366
cg03484180,RP11-493K19.3,Common,0.0105126467218564,0.0218660607982098
cg03494429,CCND2-AS2,Common,0.0525581001604151,0.109733939197743
cg03494634,OR7H1P,Common,0.0908768748138747,0.796069076286607
cg03522107,ARHGEF19,Common,0.184693942029372,0.507791540103051
cg03536885,HOTAIRM1,Common,0.0777392731110876,0.569590207570625
cg03536885,HOXA7,Common,0.0210451009442711,0.149913596127877
cg03547924,EDEM2,Common,0.0555591966841125,0.0993679416208817
cg03547924,EIF6,Common,0.045492412118393,0.0864832018585302
cg03577139,CCDC149,Common,0.104173744917972,0.314968745017168
cg03591753,RP3-510O8.3,Common,0.0004334098463151,0.0026566387081221
cg03598731,MIR5194,Common,0.036461501630593,0.141641914385032
cg03630596,EDF1,Common,0.108958013810385,0.105294175223022
cg03630596,RP11-229P13.15,Common,0.103296566226176,0.0993632104935359
cg03650946,EVX1,Common,0.0229515214668377,0.0845879813622614
cg03677069,AGAP11,Common,0.181694794867874,0.498581063483816
cg03724423,HOXA9,Common,0.0230445660217476,0.0855777656289053
cg03731131,KCNN4,Common,0.532731225507799,7.11563722181224
cg03731131,RP11-15A1.2,Common,0.0927364000816988,0.837529959738702
cg03731131,RP11-15A1.3,Common,0.332777200584087,4.84417255432584
cg03731131,ZNF230,Common,0.109296745516633,0.657060578875765
cg03731131,ZNF404,Common,0.424107907597737,4.97634841778836
cg03736235,EFNA2,Common,0.0723917842308203,0.40323473687463
cg03744842,AC004854.5,Common,0.167679372613889,0.175880944483031
cg03744842,MYO1G,Common,0.202859454661993,0.212020948218008
cg03744842,NACAD,Common,0.116088544350847,0.121320987692122
cg03744842,RP4-647J21.1,Common,0.0385781154023618,0.0404286231688495
cg03744842,SNHG15,Common,0.129671871079069,0.136806971323586
cg03745491,TNFSF14,Common,0.230317465594155,0.739855058986688
cg03746834,RP11-181B11.1,Common,0.19693933253104,0.254878268089241
cg03750567,RP1-159A19.4,Common,0.0784345490153219,0.3238913316624
cg03750567,TMEM222,Common,0.0596716812880338,0.200434629316151
cg03750587,PITHD1,Common,0.0549815967983706,0.0612139000674226
cg03750587,RP11-293P20.2,Common,0.000111052526257,0.0001161181933373
cg03750587,TCEB3,Common,0.0419236357500433,0.0453489521961274
cg03753942,AC022182.2,Common,0.0133939506900857,0.027082605919127
cg03763508,HOTAIRM1,Common,0.0633364853772369,0.297563358384161
cg03765423,HES1,Common,0.241811585497487,0.482773950409012
cg03775372,FRMD4A,Common,0.127333119921371,0.392920392026949
cg03776506,PHKG2,Common,0.0368155335519628,0.0413352696886103
cg03776506,ZNF629,Common,0.0428215476682546,0.0500530061082577
cg03801286,AP000320.6,Common,0.0714061829178423,0.096256909765278
cg03801286,KCNE1,Common,0.0672014189438801,0.0870245775155802
cg03806095,RAB11FIP1,Common,0.0690355160815794,0.155901470748626
cg03808007,RP11-212E8.1,Common,0.0571426575032739,0.442898530232935
cg03808007,ZNF830,Common,0.122376718014799,0.165610574551046
cg03867003,ESAM,Common,0.132810691492881,0.137313127472021
cg03871267,CTC-537E7.3,Common,0.147208453470854,1.01341744478413
cg03908904,AC104532.2,Common,0.206405501054034,0.27554236956119
cg03950000,CD48,Common,0.157343093182911,0.227076931574438
cg03950000,SLAMF7,Common,0.102902800227554,0.147921861798584
cg03962019,RP11-399E6.4,Common,0.111617753098858,0.626945443683136
cg03969996,CCDC8,Common,0.0982581911515008,0.263157097886617
cg03984375,PPARA,Common,0.137507623551865,0.24902607724044
cg04006327,ATG16L2,Common,0.0719018575696763,0.315630777360205
cg04026354,HNRNPA1P16,Common,0.167286314663953,1.12466565088487
cg04027736,HOTAIRM1,Common,0.0477785784376538,0.184635000187063
cg04027736,HOTTIP,Common,0.0019821880674616,0.0076003654541408
cg04027736,HOXA6,Common,0.0001233080335664,0.0004670555725712
cg04027736,HOXA9,Common,0.0226365853750777,0.0837981248701499
cg04055490,ALOXE3,Common,0.113494608941251,0.218716266202131
cg04055490,GUCY2D,Common,0.0503140464229041,0.0950686615865522
cg04055490,RP11-849F2.7,Common,0.054632208679347,0.107812318700013
cg04055490,SCARNA21,Common,0.05218687359929,0.103490440363428
cg04055490,VAMP2,Common,0.0896726699973877,0.176343304702069
cg04056774,C16orf87,Common,0.151161511759265,0.173128393719702
cg04058799,GALNTL5,Common,0.172050173981693,0.20652215708972
cg04078115,RNA5SP497,Common,0.0008593402665165,0.0008333718072595
cg04123310,RP11-4K3__A.5,Common,0.113445952249218,0.800816654964056
cg04129132,CCDC23,Common,0.127383499783322,0.191829499919004
cg04147621,AP001469.9,Common,0.0765070684841065,0.0876035137631502
cg04147621,MCM3AP,Common,0.0594490284643448,0.0654738277369654
cg04147621,YBEY,Common,0.248586622103619,0.289895029674535
cg04149015,FBXL19,Common,0.123104757760808,0.389933230279437
cg04157161,DNAH2,Common,0.0800412718568878,0.340173027010307
cg04157161,LSMD1,Common,0.094055500635597,0.465459672917021
cg04157161,RP11-599B13.3,Common,0.0091425057778833,0.0654264303763689
cg04169483,CCDC166,Common,0.0291232899677045,0.0445983070443381
cg04169483,SPATC1,Common,0.0117343184299397,0.0180597555192576
cg04173586,TMPRSS9,Common,0.0396570759062567,0.0591157493984606
cg04176122,DPAGT1,Common,0.158367348866991,0.301231334238785
cg04177826,CHKB-CPT1B,Common,0.118787745388826,0.388313134699666
cg04177826,CPT1B,Common,0.150813249628967,0.981152863197081
cg04177826,DENND6B,Common,0.0585405545578092,0.24042839987592
cg04177826,PPP6R2,Common,0.044834454777189,0.283575605197359
cg04193923,GSDMA,Common,0.0265545263285857,0.028920428181073
cg04193923,NR1D1,Common,0.297964795198982,0.326329269089324
cg04205412,C17orf67,Common,0.272797417645371,0.509647316205575
cg04213841,RAD17P2,Common,0.0228188767990207,0.0610445143111885
cg04213841,SETDB2,Common,0.0696648816574534,0.135958578649977
cg04221833,GLOD4,Common,0.0737214970470668,0.0763212066873499
cg04221833,RP11-411G7.2,Common,0.0485067205264256,0.0505865991726111
cg04221833,RP5-1029F21.2,Common,0.0004065420294349,0.0004211451393328
cg04250451,RP11-84D1.2,Common,0.0012048671853268,0.004992943893812
cg04264638,NMU,Common,0.140013216335143,0.302660580482439
cg04266202,DYNLL2,Common,0.106580088242235,0.0999462253618309
cg04266202,HSF5,Common,0.0092736826101407,0.0089814732062508
cg04266202,MIR142,Common,0.147530860086028,0.13747107553527
cg04329382,PPARA,Common,0.119722365059176,0.312600208726921
cg04340258,NFIC,Common,0.147278518767118,0.317051145970256
cg04341343,AC011747.4,Common,0.100078191934046,0.185852805275137
cg04347264,GPR123,Common,0.137559953803911,0.64546342920244
cg04347264,VENTX,Common,0.171847036035567,0.906632276715453
cg04351734,HOXA7,Common,0.0213644030717031,0.439427446836881
cg04358214,RN7SKP118,Common,0.0039788793342825,0.0218187216484457
cg04375683,ZNF610,Common,0.0543430537357232,0.0772108075468106
cg04383462,RP11-493K19.3,Common,0.0104752618370554,0.0223322519991574
cg04396711,FGD5-AS1,Common,0.120054804153946,0.154087240659609
cg04438074,C10orf107,Common,0.232085939626522,0.656093490256641
cg04453050,IQCF5,Common,0.0599034078966655,0.194363255262081
cg04499514,NECAP1,Common,0.11830296119231,0.451241663778587
cg04499514,SLC2A3,Common,0.138045848380862,0.535581661951057
cg04533276,AC000067.1,Common,0.112075154878342,0.135940861831736
cg04571163,PPP1R2P5,Common,0.0511986729408725,0.10435979354201
cg04577249,CTC-308K20.2,Common,0.0469796958598636,0.0512867696276195
cg04587220,ATP5D,Common,0.0740814824081625,0.294167364275225
cg04587220,GPX4,Common,0.0447435767514642,0.155632696066264
cg04602992,CD79B,Common,0.183766210731575,0.283597678229544
cg04602992,ICAM2,Common,0.322089707423446,0.517052908238603
cg04602992,SMARCD2,Common,0.161872003483817,0.26291298660265
cg04602992,STRADA,Common,0.111200378849547,0.179231478626848
cg04607372,PPAP2A,Common,0.286108591340774,2.03924588291499
cg04664342,ALOX15,Common,0.0944915860971476,0.0954556916378497
cg04664342,RP11-141J13.5,Common,0.024088813517641,0.0243498205360822
cg04665423,ADAM8,Common,0.102201718431222,0.146943544856134
cg04665423,GPR123,Common,0.0975561186147886,0.141154017035954
cg04665423,RP11-122K13.12,Common,0.195678941295066,0.288037417838884
cg04665423,UTF1,Common,0.0377863303532643,0.0544973134466315
cg04665423,VENTX,Common,0.0997350376383496,0.145677827089553
cg04686354,GGA3,Common,0.110243219580146,0.129639499248031
cg04778178,HOTTIP,Common,0.0039100690892785,0.0191887912954883
cg04778178,HOXA6,Common,0.0001815257014184,0.0009878027810415
cg04790154,AP000867.1,Common,0.0352357736436012,1111876213.7528
cg04790154,CTD-2313N18.5,Common,0.212373448779237,40794938396.9439
cg04790154,KRTAP5-8,Common,0.154971383839758,23527144110.9517
cg04790154,KRTAP5-9,Common,0.220610937791233,5998848369.92038
cg04790154,RP11-660L16.2,Common,0.407221361094194,48898405123.9342
cg04797885,RP11-10J21.3,Common,0.0018343830174722,0.0019922764835859
cg04815973,PML,Common,0.163600253497889,0.16964841622133
cg04856117,GP1BB,Common,0.357380911797468,1.00020385106788
cg04871472,snoU13,Common,0.259120838523303,0.30369502258003
cg04874795,FOXC2,Common,0.0853202289460092,0.0921876755360169
cg04881903,CAPG,Common,0.273695708349378,0.674774660829766
cg04881903,RNF181,Common,0.151927346760052,0.369931140762336
cg04886221,WASF2,Common,0.129128882291434,0.183222427522993
cg04889800,SLC25A34,Common,0.135965027399645,0.22627464730641
cg04904318,SKAP1,Common,0.0789172087474323,0.548545504090094
cg04913265,SPATA19,Common,0.0123897717086602,0.0328557830542405
cg04917446,TTLL6,Common,0.0875639598823669,2.95537634505594
cg04930596,NCOR2,Common,0.086944230579725,0.134234058007119
cg05037210,NOTUM,Common,0.106160463921615,0.251524371697341
cg05044173,CD4,Common,0.189103282017163,0.233090402535594
cg05044173,CHD4,Common,0.105144818805637,0.129211583069698
cg05044173,COPS7A,Common,0.224423488687305,0.271168846241516
cg05044173,PTPN6,Common,0.297616131133589,0.348806000153911
cg05044173,TPI1,Common,0.126344528198811,0.152013077997445
cg05046306,HOXB7,Common,0.0141803022287518,0.0451413950898022
cg05053327,CTD-3193K9.3,Common,0.0427363353482399,0.0718761112783129
cg05077231,RAD17P2,Common,0.0331474973550981,0.0964387265950503
cg05077231,SETDB2,Common,0.156168814980839,0.46843834541621
cg05085585,AC002310.7,Common,0.0216296809473384,0.0778269132281021
cg05085585,snoU13,Common,0.0003896576502894,0.0011062706739298
cg05142677,CYBA,Common,0.246232969880773,2.99932057150881
cg05142677,PIEZO1,Common,0.146135510695435,1.69166146778206
cg05142677,ZNF469,Common,0.0605225376054239,0.718825392361544
cg05157625,CHGA,Common,0.0919639021027635,0.173183631185493
cg05157625,GOLGA5,Common,0.0553974439688498,0.101807723245267
cg05157625,RIN3,Common,0.0571916924392274,0.106975683945318
cg05168015,SH3PXD2B,Common,0.241954092684596,0.661170641048553
cg05185634,RP11-468E2.2,Common,0.11373995003848,0.160570618179188
cg05210497,NEAT1,Common,0.181251537295223,0.383931881878129
cg05210497,VPS51,Common,0.0820668829608677,0.180373491361842
cg05232889,AC073626.2,Common,0.0004137500892726,0.0035805981430117
cg05258935,RNU6-140P,Common,0.0001383885823227,0.0006971578331308
cg05280698,AC012309.5,Common,0.240393337077462,1.14329528530467
cg05280698,ZNF585B,Common,0.0226573783917206,0.123394971758085
cg05280806,AC027601.1,Common,0.0325592128734578,0.0805317602351575
cg05287480,HOXA6,Common,0.0002445296607977,0.0007639035070754
cg05310240,PPP1R9B,Common,0.143210270389538,0.293198463493586
cg05329879,KIR3DL1,Common,0.0158672711598413,0.0172531902168016
cg05329879,LENG8-AS1,Common,0.17062543227253,0.18091752616418
cg05329879,VN1R105P,Common,0.0277754937524597,0.0315117345035012
cg05346831,GSG1,Common,0.0400869637246868,0.123930022100153
cg05387167,CTD-2377D24.6,Common,0.0037565757366972,0.035728904007504
cg05412788,GCN1L1,Common,0.0970412600669797,0.389870429957821
cg05412788,PXN-AS1,Common,0.116402304857435,0.317744358174287
cg05417607,BHLHA9,Common,0.0946407763256803,0.0911921631252213
cg05417607,SCARF1,Common,0.105241046370733,0.101390669695829
cg05433111,CD19,Common,0.12327882391878,0.115603273320702
cg05433111,RP11-1348G14.1,Common,0.187265786636552,0.186790861526282
cg05460329,AC000067.1,Common,0.107526880618521,0.133491193154364
cg05460329,AC000068.5,Common,0.0861370575777559,0.104916840153049
cg05460329,CLTCL1,Common,0.134473527893116,0.166301768855513
cg05485462,RNU1-125P,Common,0.0003134829237545,0.0019193190558827
cg05494008,CPSF1,Common,0.299670140857379,0.489625587672143
cg05499499,ABCB6,Common,0.152490770664916,0.833346609895703
cg05499499,ATG9A,Common,0.0670017175719193,0.352565283450918
cg05499499,CNPPD1,Common,0.064114412142028,0.337188672622518
cg05499499,FAM134A,Common,0.0575553303446565,0.317912945576669
cg05499499,RESP18,Common,0.211485950231899,1.09194119815452
cg05507697,SPG7,Common,0.087837193207016,0.109575932833507
cg05524246,RP11-456P18.2,Common,0.107911072008617,0.125539294051293
cg05544413,RNF146,Common,0.10746470148843,0.180567009759051
cg05549575,AC109333.10,Common,0.114248175064158,0.140538132758325
cg05549575,C1QBP,Common,0.203524593483079,0.251733543766433
cg05549575,RP11-46I8.3,Common,0.0729662077375066,0.0922981986902962
cg05549575,ZNF594,Common,0.18255048924766,0.225437365976058
cg05584759,AGAP2,Common,0.153076656350013,0.815574828335385
cg05595692,AC005033.6,Common,0.0102551414240333,0.0345742422654443
cg05595692,TACR1,Common,0.0631460188012145,0.220392783274704
cg05608541,TSPAN32,Common,0.0934885869738492,0.111119006330972
cg05697249,TEX12,Common,0.0434403870987104,0.0639049183039347
cg05703096,CES3,Common,0.0918914227151041,0.12053813045802
cg05715492,ARPC1B,Common,0.125060313458207,0.283775183271949
cg05715492,ATP5J2-PTCD1,Common,0.107118332884286,0.242466880873657
cg05726756,SKAP1,Common,0.0628390419530783,0.860597610334566
cg05731218,PECR,Common,0.0888995950843277,0.0987775486671831
cg05731218,TMEM169,Common,0.116387371030739,0.129395360432967
cg05800289,AAMDC,Common,0.0871331307202057,0.489938256424149
cg05800289,AQP11,Common,0.0557431452678589,0.299719494842458
cg05818824,GH2,Common,0.0027758270691352,0.0021329250178158
cg05845757,TFAP2E,Common,0.127960137792419,0.145929842544869
cg05845757,ZMYM4,Common,0.0702350672093487,0.0806505612879828
cg05845757,ZMYM4-AS1,Common,0.0002406312631541,0.000264745524073
cg05851442,HOTAIRM1,Common,0.0893453423524638,0.573403761307583
cg05851442,HOXA6,Common,0.0002404500305128,0.0028078493758576
cg05851542,CAMK1,Common,0.154367415711512,0.374596857176059
cg05851542,EMC3-AS1,Common,0.156010798976327,0.831426912525966
cg05851542,PRRT3-AS1,Common,0.232225961591523,0.696948780978632
cg05886689,CTD-2545M3.6,Common,0.110342794125311,1.40217132684555
cg05886689,LRRC4B,Common,0.146315486252988,1.39063835250245
cg05886689,MYBPC2,Common,0.120220360214296,1.23327411327145
cg05886689,MYH14,Common,0.1546940015488,1.34121381917628
cg05895618,MRGPRX2,Common,0.0001601077655865,0.0002722071398644
cg05904013,RP11-309L24.4,Common,0.0939173882694913,0.118950894037199
cg05905531,NDUFA7,Common,0.140081834061198,0.944931361609393
cg05905586,ATG10,Common,0.135458883728049,0.213863151596006
cg05913684,AC004449.6,Common,0.0940472802043483,0.0957070239326927
cg05945266,HEXDC,Common,0.109054502009797,0.12463601123188
cg05945266,NARF-IT1,Common,0.0722790928515766,0.0822688924289827
cg05959508,TRAF3IP3,Common,0.208416301028597,0.350380254709528
cg05979457,LRP12,Common,0.079843702644461,0.229999177687463
cg06008511,CTD-2315E11.1,Common,0.0956729990925852,0.142890882216599
cg06009448,C7orf50,Common,0.144717635779406,0.156666218804248
cg06013494,CD300LF,Common,0.0603394288456738,0.0742566558022316
cg06013494,DNAI2,Common,0.0448171340802243,0.0537500134311959
cg06039074,RP1-168P16.1,Common,0.176082073576878,0.283668041368291
cg06039988,SLC25A45,Common,0.22263681754336,0.913339146589693
cg06066452,FBXW12,Common,0.0672727043942617,0.118205971098924
cg06066452,NME6,Common,0.138128294288049,0.244062434382136
cg06066452,RP11-24C3.2,Common,0.07511621627166,0.132270243165065
cg06066452,TREX1,Common,0.281937968464556,0.499726002344085
cg06093152,PPP2R5A,Common,0.15246166994653,0.43101013813092
cg06093152,RP11-384C4.7,Common,0.182183262107755,0.591362776988682
cg06093152,RP11-61J19.3,Common,0.243319913742364,0.958228105247048
cg06116248,CMTM1,Common,0.295565172280826,0.374210916545521
cg06143732,CEP41,Common,0.128319296766332,0.631893286094029
cg06143732,CPA4,Common,0.107427825220732,0.403035841272873
cg06151243,AC004771.1,Common,0.0431414063108427,0.0996168926405594
cg06166490,HOTAIRM1,Common,0.074472928752587,0.271723625149125
cg06166490,HOXA10,Common,0.0209689546094424,0.0737856707063154
cg06168149,AQP6,Common,0.0927242989046825,0.127255026312775
cg06183267,AFF3,Common,0.0826875348584886,0.0970110357616131
cg06183267,LONRF2,Common,0.101646612043413,0.118488124076861
cg06186450,KCNN3,Common,0.167408724534529,0.275092563831452
cg06192381,GNAI2,Common,0.0907114764071854,0.193817298606974
cg06192381,NPRL2,Common,0.0901810529230723,0.189024942140079
cg06192549,HSP90AA5P,Common,0.0001955376543339,0.0011932021545608
cg06196379,TREML1,Common,0.214600070203427,0.282216223684481
cg06196379,TREML4,Common,0.0310505125906598,0.0388485221980544
cg06224017,C10orf111,Common,0.123416174054057,0.361353360542459
cg06224017,MEIG1,Common,0.155234669272481,0.612010299567479
cg06224017,RP11-455B2.9,Common,0.0004674875865146,0.0007552206663376
cg06231724,AC068282.3,Common,0.16985348194273,0.247482876115742
cg06234584,FAM96AP1,Common,0.0002437708188885,0.0003801828188142
cg06245338,RHBDF2,Common,0.185255275795524,0.337503253054061
cg06245338,RP11-794C22.2,Common,0.0004151279399359,0.0006435165776452
cg06255037,L3MBTL2,Common,0.134257333096282,0.190876918904486
cg06255037,RP4-756G23.5,Common,0.165459888729761,0.24243821720552
cg06271850,SPG7,Common,0.0737590393822419,0.952981217233155
cg06275642,AC127383.1,Common,0.0005555854142356,0.0012348057200312
cg06275642,AC130709.1,Common,0.0354521749307494,0.0665790257942685
cg06285439,AC007362.1,Common,0.133381927856126,27570696606.6007
cg06285439,NRP2,Common,0.122073595167225,23024372535.9042
cg06287548,SON,Common,0.109481780793881,0.195287635393189
cg06305891,ZDHHC19,Common,0.134712749176449,0.179477073736846
cg06312789,ZXDC,Common,0.0752578644582258,0.322944520349999
cg06340704,OXGR1,Common,0.0731411415476027,0.145954790789018
cg06345027,MCU,Common,0.0812935414007692,0.119047796148302
cg06357908,RGS1,Common,0.634096804715269,0.878802592685116
cg06381455,MRPS7,Common,0.104734980350263,0.251303482138763
cg06381455,SAP30BP,Common,0.104777196644153,0.231674263942876
cg06390079,AC005722.4,Common,0.0516601537914566,0.0962697404780823
cg06396119,MLNR,Common,0.014437954137497,0.0322490990913869
cg06396119,SETDB2,Common,0.125668217729899,0.237244507319956
cg06407137,GPR142,Common,0.0294571122632149,0.0326749079994757
cg06409432,RASGRP2,Common,0.0831653799503111,1.80106927651362
cg06416491,RP11-242C24.2,Common,0.0363056581139284,0.0715986463649537
cg06425868,SLC12A5,Common,0.239296342426152,0.42679855038848
cg06425868,SNX21,Common,0.154022659838411,0.252987214932717
cg06425868,ZSWIM3,Common,0.0940212542924599,0.170185591601278
cg06526622,SLC39A10,Common,0.116594487015601,0.118842649602185
cg06547513,CTB-164N12.1,Common,0.0415849984147033,0.114015806985464
cg06567722,GRTP1-AS1,Common,0.146340542053079,0.158493185469882
cg06567722,LAMP1,Common,0.0931752129073744,0.100238354372353
cg06567722,MCF2L,Common,0.122172135067745,0.131142278143624
cg06607764,LGALS3BP,Common,0.10601463195938,0.271408456595733
cg06635946,LINC00899,Common,0.0715629992514815,0.10638379621714
cg06646021,RP4-613A2.1,Common,0.0568230229650276,0.15368887370013
cg06690535,SMCO1,Common,0.0312523750332431,0.0533302183763278
cg06693983,FAM71E2,Common,0.006180666910176,0.0049704413961003
cg06693983,TMEM238,Common,0.0694020708332533,0.13758560248604
cg06693983,TMEM86B,Common,0.110734114489985,0.185920378770633
cg06700606,RASGEF1C,Common,0.109940505567404,0.105098169548418
cg06710769,RP5-1043L13.1,Common,0.0766900441934455,0.164870724144877
cg06760238,PWWP2B,Common,0.141414748675256,0.190223087984088
cg06760238,RP11-288G11.3,Common,0.225110340254918,0.312841557100568
cg06787669,TBRG4,Common,0.0749463302453535,0.124388875284741
cg06800235,RP4-549F15.1,Common,0.0300310389362293,0.0370318447807107
cg06804344,KIAA1257,Common,0.0701561383019021,0.0669243183132977
cg06811094,LINC00862,Common,0.0412987788998794,0.0934480098674802
cg06825448,AC093802.1,Common,0.021680951135456,0.0269787408002113
cg06830450,CYP27B1,Common,0.0387306870790447,0.135322048978523
cg06830450,OS9,Common,0.0698286955059687,0.248214440659152
cg06834507,RPL34P6,Common,0.203166771975629,0.315014216728156
cg06852461,RP11-57I17.3,Common,0.0828142795807222,0.610058025617362
cg06902698,POGZ,Common,0.0627712872338985,0.1386214491997
cg06902698,TMOD4,Common,0.0633881462164342,0.135712974876121
cg06912304,SSU72P3,Common,0.0013027750588141,0.0013669698442254
cg06931418,ATP5D,Common,0.117345911639698,0.133639237612941
cg06931418,CTB-25B13.9,Common,0.258698721266651,0.295657198282615
cg06931418,PLK5,Common,0.162277158594384,0.186024672601061
cg06934654,RP11-46C24.5,Common,0.0435528817898778,0.0538896587023827
cg06988336,RP11-368I7.4,Common,0.0440410018032965,0.0532236160805962
cg06997549,TEAD4,Common,0.143810130813698,0.284580900576702
cg07002058,MIR142,Common,0.341101156817239,2.38690312319983
cg07013258,FBXL19,Common,0.139544178300404,0.287441091294324
cg07013258,RP11-196G11.2,Common,0.231463244977472,0.46471085871468
cg07013258,STX4,Common,0.078510861508321,0.153132023116817
cg07013258,VKORC1,Common,0.136857569200659,0.274700252199217
cg07013258,ZNF629,Common,0.0796818280102986,0.159947782373034
cg07013258,ZNF646,Common,0.0949414382578214,0.186915259647287
cg07047570,INSM1,Common,0.133036196282478,0.340400470754144
cg07047570,RPL17P1,Common,0.107749830921908,0.106175029347735
cg07048527,HOXB8,Common,0.0212248648099884,0.861119072285855
cg07048527,SKAP1,Common,0.13307875867499,4.00848892532101
cg07051221,EIF4B,Common,0.154993745239544,0.193224450906101
cg07051221,IGFBP6,Common,0.101063576403161,0.126432464028783
cg07060794,MALSU1,Common,0.114483080263734,0.147920270434267
cg07061298,HOXA7,Common,0.0100246874601941,0.0534793479872487
cg07067993,TMEM132D,Common,0.0868683598142264,0.10092311620807
cg07118796,RP11-88I21.1,Common,0.0237127002500363,0.0679290276646836
cg07148458,POLR2A,Common,0.152781384134689,1.21542369654396
cg07153966,HOTAIRM1,Common,0.0718687470959315,0.967264069543614
cg07153966,HOXA-AS2,Common,0.005751162544056,0.0679567523067404
cg07184237,KCNH2,Common,0.0957193225902426,0.469877243338405
cg07184237,TMUB1,Common,0.131504636454767,0.5802256158789
cg07188665,B3GNT9,Common,0.107657784953595,0.12886217112982
cg07188665,RN7SL543P,Common,0.0287385235333188,0.033707309945111
cg07197059,BCL2L2,Common,0.201415241566791,0.928087411893243
cg07197059,MYH6,Common,0.0193645096376139,0.0171273482987898
cg07197059,PABPN1,Common,0.161200982086139,0.858543660186795
cg07197059,PPP1R3E,Common,0.203486450841116,1.23679757312354
cg07207652,KPNB1,Common,0.0818048888566111,0.390679041781292
cg07278425,HOTAIRM1,Common,0.0868142455787292,0.325691307143456
cg07278425,HOXA6,Common,0.0001937428365009,0.0008067500758891
cg07317062,SKAP2,Common,0.0611195049957035,0.269442158632347
cg07318128,HOXB5,Common,0.018148513283071,0.0509810225438666
cg07349094,AFF3,Common,0.114046317232894,0.136249327117617
cg07357279,CTB-39G8.2,Common,0.0453920640866711,0.0811910003864832
cg07357279,RP13-890H12.2,Common,0.0329163022135358,0.0581186344549119
cg07368661,SAP30BP,Common,0.165750226000522,0.463319967924556
cg07368661,SMIM6,Common,0.398218755664518,1.16456214578877
cg07370771,AL445199.1,Common,0.0836717672736491,0.24103754693187
cg07370771,CALY,Common,0.22905137669318,0.648861758440497
cg07370771,GPR123-AS1,Common,0.161302021570166,0.468253912095433
cg07370771,KNDC1,Common,0.0770844577580495,0.222412638730644
cg07420362,STIM1,Common,0.0486632306262589,0.052673244117666
cg07450210,DOCK9-AS2,Common,0.237626589756263,0.295967179294791
cg07450210,GPR18,Common,0.0254661648960352,0.0300221701906625
cg07464217,CTSZ,Common,0.106762196230771,0.19671344559718
cg07466788,FASN,Common,0.400162136524386,1.19716801238931
cg07466788,RP13-20L14.6,Common,0.194531053582848,0.617160345180334
cg07486199,PIGU,Common,0.102157478410554,0.379932176013738
cg07495389,C2orf53,Common,0.0002299104962205,0.0003671086494768
cg07498879,AC004832.1,Common,0.0576317700887233,0.0563090116736706
cg07498879,LIF,Common,0.131318200212164,0.121418140881289
cg07498879,RP4-539M6.14,Common,0.0032576388126104,0.0035601612421067
cg07503662,AC010536.1,Common,0.0248159466683681,0.0266816148771255
cg07505433,ARRDC5,Common,0.0829539641357579,0.180557856983665
cg07505433,PLIN3,Common,0.106269586844135,0.250678087871178
cg07505433,PTPRS,Common,0.0909993274701006,0.237129809646887
cg07505433,TICAM1,Common,0.0926046085044249,0.252501567619961
cg07512993,RP11-403P17.5,Common,0.0921326395157328,3818141491.16596
cg07522913,HOXA6,Common,0.000348157825739,0.0051253922906095
cg07561747,TMEM9,Common,0.0644712431516791,0.169614025186905
cg07599786,LMOD1,Common,0.246953926290067,0.462200930591345
cg07599786,RP11-307B6.3,Common,0.247903304141223,0.463100594801533
cg07616871,ARPC2,Common,0.0972230715081125,0.19710160812898
cg07684775,ITGA5,Common,0.0798565753121234,0.195826613286075
cg07696006,PML,Common,0.27731896608717,0.398861198151313
cg07696516,PHOX2B,Common,0.0001523961343711,0.000359063089572
cg07699546,ELF3,Common,0.132463584328833,0.205120732014328
cg07699546,RP11-465N4.4,Common,0.017203876089052,0.027091028603329
cg07739369,RP13-20L14.1,Common,0.490261861723541,1.69045718491645
cg07768107,RBM47,Common,0.111357231869779,0.160200410188762
cg07768107,RHOH,Common,0.0963237365361104,0.128610422598691
cg07785552,CD52,Common,0.488937371136525,0.697059654914733
cg07785552,HMGN2,Common,0.23710611932303,0.345772108538542
cg07785552,PIGV,Common,0.119273594481325,0.172257457588606
cg07785552,RPS6KA1,Common,0.130561105270533,0.192816084761898
cg07788865,KIAA1462,Common,0.164574254235078,0.611296347037653
cg07823492,SKAP1,Common,0.0821201638346313,0.74151402429016
cg07823492,TTLL6,Common,0.0820114219520743,0.432895781800945
cg07824636,RP11-815M8.1,Common,0.0333565952200359,0.0460317564659952
cg07839105,KISS1R,Common,0.265837064504149,0.311931341264305
cg07839105,MISP,Common,0.0617016969486038,0.074890148732718
cg07839105,RNU6-9,Common,0.162122209484306,0.199578727427105
cg07855221,CCDC57,Common,0.211196590786758,0.275219179202022
cg07855221,DUS1L,Common,0.146265596059002,0.188995463931283
cg07855221,MYADML2,Common,0.255291425688153,0.324634514748977
cg07855221,RP13-1032I1.7,Common,0.41005118020454,0.519249794256197
cg07855319,CIRH1A,Common,0.199714820601231,0.386662688350078
cg07855319,RP11-343C2.11,Common,0.102992419323254,0.180581280955349
cg07855319,RP11-343C2.7,Common,0.0571894352999375,0.0941918257862507
cg07855319,RP11-521L9.2,Common,0.0764778355387617,0.146870067111717
cg07865091,C1orf210,Common,0.0143269242010892,0.0294316093678337
cg07871971,RP11-194N12.2,Common,0.407668160252239,0.422009961042616
cg07871971,RP11-400F19.18,Common,0.160487051632992,0.166091086467521
cg07871971,RP11-400F19.6,Common,0.146490996035067,0.151462704120017
cg07882648,C20orf195,Common,0.105927451989911,0.349875394809737
cg07882648,NKAIN4,Common,0.312234853049537,0.777772768329645
cg07888661,CDH23,Common,0.347363401807664,1.15981955032152
cg07888661,RP11-472G21.2,Common,0.0001324826657487,0.0001316301395482
cg07917150,HOXA6,Common,9.83467540206954e-05,0.0002494061494982
cg07925670,AC026954.6,Common,0.0096533443301519,0.0131682666437095
cg07925670,KCTD11,Common,0.0878219396939048,0.124392595575088
cg07925670,RP11-104H15.9,Common,0.080056259062158,0.114202248265624
cg07942135,HNRNPA1P73,Common,0.0254108320581521,0.0634246104501009
cg07942135,HOXA6,Common,0.0001087052599295,0.0002492091907484
cg07953015,ZNF541,Common,0.0473659270957325,0.114154211537681
cg07959070,C22orf34,Common,0.10113907937349,0.192337243526728
cg07959070,RP1-29C18.8,Common,0.0638254067071487,0.127786863196159
cg07959070,RP1-29C18.9,Common,0.016575083712001,0.0330057309803855
cg07973967,CD79B,Common,0.133260886664573,0.131774467034173
cg07973967,ICAM2,Common,0.252206481834365,0.279879426248185
cg07973967,SMARCD2,Common,0.10260756586733,0.116528407854094
cg07996594,CLIC4,Common,0.224120260506047,0.353029843444625
cg08000731,NLRP6,Common,0.0156430100710219,0.0707077547603248
cg08000731,PSMD13,Common,0.0566471913113546,0.266416724510834
cg08003321,PIK3R5,Common,0.0847147073488087,0.106636509441276
cg08027484,TMEM14B,Common,0.0572543742718886,0.0943300190805493
cg08061524,ATXN10,Common,0.100109334389691,0.191248956048882
cg08061524,FLJ27365,Common,0.120552080400136,0.218526223218655
cg08061524,PPARA,Common,0.0718916262790243,0.176272282423914
cg08101036,HOXA9,Common,0.0190881146344784,0.14699451127738
cg08111857,RP11-400F19.8,Common,0.161833456963321,0.15937885258836
cg08111857,WNK4,Common,0.024319784903704,0.0285501465970044
cg08129759,RP11-465N4.4,Common,0.0329339313304897,0.225197576142117
cg08140459,NPC2,Common,0.169507839303287,0.18573683152285
cg08140459,RP11-316E14.6,Common,0.177708177117811,0.199971333771113
cg08140459,SYNDIG1L,Common,0.149944945176839,0.176207650646752
cg08166729,CNPY1,Common,0.0624866596348991,0.0768897800947502
cg08166729,HTR5A-AS1,Common,0.18956170919724,0.224493883099675
cg08196561,RP11-278A23.2,Common,0.0482336343886189,0.0946660245235325
cg08202399,RP11-65J21.3,Common,0.15215663158971,0.266417812872853
cg08230957,CTB-186G2.1,Common,0.0633768056742993,0.300296154767964
cg08230957,RNU6-140P,Common,0.0002394541160824,0.0010245602273824
cg08255475,CYBA,Common,0.215130471998239,0.49995400730933
cg08264519,BRF1,Common,0.0543043537616905,0.135420375615225
cg08264519,PACS2,Common,0.0603626437072341,0.148313124968261
cg08264519,RP11-521B24.3,Common,0.0882151468636739,0.214422944226285
cg08264519,RP11-521B24.5,Common,0.0799305395814973,0.193920269045202
cg08264519,TMEM121,Common,0.103739633009962,0.256583609700597
cg08274637,DLEU7,Common,0.134150924772233,2.40507339446662
cg08283130,KANK3,Common,0.144551496421389,0.652480277357307
cg08308032,HTRA2,Common,0.13557064279365,0.481449614632508
cg08308032,SEMA4F,Common,0.249766471189779,3.04695554722951
cg08323969,COA3,Common,0.194948266275976,997549247.903828
cg08323969,HSD17B1,Common,0.393690190837415,5072616711.59159
cg08323969,HSD17B1P1,Common,0.14768451415357,1960378130.62718
cg08323969,RP11-400F19.8,Common,0.352198021568573,2104578544.89505
cg08323969,VPS25,Common,0.183733392313604,11329323644.9433
cg08353973,RP11-321F6.1,Common,0.073163807147419,0.112764621115402
cg08363067,NOMO3,Common,0.390386376501294,0.909011701768511
cg08379738,C3,Common,0.185026430279579,2.62666739980243
cg08379738,PSPN,Common,0.125065808938733,1.84936171198253
cg08379738,TNFSF14,Common,0.184030919822722,2.72092870267549
cg08433504,GPR176,Common,0.0930382202499249,0.162201463392519
cg08452964,THEMIS2,Common,0.167584893804465,0.242021132560343
cg08493063,CLEC16A,Common,0.082340110477303,0.0908688924522664
cg08544331,RP4-781L3.1,Common,0.0078416664268951,0.0119242390351764
cg08558340,RP13-650G11.1,Common,0.0005024299506973,0.0017015257933396
cg08558340,SRRT,Common,0.0841622889213485,0.324631537617106
cg08571918,LINC01102,Common,0.0713698607076415,0.698238397220252
cg08571918,POU3F3,Common,0.0667469554552394,0.569537094849245
cg08681293,CIRBP-AS1,Common,0.0845118430938651,0.116625134775519
cg08681293,HMGB2P1,Common,0.0782336141071051,2.35877762122358
cg08681293,MIDN,Common,0.278804205973623,6.1785850813956
cg08688548,CPEB1,Common,0.0919566576379145,0.126370685186333
cg08706567,RNA5SP46,Common,0.000145299919867,0.0003882765716831
cg08706567,WDR65,Common,0.0256431757089295,0.0716646412123219
cg08726863,SFT2D3,Common,0.0956584561434344,0.137769851842583
cg08731696,MYSM1,Common,0.100879210391744,0.21330804071841
cg08741842,PPM1J,Common,0.181564769412205,0.194909678297095
cg08760493,COL25A1,Common,0.0580976522053164,0.0762366789128519
cg08767044,CTD-3088G3.6,Common,0.0001321557370473,0.0001610032621467
cg08767044,LITAF,Common,0.130805320816758,0.153025486578507
cg08775230,TEX12,Common,0.0369953055131437,0.0574702459400128
cg08813888,AC105393.2,Common,0.0252387762649418,0.0265694347877697
cg08820801,RNU6-140P,Common,0.0002653005698992,0.0004476138019542
cg08820801,SIRT2,Common,0.0562407502830295,0.103062787287973
cg08824847,PDHX,Common,0.219042428537882,0.543832792586602
cg08846079,GSTM5,Common,1.24720231701495,4.37138183656884
cg08855938,PROX1-AS1,Common,0.0769099928969922,0.240888163794514
cg08857310,RP11-13K12.1,Common,0.394514368404747,0.84577609493995
cg08857310,Y_RNA,Common,0.114727800285034,0.267967870985428
cg08860498,PTP4A2P1,Common,0.0945453458869842,0.117359570802037
cg08864042,DCTN1,Common,0.102993158073491,0.291857252414544
cg08864042,DQX1,Common,0.0391691716210531,0.0973248571685967
cg08864042,HTRA2,Common,0.0444023651059847,0.115027260803315
cg08864042,M1AP,Common,0.068496132753536,0.19717959919884
cg08864042,MGC10955,Common,0.107597748918401,0.304429760443066
cg08871545,SLC5A9,Common,0.0192619132204197,0.0266654080005457
cg08894532,MYO1F,Common,0.123986513747153,0.599138392486555
cg08898055,CTB-129O4.1,Common,0.385589451746395,3.02502875025802
cg08900409,PGPEP1,Common,0.183777340524225,0.374751976036067
cg08900409,SSBP4,Common,0.0959055187745575,0.20843250199514
cg08961287,RP11-429B14.4,Common,0.388579596639291,20769382141.3377
cg09025210,RASA2-IT1,Common,0.27941994445662,1.33950196650169
cg09039163,ILKAP,Common,0.106302880271917,0.117938284865396
cg09079275,CYFIP2,Common,0.0894096351247906,0.212831935721748
cg09079275,THG1L,Common,0.0872905007754377,0.205960884340542
cg09093656,RP11-92B11.4,Common,0.0356692592126484,0.0408919996317071
cg09093656,TRPV2,Common,0.308995305809862,0.352504304023546
cg09112081,CDIPT-AS1,Common,0.162109893957428,0.532873542731528
cg09122593,TMEM183A,Common,0.130392663846928,0.169673407325948
cg09125300,BIN3,Common,0.10749142593672,0.629728091149851
cg09125300,C8orf58,Common,0.100039664261716,0.48930682991721
cg09125300,RP11-582J16.3,Common,0.0027155817181626,0.0181243214753897
cg09125300,RP11-582J16.5,Common,0.175792979101396,1.14886872124288
cg09148852,BCL7A,Common,0.0739475447208855,0.102695627169681
cg09148852,KDM2B,Common,0.0909938458344213,0.126110935151978
cg09169455,CTB-55B8.1,Common,0.0507815156376892,0.089806664170389
cg09169455,MYO10,Common,0.108471775799457,0.200151370381261
cg09182750,TTC23,Common,0.163046740680193,0.189833470267613
cg09233429,ANKRD63,Common,0.0415718024718335,0.243657227369593
cg09233429,BAHD1,Common,0.0696737126537192,0.369208666217788
cg09233429,RP11-133K1.7,Common,0.0122863487992822,0.080910367821937
cg09233658,RP4-710M16.1,Common,0.0130018382833654,0.0400612142519818
cg09253473,FASN,Common,0.276672532219047,0.355267230716094
cg09253473,PPP1R27,Common,0.106597882120664,0.137388873883496
cg09253473,STRA13,Common,0.148429613387082,0.190651507385086
cg09290175,FUNDC2P4,Common,0.12694984657101,0.172171477044746
cg09290175,RP4-742C19.12,Common,0.156451498097652,0.214382394609696
cg09328012,PKDREJ,Common,0.0142983451083301,0.0348891804169412
cg09328012,TTC38,Common,0.166993561542009,0.463524028959918
cg09343092,HOXA-AS2,Common,0.0085182534815541,0.0464446886882003
cg09343092,HOXA6,Common,0.0002473421395165,0.0012053981530415
cg09354949,HIGD1AP10,Common,0.0285444402856292,0.0290145727167776
cg09367901,BMP4,Common,0.197007494325522,1.10193855220563
cg09393494,ASCL2,Common,0.0883339209476352,0.0887202552208434
cg09416512,AD000090.2,Common,0.197597620264437,0.265318858019978
cg09416512,FAM187B2P,Common,0.0619851699913575,0.0846383883446705
cg09416512,HAMP,Common,0.740925108493891,0.981788409810762
cg09416512,LGI4,Common,0.205372806303734,0.280626018502939
cg09447621,AP004550.1,Common,0.0698904395568067,0.105579926642916
cg09447621,RP11-700F16.2,Common,0.0393101386369739,0.056999226479558
cg09470754,FAM71E2,Common,0.0064503021113187,0.0068711964494601
cg09470754,RPL28,Common,0.182714114260136,0.219717563695426
cg09470754,UBE2S,Common,0.102658590212497,0.12324323711817
cg09476997,RP11-304L19.2,Common,0.0508680464662787,0.0752130085483347
cg09476997,SPSB3,Common,0.0668458582119818,0.122687879269373
cg09490371,TIGD1,Common,0.0713023217756137,0.422073887043679
cg09498948,RUNX1T1,Common,0.0906888614631323,0.576462699085978
cg09502865,SNAI3,Common,0.0809122572017107,0.390486829986982
cg09502865,ZC3H18,Common,0.0587125015651739,0.219706315413
cg09554856,KIAA1549L,Common,0.21583494128333,0.243382230724836
cg09563216,PRPF3,Common,0.0421784783893806,0.0903080387197331
cg09575756,AC138517.5,Common,0.0006712931308432,0.0010214023186019
cg09577391,CTD-2368P22.1,Common,0.127154526062489,0.932649635907787
cg09577391,CTD-2583A14.1,Common,0.0668602680356284,0.636524525934678
cg09577651,SDCBP2-AS1,Common,0.139118179927144,0.178125685389021
cg09577651,SIRPB3P,Common,0.0490741436037621,0.0630322038620528
cg09586924,ADAMTS8,Common,0.151722163463164,0.195399044713388
cg09586924,TCEB2P2,Common,0.0035369024659659,0.0047100238983314
cg09596958,XRCC6BP1,Common,0.0722910098724994,0.401461367948057
cg09663193,EFNB3,Common,0.15119850293232,0.757850466913523
cg09663193,SNORA67,Common,0.181600968214544,0.936557442456029
cg09669754,CARD14,Common,0.0605376396745688,0.128209625260172
cg09669754,CCDC40,Common,0.19947719015474,0.77443666145787
cg09669754,RNF213,Common,0.0969825440022239,0.13442771259191
cg09669754,RP11-334C17.5,Common,0.210570853872418,0.183926526213844
cg09669754,SGSH,Common,0.121122276966307,0.156966068173439
cg09772333,ARHGEF1,Common,0.0945856878030569,0.433462586885398
cg09772333,CTC-378H22.2,Common,0.0285915819359258,0.110910597641533
cg09774932,LINC00942,Common,0.0185165757115872,0.0479283458337376
cg09781936,TBX1,Common,0.112023062327685,0.15997157696488
cg09799873,ANGPTL4,Common,0.313032925265405,0.89244170887194
cg09799873,CD320,Common,0.120070076091349,0.321811957334322
cg09799873,MARCH2,Common,0.074354447894186,0.196977570027086
cg09814127,RP11-45P15.4,Common,0.198962166819548,0.996103626077356
cg09814127,RPL13P6,Common,4.33351241347981e-05,0.0006910089842942
cg09814127,TNFAIP2,Common,0.346889965952196,0.755963324938767
cg09825979,HOXA6,Common,0.0002156619315889,0.0013976367787261
cg09827249,PRAP1,Common,0.13133519856898,0.216844546978289
cg09827249,VENTX,Common,0.161523896087013,0.26714689740305
cg09844573,KCNQ2,Common,0.331941110261197,0.536881679163064
cg09889997,VAMP3,Common,0.105710012936257,0.122679410222116
cg09912512,CYP2D8P,Common,0.0533381277793625,0.0483160017603114
cg09946623,AC009133.17,Common,0.0095331973395724,0.0520861350221221
cg09962809,CYBA,Common,0.392765846904706,1.66831140092702
cg09962809,PIEZO1,Common,0.428252693882756,2.8129109208303
cg09977847,PECR,Common,0.173644456602016,24118281395.26
cg09977847,TMEM169,Common,0.143230918363727,18756097170.0898
cg09983216,HOXB5,Common,0.0150368589024742,0.0836550063836622
cg09991306,AC104809.2,Common,0.0084762964568695,0.0760780639680615
cg09996284,MEF2D,Common,0.147177218959603,0.200001847226972
cg10013501,RP11-84D1.2,Common,0.0007951077672676,0.003031774826388
cg10045881,C1orf162,Common,0.311159304878544,1.5822701941662
cg10045881,CHI3L2,Common,0.387804404739159,1.98724346869358
cg10045881,DENND2D,Common,0.128916913626862,0.637896434701273
cg10045881,DRAM2,Common,0.153502199482746,0.769724938423704
cg10055265,CCDC153,Common,0.154191910810344,0.689360296515018
cg10055265,RNU6-1123P,Common,0.0065360441372744,0.0193902525024934
cg10085474,CTBP1-AS2,Common,0.155544667385773,0.157817826169195
cg10085474,DGKQ,Common,0.137600674993961,0.138611252818406
cg10095954,CAMKK1,Common,0.0804976328195229,0.569355706411208
cg10095954,P2RX1,Common,0.0543351044677367,0.181555335324519
cg10125703,FTL,Common,0.21898463597695,1097784922.91705
cg10126903,AC009133.17,Common,0.0105942669840262,0.0117349046166522
cg10126903,MVP,Common,0.146534568927588,0.156659232154846
cg10129025,C9orf141,Common,0.0268896181557776,0.0473795268286938
cg10133500,HYAL2,Common,0.237331699672737,0.528510163139126
cg10138352,RP11-460N20.5,Common,0.0228932951332271,0.0299342523060705
cg10138352,RP11-797H7.3,Common,0.147738831714765,0.178132541934678
cg10138352,VN1R42P,Common,0.0552794357280688,0.0713934005054025
cg10138352,ZNF273,Common,0.0695572880705688,0.0887061681081377
cg10145584,IL10RA,Common,0.173060719144552,0.222960700608122
cg10156217,RP11-58E21.3,Common,0.0842506352857341,0.184972471638814
cg10161111,RSPH10B,Common,0.200569215715053,0.851306529057362
cg10180281,SKAP2,Common,0.157197067519018,1.51733224631046
cg10204725,NLRP8,Common,0.0032439295204075,0.0036076809324146
cg10210690,RP5-866L20.1,Common,0.0024455593615083,0.0035979040454687
cg10231067,UBR4,Common,0.137365252685437,1.90492197617359
cg10237442,RP3-412A9.12,Common,0.107564224563404,0.149008374497568
cg10271819,HIPK2,Common,0.332266791111758,0.362892077552621
cg10271819,TBXAS1,Common,0.279615809132857,0.298564666783981
cg10278520,RP11-328K2.1,Common,0.113163086895815,0.228869033518068
cg10315249,PELI3,Common,0.0731990527092413,0.205295147311069
cg10315249,RP11-658F2.8,Common,0.18885964578022,0.506907648355364
cg10315249,SPTBN2,Common,0.167094035443631,0.455453357829791
cg10315249,YIF1A,Common,0.162460012133505,0.435184427543636
cg10316525,ANKRD63,Common,0.0634021798192284,0.220689372079669
cg10316525,BAHD1,Common,0.0811569760980958,0.430259750836834
cg10316525,EIF2AK4,Common,0.131119685132797,0.555564065401686
cg10316525,KNSTRN,Common,0.135081596828134,0.765541512946447
cg10316525,PAK6,Common,0.114497927256867,0.691853038123182
cg10316525,RP11-64K12.8,Common,0.0001009483852103,0.0004140407300646
cg10330187,RP11-21B21.4,Common,0.0397521874990421,0.0454562610195754
cg10331073,LINC00202-2,Common,0.109735613754992,4.12460372418117
cg10331082,BCL6B,Common,0.305398194654194,0.913157613729159
cg10331082,C17orf49,Common,0.166037066659088,0.530494136631552
cg10331082,CLEC10A,Common,0.0575816816061247,0.175116090937757
cg10331082,RNASEK,Common,0.178701020190772,0.563749603633298
cg10331082,RNASEK-C17orf49,Common,0.236401102005399,0.692935425375682
cg10331082,SLC16A11,Common,0.236551736440393,0.735663902045733
cg10350880,GIGYF1,Common,0.102355185615862,0.238122232604091
cg10350880,LRCH4,Common,0.0800021456943494,0.211408088512584
cg10432569,TTLL6,Common,0.089014511458193,0.227321206734837
cg10432947,NAT8L,Common,0.175356457306716,0.52259567796244
cg10460657,C17orf62,Common,0.181850516999573,250866686781.276
cg10464462,RAD51L3-RFFL,Common,0.0401751642849112,0.0705665718689182
cg10464462,RP11-799D4.4,Common,0.0562541710100132,0.0774568257926305
cg10464462,RP5-837J1.4,Common,0.0864708827677378,0.137620115131976
cg10481202,LMBR1L,Common,0.041615868115696,0.134270092825092
cg10481202,SPATS2,Common,0.0413270293773096,0.134285129294787
cg10481202,TUBA1C,Common,0.0930844246366629,0.32063837694206
cg10481202,WNT10B,Common,0.0491504698567551,0.155589429651957
cg10499974,CCRL2,Common,0.0729183177807946,0.0887431298175286
cg10499974,XCR1,Common,0.0016914803599082,0.0023478929604328
cg10501093,RPL21P13,Common,0.0081893749561679,0.0426137348662321
cg10501093,TNFAIP2,Common,0.183996321608867,0.775563031305059
cg10506844,SLC25A28,Common,0.121414656191719,0.520091314986994
cg10513118,MPZL2,Common,0.188261317949668,0.282957760067778
cg10513118,SCN2B,Common,0.0826429331292056,0.122259311473416
cg10516886,RP11-284N8.3,Common,0.150265286759783,0.203399135988118
cg10539274,CXCL1,Common,0.873129305191875,2.59118248173043
cg10539274,IL8,Common,0.455099890816403,0.960573883104625
cg10571104,KCNN4,Common,0.128061847711549,0.453011700637869
cg10571104,XRCC1,Common,0.0863500840398042,0.314288697794078
cg10666916,ITPR3,Common,0.224187193134673,0.312747436128924
cg10673833,RP4-647J21.1,Common,0.0485588679376238,0.0587291179534349
cg10687107,ADHFE1,Common,0.188736319823413,0.311761659681858
cg10687107,MYBL1,Common,0.0827376817015823,0.148834640348536
cg10717869,PM20D1,Common,0.0877327035518866,0.332477262966956
cg10717869,SLC26A9,Common,0.153991618464476,0.629587289299714
cg10732094,PPP1R13L,Common,0.152995232106059,0.205241776912819
cg10762038,ALDOC,Common,0.125578212821019,0.158210701099975
cg10762038,RPS7P1,Common,0.0890361370921508,0.0975258864847331
cg10791696,CSGALNACT2,Common,0.20861447749205,0.243059022579453
cg10791696,ZNF239,Common,0.210899682045843,0.24332700938653
cg10792302,HOXC10,Common,0.0139240768125929,0.188226327856564
cg10792302,HOXC12,Common,0.0007630484038215,0.0118725320350965
cg10794257,HOXA-AS2,Common,0.0041380365224282,0.0076992044932688
cg10812236,PLEK,Common,0.196471480670975,0.285244398757431
cg10930101,SNORA76,Common,0.360039688593006,0.614637911006571
cg10953410,USP28,Common,0.0683945968264005,0.0831495590489051
cg10999992,LGALS1,Common,0.111381351087585,0.187903684377369
cg10999992,POLR2F,Common,0.0918131787885986,0.140386801558015
cg10999992,RN7SL385P,Common,0.0895929706786663,0.149443130199825
cg11009736,C1QL2,Common,0.406488201815295,0.701390301840179
cg11015251,HOXA4,Common,0.011085918527034,0.0543734679429415
cg11015251,SKAP2,Common,0.039075793940805,0.201124207478797
cg11041817,HOXB5,Common,0.0124403777690643,0.0734122981271052
cg11113589,POFUT2,Common,0.14552312980694,0.150927172313882
cg11155924,SHANK2,Common,0.16163386575256,0.173780694306828
cg11155924,Y_RNA,Common,0.0516979667891169,0.0556399761365305
cg11180921,LRRC55,Common,0.138339394547674,0.193448234737343
cg11184109,PRKCD,Common,0.199837613430046,0.883997687381114
cg11184109,SERBP1P3,Common,1.09390223737697,5.13262901170304
cg11205312,RFX5,Common,0.11025795623122,0.24572397315754
cg11205312,RP11-316M1.12,Common,0.0434680623151377,0.0958114844042105
cg11205312,SCNM1,Common,0.0591756907184391,0.131761215027865
cg11205312,SETDB1,Common,0.0615662321162778,0.139614915055554
cg11205312,TMOD4,Common,0.0565927814961211,0.12590979347554
cg11231434,SLC6A3,Common,0.0137190602723338,0.0152396516835256
cg11235594,LIMS3,Common,0.0358313998492793,0.0915152127426333
cg11241278,CDK3,Common,0.17353531052468,0.138362827414048
cg11264392,WIZ,Common,0.122610942573222,0.736235594522151
cg11297046,CD37,Common,0.392877937952883,0.449642818036957
cg11297046,GYS1,Common,0.161226804831522,0.18471806995625
cg11297046,NUCB1,Common,0.0908075282478261,0.103647729818983
cg11324650,HES1,Common,0.211025911316836,0.422584921027949
cg11357670,ATP4B,Common,0.0618755800712511,0.221938277747589
cg11357670,GRTP1-AS1,Common,0.139689691254767,0.4156747254331
cg11357670,LAMP1,Common,0.131014909395911,0.3747838076751
cg11360416,TTC40,Common,0.137161488581133,0.290662273558727
cg11385938,ZNF316,Common,0.205798891134411,0.389619290143011
cg11405200,RP3-380E11.2,Common,0.0837089091300042,0.388898227195746
cg11410682,DACT3,Common,0.0999130678530091,0.347294588095034
cg11410682,PPP5C,Common,0.0663895422623044,0.231205403387462
cg11435826,NRIP2,Common,0.516827044871549,1.41097617259266
cg11435826,RP4-816N1.6,Common,0.348685211796078,1.08407201836723
cg11435826,TULP3,Common,0.490790764517588,1.40149362810032
cg11442326,NDUFS6,Common,0.0799134616983512,0.0870808537871517
cg11511175,AVIL,Common,0.301117737583324,1.18863410780489
cg11532431,EVX1,Common,0.0213224971089548,0.0967587054047569
cg11532431,SKAP2,Common,0.0466898983246981,0.214939027762619
cg11546621,C9orf169,Common,0.300093842822849,0.97291682160144
cg11546621,LCN8,Common,0.204502812107288,0.648639270546856
cg11546621,RP11-229P13.25,Common,0.127957119485583,0.392087853518121
cg11589536,CCRL2,Common,0.101935810074489,9316140408.52621
cg11589536,LTF,Common,0.256536481185847,82256275737.765
cg11600161,TBC1D10C,Common,0.246186859406634,0.366684834229786
cg11601000,SREBF2,Common,0.0786645746999822,0.209903441691714
cg11614451,ARL14,Common,0.0066489519944731,0.0139207333400224
cg11623339,ECSCR,Common,0.26369951667449,0.418806632490346
cg11623339,PROB1,Common,0.0953407462902288,0.156875693754366
cg11629889,CTD-3193K9.3,Common,0.0448096141288422,0.0644026105436039
cg11645532,GLTSCR1,Common,0.0800589527196858,0.113796266910045
cg11647493,RP3-400B16.1,Common,0.0266657950150634,0.0490211079020583
cg11652496,PSTPIP1,Common,0.32960555975382,0.354458331288599
cg11652496,RCN2,Common,0.175209459941331,0.182491822562351
cg11652496,SCAPER,Common,0.127264720622893,0.13141530193019
cg11680605,STOML1,Common,0.087736595168879,0.129202868891064
cg11724366,AZU1,Common,0.195785045337347,54115093026.3265
cg11724366,KISS1R,Common,0.267701846248964,101504692378.391
cg11744817,RP3-497J21.1,Common,0.0349989624919416,0.0381210979186771
cg11772801,FRMD6,Common,0.195687391681894,0.217909923603799
cg11772801,TRIM9,Common,0.203832976501244,0.226503366975504
cg11779113,KCNQ2,Common,0.183799446441391,0.218159787333634
cg11779113,RP4-697K14.3,Common,0.001503911007426,0.0018655919800463
cg11779113,TNFRSF6B,Common,0.536925259940711,0.642001394676483
cg11833768,HSPE1P2,Common,0.0003480527705255,0.0004535950684248
cg11839415,RNA5SP46,Common,0.0001722811486305,0.0008691695985909
cg11839415,WDR65,Common,0.0224392257480973,0.0923872802894167
cg11859982,PRRT4,Common,0.0887131671797898,0.195840829555119
cg11859982,SND1,Common,0.090023584660015,0.202302885867592
cg11860434,POLR2J2,Common,0.103633319372555,0.142050342332314
cg11860434,RP11-163E9.2,Common,0.202662540678755,0.267798342054006
cg11866719,LRRC9,Common,0.0511133846809013,0.144724679998727
cg11881599,CLLU1,Common,0.0034452424387088,0.0038786984291852
cg11881599,RP11-693J15.5,Common,0.0188768337974558,0.021957828747717
cg11881599,RP11-796E2.4,Common,0.0709371374008633,0.0814257437039739
cg11894631,DNAJC27-AS1,Common,0.0578437970835389,0.0840874268136868
cg11914795,C10orf107,Common,0.134094914496219,0.312559130180261
cg11923441,CDC42P3,Common,0.000784327138052,0.0039731408186671
cg11923441,GLI4,Common,0.186871303809198,0.913862056233627
cg11923441,ZNF696,Common,0.160196449597834,0.672441274293084
cg11972564,RP11-58K22.5,Common,0.0007076889331778,0.0011003639439218
cg11972564,TSPAN18,Common,0.170917501947449,0.28188565960108
cg12015737,HOXA-AS2,Common,0.0043375103332452,0.0273074321063035
cg12015737,HOXA10,Common,0.0128726614803272,0.0797183208853785
cg12015737,HOXA7,Common,0.0128508957788376,0.113846698744254
cg12042264,RP11-465L10.10,Common,0.0482528688492729,0.0684621645092121
cg12042264,SNX21,Common,0.095293816092573,0.135362727295964
cg12047941,ANO9,Common,0.0362840545025974,0.0544100337810128
cg12047941,IFITM2,Common,0.374639203202168,0.672353060500708
cg12047941,RP11-304M2.3,Common,0.0010212300903643,0.0026308125498946
cg12047941,SIGIRR,Common,0.158761082103777,0.304454126603849
cg12057127,HOXB7,Common,0.0140068371961306,0.0830641224604725
cg12061649,AC079325.6,Common,0.0520813653711345,5974783850.18079
cg12082793,TMCO4,Common,0.0814602405099602,0.0910008012996024
cg12097989,CAMTA1-IT1,Common,0.072744364754155,0.0776448586892878
cg12097989,RP4-549F15.1,Common,0.0315004197097742,0.0339506786043039
cg12112234,EXOSC7,Common,0.166852370997824,2.15683799922815
cg12112234,ZDHHC3,Common,0.242658886257368,2.84452745459072
cg12113316,PROSC,Common,0.126750073129689,0.366431566171459
cg12116027,RN7SL312P,Common,0.321425720784184,1.40562152909491
cg12116027,RP11-58A17.3,Common,0.110896167882174,0.414425390970815
cg12116027,TSFM,Common,0.150677818916656,0.6357065299876
cg12119693,UTS2R,Common,0.175997654477152,0.244348497360244
cg12146864,R3HDM2,Common,0.131601863036537,0.223824798885163
cg12165551,STK33,Common,0.133292150816126,0.138248760145319
cg12177677,ACVR1C,Common,0.0840617987702831,0.119820592236231
cg12177677,CYTIP,Common,0.0633297662641457,0.0889967686053311
cg12229555,NARF-IT1,Common,0.0701897026004824,0.0793375626845059
cg12229555,RP13-516M14.1,Common,0.0885573589706772,0.0955600341993571
cg12234455,DHDH,Common,0.162864846633411,0.257064291465299
cg12234455,PPP1R15A,Common,0.133607552537045,0.213770512339111
cg12253175,B4GALNT1,Common,0.0776097906716086,0.26417038698379
cg12253175,XRCC6BP1,Common,0.0921507772197763,0.320134090051053
cg12294118,FZD7,Common,0.106669521206546,0.115753195144767
cg12305431,HOTAIRM1,Common,0.0762398418118002,0.588327926380841
cg12305431,HOXA-AS2,Common,0.005070679946846,0.0401410481870547
cg12305431,HOXA6,Common,0.0001686711858043,0.0015833658377472
cg12414070,RP11-103B5.2,Common,0.0064571619882026,0.0133296198610537
cg12417549,SULT1B1,Common,0.0421642995541748,0.0631984763249509
cg12436568,LGR6,Common,0.145056936104041,0.228071424297081
cg12461930,ARF1,Common,0.0687725185843397,0.0648403569943998
cg12504247,RPL29P2,Common,0.0801152352844276,0.0974313907751441
cg12526474,JHDM1D-AS1,Common,0.119127324285215,0.287121815092416
cg12537437,XRRA1,Common,0.515030808830291,0.999391889528329
cg12538674,HOXA11-AS,Common,0.0329929386505694,0.161680851678309
cg12554483,ADAM8,Common,0.0969792925325097,0.17836122931769
cg12554483,CALY,Common,0.207746205163896,0.376536226285109
cg12554483,VENTX,Common,0.176988357073411,0.325236266243274
cg12555086,FAS,Common,0.267873417592033,0.343669040989519
cg12617080,HAPLN2,Common,0.340183334880598,0.413368209532411
cg12617080,MEF2D,Common,0.0916603882455211,0.103373223937824
cg12617080,PRCC,Common,0.0954644658978407,0.110713351838494
cg12617080,RP11-284F21.7,Common,0.0846817937960114,0.103342921608657
cg12626589,AGER,Common,0.135404196884201,0.393478927785914
cg12626589,CFB,Common,0.157260272172231,0.455495367173969
cg12626589,GPSM3,Common,0.0700555760956117,0.21273413956572
cg12626589,TNXB,Common,0.115003456990662,0.334468232699964
cg12634245,RP11-360O19.5,Common,0.000846452494669,0.0008834038114995
cg12634245,TMEM14C,Common,0.0860559476376589,0.0858994074094547
cg12634306,Y_RNA,Common,0.277393704362971,0.534840440286518
cg12655375,FANCE,Common,0.0493185917545692,0.0856625375094378
cg12656272,ABI3BP,Common,0.129182056591808,0.147357359257357
cg12656272,LNP1,Common,0.114057266935926,0.130428457081143
cg12695465,SYCP2L,Common,0.0754037645439079,0.147639494953939
cg12695465,TMEM14B,Common,0.0680374974594214,0.135853383416518
cg12706938,AC005329.7,Common,0.0767688002255461,0.0893060128356072
cg12706938,APC2,Common,0.0905303993482848,0.100704671052144
cg12706938,ATP8B3,Common,0.0657596156605987,0.0742278607993695
cg12706938,CTB-25B13.9,Common,0.205879619117377,0.228819296612921
cg12706938,GAMT,Common,0.0812982874590385,0.0924772175701344
cg12706938,MUM1,Common,0.0842911051387099,0.095063512819113
cg12706938,REEP6,Common,0.0894257636384008,0.10426022641512
cg12748890,RP1-159A19.4,Common,0.0782043421990566,0.22498966028098
cg12767109,MLXIPL,Common,0.159345091728337,0.182534298176658
cg12776287,RP11-107K17.2,Common,0.0286573650626469,0.094983502681456
cg12787553,CTSZ,Common,0.105774067835075,0.146757708271939
cg12800012,NEURL1,Common,0.135536371167155,0.191478162376382
cg12805374,MAP3K14,Common,0.189613576292986,0.306395148784712
cg12894126,RAPGEF1,Common,0.120275862903444,0.332109173362486
cg12910797,SKAP1,Common,0.086494934135656,0.838872005818673
cg12920361,RP5-1051J4.6,Common,0.0004686048487396,0.0004936144228901
cg12920361,TMEM176A,Common,0.123747115982627,0.13410880819772
cg12920361,TMEM176B,Common,0.139246796886809,0.150317079286524
cg12926693,STK38,Common,0.175673304285563,0.212889960972432
cg12929983,ANKRD63,Common,0.0387452107018713,0.0908706138352275
cg12929983,BMF,Common,0.0922954247111744,0.216508728921844
cg12929983,GPR176,Common,0.10057884383128,0.24056701488074
cg12929983,LINC00984,Common,0.212946514706071,0.504787867156823
cg12929983,PAK6,Common,0.121669667326729,0.283424119012564
cg12929983,SRP14,Common,0.127095280170122,0.300138767128767
cg12939901,CELA3A,Common,0.002116110671234,0.0086122106966358
cg12939901,RAP1GAP,Common,0.124639819204892,0.360195729431206
cg12959048,P2RY6,Common,0.208470812968407,0.307725026976178
cg12987403,RN7SL724P,Common,0.13437412771533,6584616402.71456
cg13008174,NEIL2,Common,0.290529978321957,25050652652.3424
cg13027206,CCDC88C,Common,0.0903768708821782,0.134798633825196
cg13043815,MRAP,Common,0.120048800525887,0.164271087807074
cg13060970,AC130709.1,Common,0.0597218992240966,0.116290580758462
cg13060970,PLEK,Common,0.16224225525057,0.292464931393042
cg13067714,RAD51B,Common,0.0960919297439739,0.128481561106159
cg13067714,RN7SL224P,Common,0.000340548074947,0.0004311287539917
cg13091627,INTS3,Common,0.132253755871573,0.198300081979836
cg13091627,RP11-216N14.5,Common,0.0158988176011112,0.0251091121657003
cg13091627,S100A12,Common,0.625073484149809,0.963415870841792
cg13091627,S100A4,Common,0.397110729586356,0.616497518984519
cg13091627,S100A8,Common,0.983869251257546,1.49474335837594
cg13091627,S100A9,Common,0.979165377791853,1.48294052987694
cg13106389,CLIC4,Common,0.297418330754274,4.31713876861574
cg13161113,SYNJ2,Common,0.168255873336258,0.42980598268537
cg13172549,HOXA9,Common,0.0180877916636214,0.0906905939658161
cg13179074,RP11-277B15.2,Common,0.0139852627341802,0.156302233551142
cg13203811,TSPAN31,Common,0.114510786218415,0.264448676983616
cg13237068,ANKRD20A10P,Common,0.0137506891885903,0.0145494295730625
cg13237068,RNF17,Common,0.013604859085908,0.0144449787306286
cg13257654,POMK,Common,0.150028372940559,0.165647205405171
cg13298466,RN7SL380P,Common,5.98805791187604e-05,0.0002596661263488
cg13305951,AC025627.7,Common,0.030593124934457,0.0783269665926086
cg13305951,MFAP4,Common,0.12570508531747,0.326006055891931
cg13314965,AC092933.4,Common,0.0265026924677249,0.0355553795277704
cg13314965,SMCO1,Common,0.0267332240216474,0.0358627700461777
cg13314965,TCTEX1D2,Common,0.100830191879776,0.135284538193219
cg13314965,ZDHHC19,Common,0.186292553690098,0.250564944056142
cg13318241,RP1-223B1.1,Common,0.0441249890510756,0.0992377554215058
cg13320146,ANXA9,Common,0.0832595427755616,0.0986564074847914
cg13320146,RP11-235D19.2,Common,0.0584971694384756,0.0680244136185431
cg13348944,IL10RA,Common,0.107074190454128,0.167273556798578
cg13348944,MPZL2,Common,0.231869658612431,0.391813449935173
cg13387826,RP11-181G12.4,Common,0.0109050703724107,0.0587870696597888
cg13404038,CRB2,Common,0.30628590226377,0.377670388655911
cg13412545,CTC-308K20.2,Common,0.0803838738033075,0.332491356349792
cg13431464,RP11-773H22.4,Common,0.000673140957108,0.0007254319261845
cg13444413,XRCC6BP1,Common,0.15461334486795,0.173158699028438
cg13477101,GPR146,Common,0.120004068969399,0.261659563133643
cg13478737,EXOSC2,Common,0.0670393843473323,0.0902559561032101
cg13478737,LAMC3,Common,0.102741012955273,0.138742720909089
cg13519191,AL132709.5,Common,0.201124031776112,35886840896.9245
cg13519191,CTD-2062F14.3,Common,0.0376277071019965,5667248789.80176
cg13521229,C19orf81,Common,0.231804391827228,1.09811334498923
cg13544075,C9orf172,Common,0.139136610681978,0.1406677670169
cg13544075,MAMDC4,Common,0.103086852421681,0.104523554481491
cg13573745,FBP1,Common,0.0984657283473677,0.117224547371691
cg13581362,LINC00638,Common,0.137570841686488,0.293095150264631
cg13583664,NUP188,Common,0.110817330030015,0.640858184640881
cg13600201,NOXA1,Common,0.359010216472584,1.96708002399701
cg13603551,GIMAP2,Common,0.11293148546344,0.169120406786313
cg13622265,TTLL11,Common,0.165771310381705,0.39901049036646
cg13626863,NPFFR1,Common,0.100481888173313,0.297573785303199
cg13638867,C11orf21,Common,0.0436175140861205,0.0492811320886171
cg13638867,KCNQ1,Common,0.0616499832778522,0.0696508693046507
cg13638867,MRPL23-AS1,Common,0.0004344077051874,0.0004983592184137
cg13661519,HOXA6,Common,0.0003766083345217,0.0025835575926751
cg13687570,AC012309.5,Common,0.272445052313125,0.79009401940432
cg13687570,CTC-454I21.4,Common,0.0002009201200024,0.0006154024883877
cg13687570,HKR1,Common,0.0524349286095061,0.141607583794214
cg13687570,ZNF793,Common,0.067889472569119,0.190455088340318
cg13702357,PMS2P3,Common,0.114482601095887,0.234182350803079
cg13796381,C9orf172,Common,0.140693216451404,0.595499081124393
cg13796381,LCN8,Common,0.0794585189660561,0.350086092939692
cg13796381,NPDC1,Common,0.0990781975885975,0.432808989019926
cg13796381,RABL6,Common,0.0637678640863181,0.302372061481833
cg13836098,BTN2A1,Common,0.0721675056187688,0.157407620588792
cg13836098,BTN3A2,Common,0.162875912382291,0.355526779392713
cg13836098,HIST1H3D,Common,0.0797872804028677,0.162820363208386
cg13851767,TRAF1,Common,0.170652732340425,1.96047929129592
cg13859433,BAK1,Common,0.115767995219942,2.04416635291449
cg13859433,UQCC2,Common,0.125583369751706,0.452358621840531
cg13879455,TSFM,Common,0.107186723416696,0.408643027887073
cg13879455,TSPAN31,Common,0.0888800704887065,0.343109347221724
cg13896650,KIF12,Common,0.139718937232211,0.140834767400759
cg13896650,ZNF618,Common,0.0891778122097404,0.0899385215202867
cg13925686,SNORA67,Common,0.162477306772453,0.187407808747367
cg13925686,YBX2,Common,0.165136913995998,0.189401489619782
cg13928306,RP11-473M20.5,Common,0.0098311411913094,0.0590973580739478
cg13928306,ZNF263,Common,0.0670576384070182,0.40807606596382
cg13933070,RP11-305L7.6,Common,0.245520096527046,0.241116221368556
cg13942103,KCNA10,Common,0.0100318117154355,0.0100649145873825
cg13942103,RP11-284N8.3,Common,0.149474203687668,0.149884732961792
cg13944805,GBA2,Common,0.0652466057913631,0.0813902782971443
cg13944805,RP11-331F9.4,Common,0.0421720048981101,0.0656990669118547
cg13944805,RPL36AP33,Common,0.111276816558972,0.156734819975713
cg13944805,SPAG8,Common,0.126930592006339,0.235446179499819
cg13946767,RP11-216N14.5,Common,0.0177329030638687,0.0349633267859908
cg13946767,RP11-216N14.9,Common,0.0196377038507345,0.0354512381770229
cg13946767,S100A13,Common,0.281864576502809,0.569715470529486
cg13985518,HOXA9,Common,0.0508904688277257,0.323076191349549
cg13997435,INTS3,Common,0.131659897236462,0.341042766317626
cg13997435,RP11-216N14.5,Common,0.0206590946185729,0.0433605150532649
cg13997435,S100A2,Common,0.250986492817548,0.552779646589033
cg14009688,AC009276.4,Common,0.0001906575110949,0.0003342312129868
cg14015656,MIR1302-8,Common,0.0001206924421731,0.0016436108727304
cg14015656,RP11-23J9.5,Common,0.0429782165148089,0.742196081113397
cg14015656,RP11-498P14.5,Common,0.134890513170314,1.99254651757145
cg14015656,RP11-520B13.4,Common,0.156869653540412,2.50363838853913
cg14015656,VN1R51P,Common,0.0683528103772914,1.04108734266751
cg14037769,C1orf200,Common,0.0379592371946537,0.509663646404844
cg14051264,CTD-2194D22.4,Common,0.0026515513634225,0.0140319363762148
cg14058329,HOXA-AS2,Common,0.00897997221038,0.0320145272329642
cg14058329,HOXA4,Common,0.0244488387067541,0.0856507592361394
cg14058329,HOXA9,Common,0.0493491569199008,0.195789082864451
cg14074251,ABCB6,Common,0.158853734136492,0.196943258154372
cg14074251,AC053503.11,Common,0.0961459589570393,0.120466984760542
cg14074251,ASIC4,Common,0.154848742631312,0.192785268400412
cg14074251,GLB1L,Common,0.184612778596762,0.229674808040442
cg14083015,RP3-522P13.2,Common,0.0251607043243274,0.0278895710169282
cg14103343,DHDH,Common,0.152674114284647,0.247293764696709
cg14103343,PPP1R15A,Common,0.130536163356893,0.217580980935847
cg14103343,SPACA4,Common,0.0052311096528153,0.008400450819891
cg14109551,PLN,Common,0.164855110110578,0.400596382999189
cg14133635,RP11-176F3.7,Common,0.0602804027135361,0.0787298194999813
cg14145338,LCN6,Common,0.296000979833261,0.299361994307414
cg14171369,NEK9,Common,0.103264153038355,0.224746480251595
cg14173968,MOCS1,Common,0.0488376448648309,0.0905441755948995
cg14186187,Z95704.2,Common,0.0946804509931774,0.151736877209598
cg14206172,FBXO27,Common,0.124974887633536,0.210869915019495
cg14210454,PPAP2C,Common,0.26219977860794,0.355553280325802
cg14210454,RNF126,Common,0.178476563914754,0.244562260535686
cg14210454,SHC2,Common,0.213040722420374,0.289820288783079
cg14216068,HOXA-AS3,Common,5.15716423372979e-05,0.0002898882601097
cg14217861,INPP5E,Common,0.0865715043699117,0.3522200219006
cg14217861,LCN8,Common,0.140405434425696,0.618750280849507
cg14230238,CTC-503J8.2,Common,0.176273920099996,0.237534362034575
cg14230238,MLLT1,Common,0.193057093101637,0.256601204390574
cg14230238,NDUFA11,Common,0.0874955146917891,0.115768579850905
cg14230238,VMAC,Common,0.147092815980063,0.193480802580344
cg14292870,CHD4,Common,0.0874805375886945,0.231993940863935
cg14292870,IFFO1,Common,0.0684675391299243,0.180946684316169
cg14292870,LPAR5,Common,0.0935736493947176,0.225389951885047
cg14292870,PHB2,Common,0.0589145364336127,0.148747531583996
cg14292870,PIANP,Common,0.0993413124863083,0.24771058388338
cg14292870,PTMS,Common,0.185077964896466,0.435945716269271
cg14292870,PTPN6,Common,0.203723800633211,0.496773122133472
cg14311134,CTB-133G6.1,Common,0.0288834310748793,0.038823872021417
cg14311559,C12orf57,Common,0.132638616098961,0.242663840122538
cg14311559,COPS7A,Common,0.245639781623892,0.440884616533666
cg14311559,LPCAT3,Common,0.16621996115544,0.295331987350427
cg14311559,PHB2,Common,0.107056111118571,0.182610989416335
cg14311559,PTPN6,Common,0.578309138371422,0.98627531304478
cg14311559,TPI1,Common,0.188838179281487,0.33715159424355
cg14359292,HOXA10,Common,0.0129393525853286,0.194057124893053
cg14359292,SKAP2,Common,0.0653414177742535,0.966684503274043
cg14386312,ZNF584,Common,0.202597556578204,4.03554662937614
cg14424070,BATF,Common,0.291871308258907,0.450327440386472
cg14472181,LINC00094,Common,0.17061075963598,0.168668862341419
cg14482811,C9orf141,Common,0.0189181377309029,0.0530401527795699
cg14482811,LCN8,Common,0.197428289657468,0.820958307562888
cg14510926,RN7SL65P,Common,0.0256553374176921,0.0404487160875146
cg14519350,AC004832.1,Common,0.0534408926653651,0.0825426719228094
cg14522800,SMTNL2,Common,0.102097949546331,0.837828955537516
cg14619064,BZRAP1-AS1,Common,0.0849922209885243,0.0966506558502251
cg14619064,MIR142,Common,0.137601767585375,0.15630668914506
cg14619064,MTMR4,Common,0.0894386662801246,0.102113965070669
cg14632586,ID4,Common,0.0987767036902882,32296056141.9009
cg14632586,UQCRFS1P3,Common,0.0001936523822667,981558.783280721
cg14644204,OGFOD2,Common,0.0861161123951247,0.18718721560631
cg14645545,VIL1,Common,0.0119018024127677,0.0343212480904838
cg14652095,HIST1H2AB,Common,0.149870114285967,1.50924704561259
cg14652095,HIST1H2BE,Common,0.146957831329741,0.768035666724741
cg14661234,TNFRSF4,Common,0.204793318287599,0.258526382940857
cg14662675,CTNND2,Common,0.246976038717834,0.437136669482638
cg14694038,ARRDC5,Common,0.0987555845555186,0.27182739371325
cg14694038,PTPRS,Common,0.11071943736283,0.333264753689744
cg14771658,SCN7A,Common,0.0571003776885054,0.107146155670668
cg14774117,AARS2,Common,0.248749695118956,1.17556509727515
cg14774117,NFKBIE,Common,0.532492908204852,1.33199563350469
cg14776738,MIR3940,Common,0.000330838017248,0.0121033830083047
cg14776738,MLLT1,Common,0.243454268602154,0.847845735383519
cg14776738,TNFSF14,Common,0.377645459182909,23.7925702472406
cg14788673,RP4-782L23.1,Common,0.0927144860908633,0.211439271833295
cg14792180,DAP,Common,0.0649333670512705,0.0787578102462774
cg14795572,PIP4K2C,Common,0.0792542607908764,0.209560246859892
cg14798653,C3,Common,0.16528207239788,0.423094328214461
cg14798653,TNFSF14,Common,0.182287162809329,0.447028353131221
cg14827807,CERS2,Common,0.281377947795793,1.30135784168003
cg14830003,LINC01137,Common,0.146479346388037,0.349664320600701
cg14836555,GMPR2,Common,0.0588290414322692,18269090247.4795
cg14836555,RP11-468E2.9,Common,0.0473560945676699,2991560637.89382
cg14836555,RP11-934B9.3,Common,0.0425932919098194,6884316434.39761
cg14836555,TM9SF1,Common,0.0552215166735838,27830241042.4409
cg14845962,PIP4K2C,Common,0.0713365222535336,0.205619204185709
cg14845962,RP11-620J15.3,Common,0.0688686905286076,0.201849187510263
cg14855124,H6PD,Common,0.102620543131705,0.102404478457738
cg14855124,SPSB1,Common,0.1473512013261,0.187093524840912
cg14902267,C22orf15,Common,0.0306846990470323,0.0471799694190404
cg14909614,RP3-510O8.4,Common,0.0045538045382783,554258347.665859
cg14913610,PZP,Common,0.0225926039827491,0.0560702449864943
cg14913610,RIMKLB,Common,0.117954294929979,0.297524586637989
cg14916108,ADIPOR2,Common,0.231027689102768,27199087163.8805
cg14916108,CACNA1C-IT2,Common,0.0329690714882817,122668118.823294
cg14920846,PHLDA3,Common,0.123817890241639,0.287735945274675
cg14920846,RP11-134G8.8,Common,0.128936504213368,0.304428387854719
cg14956327,CDK19,Common,0.247655682196336,0.40940243299734
cg14962509,NCDN,Common,0.0864894291795576,0.113854093157934
cg15006828,MKRN7P,Common,0.0777776763019336,12443182634.9983
cg15013527,ANO9,Common,0.0163187498386352,0.0662122145817828
cg15013527,ODF3,Common,0.006007599198902,0.0213528291662337
cg15013527,RP11-326C3.12,Common,0.0471560789559199,0.161055961576222
cg15031685,FAM71F1,Common,0.0675339232445323,0.0774054534270934
cg15031685,IMP3P2,Common,0.0860868785493116,0.0987186028317223
cg15031685,KCP,Common,0.14176606935937,0.162771530437367
cg15031685,RP11-274B21.2,Common,0.236859054663869,0.271145387842763
cg15033653,OAS1,Common,0.191744577027628,0.291984026500187
cg15035133,RP5-1177I5.3,Common,0.122772711003216,0.210160073810113
cg15035143,MIR142,Common,0.169961243340011,0.228934025244114
cg15035143,RP11-112H10.6,Common,0.0316319537310248,0.0463381623877928
cg15052890,MED11,Common,0.0726693785534476,0.115211324217979
cg15060813,AC002984.2,Common,0.187956151845535,0.720085803877978
cg15060813,ARHGAP33,Common,0.208065926649358,0.72928585075929
cg15060813,LRFN3,Common,0.299109284052373,1.10194523436647
cg15060813,ZBTB32,Common,0.121064005108074,0.556969042177107
cg15066489,HCLS1,Common,0.17043022835603,0.298685396089164
cg15078329,RP11-378J18.3,Common,0.0718715740064749,0.301821801521933
cg15096829,LGR6,Common,0.25961887858437,0.755762807208569
cg15096829,RP11-307B6.3,Common,0.3863009704824,1.61653650639129
cg15096829,RP11-465N4.4,Common,0.021338371992833,0.0592630084062811
cg15099037,SLC11A1,Common,0.397021277091373,0.518668263393168
cg15108645,CYP2W1,Common,0.0299747132004577,0.0645502528910469
cg15117681,FASN,Common,0.177464306893154,1.04814844967482
cg15117681,UTS2R,Common,0.15293470802332,1.06396235070931
cg15117739,HOXB4,Common,0.016223204913607,0.121800148816804
cg15123573,RP11-1277A3.2,Common,0.302078800576201,1.85164215800263
cg15123573,TMED9,Common,0.124279570822919,0.819908214321444
cg15139596,TYROBP,Common,0.388278343832381,0.646688908421165
cg15139596,ZBTB32,Common,0.196971132115812,0.264728701081307
cg15153141,RN7SL378P,Common,0.194903051753357,0.198104099490827
cg15169940,OVOL3,Common,0.0361317313264322,0.0469217642496346
cg15194531,HEXIM1,Common,0.11242813582231,0.196114611225025
cg15194531,RP13-890H12.2,Common,0.0423285078018121,0.0818142784095775
cg15195495,AC005391.2,Common,0.0011662178765675,0.0013315647707965
cg15195495,ELANE,Common,0.173126338377944,0.206144168937932
cg15224432,MIR769,Common,0.0021285844009726,0.0028813254465569
cg15240990,TMED1,Common,0.122241341419502,0.496953168840225
cg15253293,AC027601.1,Common,0.0405270495754451,0.086371872216234
cg15255390,CTD-2377D24.6,Common,0.0041448596162481,0.0433739583849286
cg15262954,KCNQ2,Common,0.126528343021203,0.157840377404431
cg15275312,RASSF1,Common,0.143726144691341,0.179358503350166
cg15275312,SEMA3B-AS1,Common,0.353262205311762,0.440744562047647
cg15305352,RP11-328M4.3,Common,5.70208377692405e-05,6.63419556497887e-05
cg15331705,PVT1,Common,0.127836206292788,0.225820237002525
cg15374751,AC012456.3,Common,0.0025001194207214,0.0049249728482644
cg15374751,RN7SL674P,Common,0.106945650862337,0.2186868969716
cg15390444,JAKMIP3,Common,0.190652236017006,0.811025931050214
cg15410236,GPX4,Common,0.0577333751278668,0.0810848493633012
cg15410236,HMHA1,Common,0.100207005898462,0.134832543206767
cg15437741,RP13-516M14.1,Common,0.296123538214654,0.838049038463731
cg15440157,RP11-167H9.6,Common,0.0485863352333839,0.0483271402594833
cg15463580,CAPS,Common,0.219901328947479,0.283036334305038
cg15463580,CTC-503J8.2,Common,0.200805469228238,0.261955929591157
cg15463580,RFX2,Common,0.314750631412768,0.410416492124781
cg15467116,S100A5,Common,0.0670900361270986,0.185452277971039
cg15467116,S100A8,Common,0.512273743397957,1.37062026451432
cg15467116,S100A9,Common,0.479297262796591,1.30108071329943
cg15468423,GADD45B,Common,0.605409193461115,2.55008259838826
cg15468423,SGTA,Common,0.108218243946666,0.930551892877186
cg15503752,MGAT5B,Common,0.2023679288755,0.806746536773969
cg15503752,RP11-318A15.7,Common,0.0001808033276752,0.0003713858537612
cg15539944,MBD6,Common,0.0872451830941678,0.175732432409873
cg15539944,TSFM,Common,0.0896900982575964,0.177985057669665
cg15539944,XRCC6BP1,Common,0.121457908489821,0.237075307810293
cg15575375,NFIA,Common,0.151725705036912,0.364368617127145
cg15614119,NTSR2,Common,0.199112379913441,0.559479556768101
cg15619439,RP11-690D19.3,Common,0.0556475890654112,0.0878647799280425
cg15624624,RP11-139K1.2,Common,0.35425441514717,0.91359369848581
cg15630071,CNOT10,Common,0.108863818588383,0.137067774382272
cg15630071,GLB1,Common,0.126947243111354,0.162160421846995
cg15673896,C1orf162,Common,0.270562170087475,0.29850004289854
cg15673896,FAM212B-AS1,Common,0.108561051414375,0.121497176874809
cg15673896,OVGP1,Common,0.132226862268423,0.144281021064732
cg15696058,FGFBP2,Common,0.164241774550178,0.275899629733865
cg15722438,MYO1F,Common,0.235586091861292,0.304744440784628
cg15722438,PRAM1,Common,0.232386140042681,0.309408709681763
cg15726700,SMCO1,Common,0.0318503565992421,0.0388627256765624
cg15751948,OR2AT4,Common,0.0236010966255347,0.026781570040968
cg15751948,RPS3,Common,0.0714337458629318,0.0871219181712835
cg15751948,SPCS2,Common,0.124590483305455,0.153492831823864
cg15800907,HAS1,Common,0.146709738202756,0.239587482007202
cg15812586,snoU13,Common,0.139706049284637,8558686338.28966
cg15814508,IGSF10,Common,0.0597543245113423,0.274722126219881
cg15814508,P2RY14,Common,0.172038056664414,0.794967706555192
cg15814508,RP11-166N6.2,Common,0.0030188961874324,0.0130593418690571
cg15821544,ATP6V1E1P1,Common,0.0099783304986534,0.0105344676120118
cg15821544,ERMAP,Common,0.0862205538220163,0.0902313832267356
cg15831598,ICAM1,Common,0.516144378611993,3.71762230884258
cg15831598,ICAM4,Common,0.200220217400144,1.97412325247624
cg15831598,P2RY11,Common,0.169713649511938,0.166856011367226
cg15871206,ESPNL,Common,0.0279980345562701,0.028369680860445
cg15982099,CELF1,Common,0.0685697706952443,0.0951343985860114
cg15982099,PACSIN3,Common,0.10615532982162,0.138848775107576
cg15982700,HOXA9,Common,0.0283695900349725,0.0893313395675685
cg16001495,AP000695.6,Common,0.060884040679202,0.666585445510647
cg16001495,AP000696.2,Common,0.0489658776276817,0.550461993934928
cg16001495,SIM2,Common,0.139185339917048,1.56548411777887
cg16014085,RP11-297C4.3,Common,0.0566656247823576,0.141087505767901
cg16017089,RP11-800A3.7,Common,0.0338944851492313,0.17926693316287
cg16021126,SMARCE1P5,Common,0.153408887594411,0.815114834127134
cg16073427,AP5B1,Common,0.163460931335631,1.12814860199992
cg16073427,CCDC85B,Common,0.203334726116843,1.39216304554036
cg16073427,RNASEH2C,Common,0.141268328514268,0.966859344838584
cg16106427,RP11-432J24.2,Common,0.0522017004261412,0.046671997762527
cg16106427,RP11-432J24.3,Common,0.0119806169605851,0.0106280598365367
cg16106427,STK32C,Common,0.0963560423676828,0.11701410036538
cg16109423,LINC01137,Common,0.156168486440872,0.420786010355015
cg16127683,GPR176,Common,0.0676305906196222,0.167828861948636
cg16127683,RP11-325N19.3,Common,0.008119815144375,0.0381673434467273
cg16129132,TSSC2,Common,0.0894721364906574,0.370717835220718
cg16131053,RP11-767C4.1,Common,0.0012872138459223,89985599.6978193
cg16133703,RP11-254I22.1,Common,0.0066619681520376,0.0123939111983513
cg16137564,EML5,Common,0.0732550282109783,0.134176116552333
cg16140558,RP11-360L9.4,Common,0.0568530768045275,3074805795.35137
cg16146033,SLC22A24,Common,0.0065137556640514,0.0047940780800616
cg16146033,STX5,Common,0.153422235538973,0.108326708907161
cg16191087,RP11-168K11.3,Common,0.0074289903330955,0.0105697904088698
cg16199747,RP3-337D23.3,Common,0.167312251834877,0.488029049425027
cg16216407,CCDC149,Common,0.147744241105921,1.08218355149864
cg16227748,NCL,Common,0.0804191355922975,0.115997436599405
cg16290689,LINC00398,Common,0.121423516767406,1.02502757194065
cg16312900,CHAD,Common,0.479575859716636,1.51656607283959
cg16312900,EME1,Common,0.102900260884449,0.367139857851737
cg16315020,FNDC7,Common,0.0183696040641237,0.0283269577573516
cg16324121,ARPC4,Common,0.0786060736277825,0.091157310769275
cg16324121,MTMR14,Common,0.108501990299885,0.123850661461566
cg16324121,TTLL3,Common,0.113943370180483,0.129800094813274
cg16332159,NPIPB6,Common,0.224001985523626,0.277967316010291
cg16332159,NPIPB8,Common,0.221717932101585,0.272151009042818
cg16332159,RP11-57A19.2,Common,0.0864348484038847,0.106682048425929
cg16332159,SBK1,Common,0.153900444427577,0.188249110693974
cg16402452,AGAP2,Common,0.13954936571386,0.450855783963882
cg16402452,ARHGAP9,Common,0.131304746213942,0.422334732344499
cg16402452,PIP4K2C,Common,0.094411663442881,0.300886597890783
cg16402875,AC005013.5,Common,0.155024589425176,2.08154175431026
cg16406967,HOXA4,Common,0.0142616614469675,0.0628220848738728
cg16406967,HOXA6,Common,0.0001700828130236,0.000726676418556
cg16449243,RP11-567M16.1,Common,0.040859113639561,0.254701075587039
cg16449243,RP11-795F19.5,Common,0.23848246436687,1.58231741170132
cg16459364,RP11-624C23.1,Common,0.0563734392491479,0.29252714208094
cg16484042,AC040173.1,Common,0.245977904482669,0.370910822952615
cg16495212,CPEB1,Common,0.197787325455747,0.454484461527803
cg16495212,RP11-752G15.6,Common,0.23344713664397,0.479716005459779
cg16527877,HFM1,Common,0.122196609730864,0.186065342537445
cg16536918,LZTS3,Common,0.111445533714268,0.129412874884439
cg16586211,FAM92B,Common,0.0144177096118765,0.0166637883263074
cg16601359,RP11-253E3.1,Common,0.0741597433896107,0.299714349065492
cg16619378,RP11-214O1.2,Common,0.0195161098039236,0.0651770348471398
cg16632346,SNRPFP1,Common,0.0016968114365969,0.0036077584996678
cg16632346,TMEM189,Common,0.102391175059012,0.335708607597228
cg16632346,TRERNA1,Common,0.0001479350992647,0.0003958761157091
cg16641055,RNF166,Common,0.128619137905092,0.141056456562555
cg16653138,RP11-181G12.4,Common,0.0050440697864222,0.0112032052431779
cg16653138,SKI,Common,0.109991783968232,0.197699036951002
cg16662250,PRDM11,Common,0.0799608076323724,0.132692927720095
cg16672810,MFSD6L,Common,0.0236435186285173,0.0277608000831641
cg16681421,H3F3B,Common,0.304837894383696,57479103679.1513
cg16681421,MYO15B,Common,0.264309388649436,35324519174.0535
cg16681421,RP11-552F3.9,Common,0.0668383726042482,2502919208.94789
cg16681421,SMIM5,Common,0.274289654164791,25480110773.6728
cg16681421,SMIM6,Common,0.45629547481323,38996848954.7937
cg16681421,UNC13D,Common,0.280183937506996,38174752807.848
cg16681421,WBP2,Common,0.125546011964993,2872070433.39281
cg16707506,MYO1G,Common,0.248147763068121,0.352910479542683
cg16708012,CORO1C,Common,0.151913807944763,0.250863235367873
cg16708012,SART3,Common,0.0650106169185843,0.107735839990172
cg16733298,RP11-626G11.3,Common,0.0122035434350372,0.0144977057703567
cg16744314,MYLK2,Common,0.328249923098698,0.482225741070534
cg16744314,TTLL9,Common,0.196601215472746,0.300617064538886
cg16748008,HOTTIP,Common,0.0025621708795208,0.0114228687634188
cg16748008,HOXA-AS2,Common,0.0050305396791679,0.021947556229709
cg16748008,HOXA-AS3,Common,5.39163644183372e-05,0.0002399420592264
cg16748008,HOXA6,Common,0.0001858957591655,0.0007685029729275
cg16773741,AC000067.1,Common,0.0883149100807895,0.117004029811084
cg16773741,CDC45,Common,0.046105795267374,0.0600114864360775
cg16775752,WDFY4,Common,0.0988678366098347,0.295351977543806
cg16786178,BATF,Common,0.29448780579706,0.337238617906768
cg16837973,AC109333.10,Common,0.0718445274321602,0.0979538974170263
cg16837973,RP11-333E1.1,Common,0.148699822120844,0.212032879955155
cg16837973,RP11-46I8.3,Common,0.040894689025827,0.057437529618074
cg16896911,CHST8,Common,0.195810512898402,0.267370974687197
cg16896911,CTD-2540B15.6,Common,0.209287689909986,0.28802669779044
cg16899351,PPP1R12B,Common,0.0617534586497963,0.989197813470598
cg16899351,RP11-480I12.10,Common,0.0334714042276404,0.753295582191303
cg16926213,C1orf222,Common,0.177038428836775,0.971913638938206
cg16927606,ETV2,Common,0.124660937080338,0.193946876287669
cg16927606,U2AF1L4,Common,0.157765101618352,0.244272195469612
cg16927606,ZBTB32,Common,0.119160623101838,0.162324825979217
cg16997642,HOXA13,Common,0.0082602957245728,0.0326680513620861
cg16997642,HOXA9,Common,0.0423677858911682,0.118380991093522
cg16997642,RPL7AP38,Common,0.0001310829852172,0.0006192460970618
cg17006136,ANKRD37,Common,0.271948359826266,0.448920382688427
cg17006136,CCDC110,Common,0.115969253178655,0.179638200462149
cg17019969,SPHK1,Common,0.171084314926476,0.173441757084716
cg17036418,CCT6B,Common,0.0893343276025395,0.127877769727487
cg17036418,RAD51D,Common,0.0622455471684933,0.0890007875112883
cg17046776,AKIP1,Common,0.0892093378661685,0.245159959437705
cg17046776,TMEM9B,Common,0.0682492708582313,0.162580259949304
cg17072519,SLC7A4,Common,0.200624335359743,0.273963877931586
cg17100943,TNFSF14,Common,0.127283645332356,0.50876697415186
cg17101285,C1QL4,Common,0.100017084203155,0.22837707438545
cg17101285,DNAJC22,Common,0.210456896781078,0.478844782280584
cg17101285,LMBR1L,Common,0.142605557742469,0.3423868235422
cg17104258,ILDR2,Common,0.0559447334916461,0.666279862775439
cg17126555,CDKN2D,Common,0.116156671397288,0.205336781101676
cg17126555,CTD-2369P2.4,Common,0.0023048120713578,0.0041481555355759
cg17126555,ICAM4,Common,0.198900606078711,0.306766732531682
cg17150898,ADIPOR2,Common,0.213501227634177,0.356397291598827
cg17150898,FBXL14,Common,0.152091839684144,0.262843480753835
cg17150898,LRTM2,Common,0.164008681432695,0.274047405679546
cg17213699,PTPN6,Common,0.136881316101821,0.155548024033954
cg17219660,LGR6,Common,0.190414382344533,0.406092333943022
cg17219660,LMOD1,Common,0.247706674964027,1.2624379044194
cg17219660,RP11-307B6.3,Common,0.345785791302418,0.31077439328256
cg17222829,AP001271.3,Common,0.303747188380402,0.327293074128325
cg17233506,HOXB5,Common,0.0053343838700368,0.0043385651914584
cg17291767,TRERF1,Common,0.0808651076600638,0.0857362341388878
cg17316649,HLA-DOB,Common,0.174382148423807,0.390842179475783
cg17316649,HLA-DRB1,Common,0.557505917296212,1.27480999245802
cg17316649,HLA-DRB5,Common,0.617888037239273,1.42034635086307
cg17316649,TAP2,Common,0.104891565064417,0.239947882023259
cg17330838,RP11-872D17.4,Common,0.08041384637785,0.144742845905402
cg17330838,SERPING1,Common,0.107436756587577,0.194468681961908
cg17330838,UBE2L6,Common,0.088303306138181,0.16468465878467
cg17342132,ARHGAP26,Common,0.193223723827852,0.808674905370477
cg17342132,ARHGAP26-IT1,Common,0.11765608785044,0.499337434860471
cg17342132,CTD-2050E21.1,Common,0.18277105989629,0.737143367506903
cg17342588,JAZF1,Common,0.123563966692308,0.226982430774782
cg17344932,GSDMB,Common,0.1424744929988,0.230552866137609
cg17349352,AC004854.5,Common,0.161803850122018,0.234562492716228
cg17349352,CCM2,Common,0.100809631339174,0.144517767475706
cg17349352,MYO1G,Common,0.139288408580853,0.199541493067064
cg17349352,NACAD,Common,0.0905652267939184,0.130470980507537
cg17349352,RP4-647J21.1,Common,0.0369018710928667,0.0529596409022703
cg17349352,TBRG4,Common,0.086778214317444,0.125052751234881
cg17416338,ARRDC5,Common,0.108019278649989,0.11225111803593
cg17416338,PLIN3,Common,0.131884333020255,0.141639443065871
cg17416338,PTPRS,Common,0.0798639920001047,0.0877642142074666
cg17416338,RPL32P34,Common,0.0002337606280886,0.0002797079493741
cg17418085,LAPTM5,Common,0.210262078722633,0.34757122842659
cg17446956,RP11-689B22.2,Common,0.08072276088143,0.10111137508649
cg17454234,FIS1,Common,0.0569188200791555,0.171178394262861
cg17454234,RP11-132A1.4,Common,0.0257208996157042,0.0834117610726682
cg17457637,EVX1,Common,0.0328722278590706,0.123952640523328
cg17457637,HOXA7,Common,0.0153286707937361,0.0556252580185666
cg17474422,ZMYM4,Common,0.0687875464150663,0.0857691583720687
cg17541002,RP11-711D18.2,Common,0.0027252511076145,0.0032366835482354
cg17607231,SP100,Common,0.22991754861883,0.357275780892465
cg17607231,SP110,Common,0.22805570026753,0.351450577252973
cg17665699,ALDH3A1,Common,0.0899027229751868,0.351474684434542
cg17665699,RP11-209D14.4,Common,0.190200502030453,0.828755277339659
cg17679743,SOCS3,Common,0.720300890906048,0.881216530529581
cg17679743,SYNGR2,Common,0.152974285786599,0.186544690463045
cg17679743,TMEM235,Common,0.204248124990507,0.252642433145613
cg17706411,ZBTB24,Common,0.0683725382371928,0.134446377796076
cg17745234,CSF2RB,Common,0.111651186363594,0.24530103716999
cg17745234,KCTD17,Common,0.173434498902627,0.377255439232827
cg17771150,LCP1,Common,0.234104827848632,0.464691252478729
cg17775899,HOXA7,Common,0.0209548314407071,0.240849315324713
cg17801546,POU2F1,Common,0.130516855300475,0.309536524075021
cg17804981,SMARCE1P6,Common,0.0514809469418325,0.0515232493768629
cg17824906,FBXL14,Common,0.146174340774978,0.31519980330704
cg17824906,LRTM2,Common,0.130532911737875,0.27333672596992
cg17825130,RP11-100N20.1,Common,5.70683627927306e-05,5.99092729484432e-05
cg17864091,C20orf195,Common,0.0691145736964933,0.095808367507848
cg17864091,TNFRSF6B,Common,0.408557708376554,0.550462098020902
cg17881200,HOTTIP,Common,0.0030188600027805,0.008265243800644
cg17881200,HOXA6,Common,0.0002151921694244,0.0006222985489114
cg17913115,ARL16,Common,0.174490020801436,0.267834700938656
cg17913115,FSCN2,Common,0.116890195009546,0.180871980771949
cg17913115,NPLOC4,Common,0.0383043594160085,0.0612031013867866
cg17913115,RP11-1055B8.7,Common,0.0640188200661963,0.100212830321997
cg17940464,RP11-936I5.1,Common,0.0438040669827519,0.119241887372879
cg17956563,TOLLIP,Common,0.112523047104797,0.148043157518632
cg17965690,SLC44A2,Common,0.0975174482548527,0.218317523306849
cg17977470,DNAH2,Common,0.0954801827163426,0.195884721932316
cg17977470,LSMD1,Common,0.107673838203707,0.324626527369975
cg17982866,CUL4A,Common,0.140009168829412,0.188934184641226
cg17982866,F7,Common,0.0954353451126769,0.126621940309031
cg17982866,MCF2L-AS1,Common,0.151102167059604,0.200648956219104
cg18026235,POU3F1,Common,0.113753891974715,0.253523580320755
cg18037834,PFDN5,Common,0.145233529757947,0.281581836239712
cg18046677,NUCB1-AS1,Common,0.0003079953416912,0.0005458900087412
cg18053607,TUG1,Common,0.0562870476444018,0.0932200043394051
cg18126557,OR2B11,Common,0.0079054521330811,0.0283621031853882
cg18127922,SKAP1,Common,0.16925012519074,1.00176773907471
cg18168310,RP11-554A11.9,Common,0.294906341849708,0.319721381899874
cg18171392,AP000357.4,Common,0.013966368149377,0.0216042895048353
cg18171392,GUCD1,Common,0.337374177962583,0.514088160262602
cg18205668,NACAD,Common,0.0994944801483467,0.122055971215527
cg18229196,KNDC1,Common,0.0902640873898582,0.119751744343967
cg18245281,CTSZ,Common,0.110553887346895,0.142828533866611
cg18252633,P2RY2,Common,0.117788057956734,1.05281097269923
cg18278486,HIST1H2AG,Common,0.0375306968625361,0.0724076710886036
cg18280057,TATDN1,Common,0.169444666684082,1.94329369140232
cg18281910,HEATR1,Common,0.0734082128087337,0.179970158082547
cg18317135,CTB-50L17.9,Common,0.139083144847939,0.708252955529751
cg18330082,MIR202HG,Common,0.114176362904546,0.120364001307256
cg18364707,KLK1,Common,0.0366951918712531,0.0671132034134218
cg18383668,APOC1,Common,0.320833294101516,0.670012536678953
cg18383668,GEMIN7,Common,0.102096610563267,0.210975809934316
cg18383668,PVRL2,Common,0.120651774362076,0.265405517828757
cg18383668,RELB,Common,0.195799081026117,0.426766641536072
cg18383668,TRAPPC6A,Common,0.135015135524471,0.277776813673428
cg18383668,ZNF296,Common,0.068222835231282,0.130172154967592
cg18384097,PTPN7,Common,0.100726837234553,0.127697719225268
cg18404811,RP5-1029F21.4,Common,0.0002220215918059,0.0003339819417556
cg18419175,RSPH10B,Common,0.162361206773555,0.318711424422583
cg18445108,C1QBP,Common,0.117428930117589,0.141278555217974
cg18445108,RP11-46I8.3,Common,0.0310358210345614,0.0372984194110878
cg18449062,CYP17A1,Common,0.0591276940243858,0.247932637728917
cg18454133,MYH7,Common,0.12766997576922,0.759708820484499
cg18454133,PPP1R3E,Common,0.145923010025628,0.545493411892121
cg18455390,LGALS3BP,Common,0.202819602118592,1.05523906712039
cg18463686,CLEC5A,Common,0.131107414461248,0.273706950409066
cg18463686,KIAA1147,Common,0.100887656264257,0.214634365653478
cg18518916,RP11-326I11.1,Common,6.70448612135876e-05,9.2505801684722e-05
cg18527651,GHRLOS,Common,0.164369178018761,0.933373687066492
cg18535283,CYB5R3,Common,0.226976306714868,0.611875272172156
cg18535283,RN7SKP80,Common,0.322025727836851,0.818482393871806
cg18535283,SERHL,Common,0.426688497202267,1.08759487204645
cg18535415,GPR25,Common,0.032974063618744,0.0899295006155156
cg18535415,RP11-168O16.2,Common,0.0022826442869096,0.0066894180393465
cg18535415,TMEM9,Common,0.118175484953249,0.32913757091994
cg18563860,ATP5E,Common,0.0903397736629002,0.109208500772931
cg18563860,NELFCD,Common,0.0773528637058919,0.0946209654682569
cg18568930,SIGLECL1,Common,0.0030847816922298,0.0145022025122225
cg18587137,RPL21P13,Common,0.0092919988264594,0.0503780701044116
cg18587137,TNFAIP2,Common,0.205620101004911,0.868126916649728
cg18612040,CTD-2561B21.4,Common,0.0023904011538394,0.006867027002959
cg18620571,RP11-736N17.4,Common,0.0385833530202582,0.147551501380698
cg18620571,RPL21P13,Common,0.0082650892798626,0.0344178081551401
cg18620571,TNFAIP2,Common,0.178167685615813,0.592585545248913
cg18623216,GMPS,Common,0.161581108641424,0.204630845236737
cg18638581,HK2,Common,0.156702354827118,0.185450166686699
cg18638581,TACR1,Common,0.0555226453140188,0.0637569288366406
cg18680977,HOXA4,Common,0.0149880208789357,0.214540428490419
cg18680977,HOXA6,Common,0.0001394210888098,0.0020420852297109
cg18727936,ECHS1,Common,0.0829508822258751,0.20029084385453
cg18727936,MIR202HG,Common,0.13338443261945,0.272743491131961
cg18727936,PRAP1,Common,0.135542311617688,0.327402197513516
cg18727936,VENTX,Common,0.13176644254257,0.318249336692493
cg18748888,AC061992.2,Common,0.0453038239454604,0.0467034120997834
cg18748888,TNRC6C,Common,0.0497544281998491,0.0516578010113436
cg18751141,HOTAIRM1,Common,0.055512134179429,0.303506099626785
cg18751141,HOXA10,Common,0.0160464081971596,0.087070791546471
cg18751141,HOXA9,Common,0.024715729887057,0.111736408845937
cg18776287,LCN1,Common,0.201969762055721,1.42617723572288
cg18787437,EPHA2,Common,0.191275290284449,0.480612537686071
cg18814344,NRG2,Common,0.199995522194622,0.915145143305775
cg18814344,UBE2D2,Common,0.199551280726117,0.839609644536806
cg18856478,ELOVL1,Common,0.142336550343254,0.309148739193135
cg18887230,MYH16,Common,0.0218656207543963,0.0349259371186814
cg18903093,C10orf107,Common,0.163764752952096,0.242245400761612
cg18956547,C2orf62,Common,0.131863253553359,0.18166915035503
cg18956547,CXCR2P1,Common,0.0187193570501722,0.0257539782827923
cg19015997,SCIN,Common,0.540636982275514,0.64423539621643
cg19017293,RP13-516M14.1,Common,0.381048799353941,1.75181178836128
cg19044229,AP5B1,Common,0.131874359948663,0.506708275815168
cg19044229,RNASEH2C,Common,0.118406240368939,0.53486073465382
cg19048532,HOXA3,Common,0.0080266497661172,0.11810351105174
cg19048532,HOXA6,Common,0.0002367483597556,0.004742243901363
cg19048532,HOXA9,Common,0.0297281493999806,0.0470677073980969
cg19051015,HOXB-AS1,Common,0.0715203764771311,0.247528852940786
cg19051015,HOXB7,Common,0.0117217611145243,0.0402785357806539
cg19065773,RPL13AP5,Common,0.152635626629548,0.1554271152721
cg19118751,CTD-2008P7.6,Common,0.0201288056958445,0.0206558408561364
cg19118751,RPS7P1,Common,0.0966893517566081,0.0978339789798807
cg19153828,RP11-521O16.2,Common,0.0310023431518072,0.0568593507770775
cg19154600,ANXA7,Common,0.231369730044557,0.855064010321215
cg19154600,MSS51,Common,0.278394381747172,1.10351332930732
cg19216624,PRRT4,Common,0.108343840770339,0.121750572508104
cg19217571,ZNF541,Common,0.0683039734205932,0.11013957035038
cg19220272,AC016735.1,Common,0.139941093419519,0.175904583466392
cg19220272,AC016735.2,Common,0.258706540419428,0.329281679264602
cg19220272,ZFP36L2,Common,0.337329135820673,0.404959102302098
cg19229215,CLDN4,Common,0.135585854813301,0.764961849737281
cg19241831,OTOF,Common,0.0541928536335538,8865301210.14153
cg19268695,DENND2D,Common,0.130249199496818,0.196433293321041
cg19268695,DRAM2,Common,0.162376314562874,0.225919479918099
cg19268695,OVGP1,Common,0.117356412023084,0.165239143023054
cg19284751,C1QL2,Common,0.273054830911223,0.331552338240273
cg19321979,APOA1BP,Common,0.182555869330053,0.182788381484659
cg19321979,RP11-98G7.1,Common,0.0982593077676338,0.102752173011644
cg19430423,B3GNT8,Common,0.0732310586896208,0.10158030250984
cg19430423,B9D2,Common,0.214693149033526,0.316270295250967
cg19430423,EXOSC5,Common,0.138507745016417,0.199758091631994
cg19434183,CCNJL,Common,0.0781905689621869,0.148605949755811
cg19442201,ANKRD63,Common,0.0409307839630556,0.195097086441488
cg19442201,BAHD1,Common,0.0830551695531896,0.388528803469664
cg19442201,RP11-133K1.1,Common,0.0166889501776272,0.0450718650909588
cg19443920,KLHL11,Common,0.12768691615111,0.216463888923519
cg19506623,ITGB6,Common,0.119078946717404,0.501694848550211
cg19522050,ENTPD7,Common,0.0439788349098178,0.597356241152612
cg19526353,CTC-378H22.2,Common,0.044025877147484,0.124533842522433
cg19526353,POU2F2,Common,0.337424880963562,0.998104351556221
cg19553910,AGAP3,Common,0.0801574083493673,0.335179685295272
cg19553910,NUB1,Common,0.0500431658884901,0.211541302752038
cg19553910,RHEB,Common,0.128144868140204,0.539118036885158
cg19553910,RN7SL76P,Common,0.162314080364197,0.678571166740425
cg19553910,SMARCD3,Common,0.105766242418808,0.437812663294185
cg19589494,RP11-16F15.2,Common,0.0405068548300561,0.0498352860153988
cg19622422,UNC13A,Common,0.131683156821459,0.355737210755162
cg19645616,AP1M2,Common,0.15380458975583,0.462084053022236
cg19647567,FAM153A,Common,0.22297927705793,0.292790770250679
cg19647567,FAM193B,Common,0.118314460072477,0.152724767929524
cg19647567,RGS14,Common,0.190378362468535,0.238374454297897
cg19663795,SNORA42,Common,0.0016797617164213,0.0024529988794353
cg19673376,CTC-550B14.7,Common,0.180499611531278,0.227384730618461
cg19673376,DNAAF3,Common,0.0767178928714476,0.0980368501711289
cg19673376,ISOC2,Common,0.0962205934774203,0.114523413085275
cg19673376,NLRP2,Common,0.195757382470804,0.239808263826691
cg19673376,PTPRH,Common,0.107742360983112,0.136701063446427
cg19685205,CLEC4E,Common,0.364570374055262,0.497087400735834
cg19692314,PLK3,Common,0.290652053037531,11260357882.1136
cg19692322,TPRG1L,Common,0.146817512274639,0.151827193746693
cg19803229,RP11-181G12.4,Common,0.0107103399354614,0.0460725916402246
cg19803550,MYO1C,Common,0.0339891837001125,0.0361319052535104
cg19803550,TLCD2,Common,0.0635691788289836,0.0646743976085795
cg19805943,GNLY,Common,0.47054320844497,0.762655285605823
cg19811337,AP5B1,Common,0.103798234308533,0.229501851651836
cg19811337,OVOL1-AS1,Common,0.0564495244693608,0.141133696880703
cg19811337,RNASEH2C,Common,0.0816095166902799,0.186115907686345
cg19819912,RP11-46F15.2,Common,0.208462799903791,0.239758345478143
cg19828220,HOXB7,Common,0.0084744567018541,0.0132081928158836
cg19869035,GRIFIN,Common,0.0745010801313447,0.353413599855504
cg19875532,VENTX,Common,0.195293167912319,2.19846380160121
cg19919590,LAPTM5,Common,0.250816487453042,0.275899071521388
cg19939130,CADM3,Common,0.0761969306415433,0.0968289094117158
cg19939130,IFI16,Common,0.203811143052714,0.257905350346423
cg19977179,RP11-434H6.2,Common,0.0464612327895167,0.0609114854762325
cg19977179,RP11-723O4.6,Common,0.0900592553637204,0.114298209109771
cg19979738,RP1-63G5.5,Common,0.18811004195019,0.217698067721041
cg20009327,AGAP2,Common,0.306253710670596,2.0551709049266
cg20079298,ANKRD63,Common,0.0444822490380599,0.257342735423462
cg20079298,BAHD1,Common,0.082141165662036,0.38551229392527
cg20091384,GNG7,Common,0.178152856826459,0.808573297685529
cg20095656,FAM193B,Common,0.194721795906236,0.294715850121858
cg20095656,RP11-1334A24.6,Common,0.128171946436082,0.203439059430223
cg20095656,TMED9,Common,0.104636861921215,0.159164426735142
cg20124223,DIXDC1,Common,0.0584289632926157,0.109190865728012
cg20139336,TFAP2A-AS1,Common,0.0345333344815991,0.0450792344007129
cg20145009,AHNAK2,Common,0.158363539566722,1.79508704622947
cg20145009,GPR132,Common,0.104877794153487,2.11469993614046
cg20145009,LINC00638,Common,0.108668441664378,1.46477933452738
cg20145009,PLD4,Common,0.370704914825921,5.27070864211153
cg20161965,HOTTIP,Common,0.0029224351903579,0.0080492381757975
cg20161965,HOXA9,Common,0.047407537481175,0.130822606251064
cg20184247,HOXB5,Common,0.0134730078033056,0.308631590368257
cg20204986,WT1,Common,0.0775950890131549,1.26619378745206
cg20204986,WT1-AS,Common,0.0829604679486444,1.56159262200188
cg20218614,C8orf76,Common,0.0731550977394002,0.221398630012156
cg20218614,RP11-557C18.4,Common,0.0341972382820143,0.127630698544062
cg20219891,AC073257.2,Common,0.09891499002984,0.192032114755332
cg20225999,CXCR2P1,Common,0.0132991400173789,0.029828819643581
cg20248204,MYCBP2,Common,0.221263268971844,0.489754137848319
cg20255370,GPR176,Common,0.0578452431212204,0.389304988254374
cg20255370,RP11-325N19.3,Common,0.0069821204517372,0.0340141931396224
cg20255370,SRP14,Common,0.0748969246702575,0.0928869802236703
cg20265748,PTPN21,Common,0.0641795056856968,0.152622206706552
cg20265748,RP11-507K2.2,Common,0.0254185936815209,0.0648945864035604
cg20273670,AC144838.3,Common,0.0919295687841845,0.272110920157652
cg20273670,NCOR1P2,Common,0.309980060180279,0.895855805217205
cg20273670,RP11-728E14.3,Common,0.0797723441806092,0.233210537458726
cg20284999,MS4A2,Common,0.0019407084608486,0.0024094066237637
cg20285026,RP11-181G12.4,Common,0.006001671667942,0.0060066533891468
cg20303028,M1AP,Common,0.0989250194541277,0.315519706870085
cg20303028,MRPL53,Common,0.0793385692635591,0.257850519512476
cg20303028,MTHFD2,Common,0.125155983611265,0.349121411844776
cg20454518,RP13-672B3.2,Common,0.114757681901937,0.15112319929756
cg20454518,RP13-672B3.5,Common,7.4780212599676e-05,9.78926942529536e-05
cg20460366,CD40,Common,0.132833889538445,0.3070955409354
cg20467658,LINC00928,Common,9.1070909886731e-05,0.0067964201211697
cg20471691,HOXB13,Common,0.0201587375874657,0.222086349588395
cg20482521,CCDC147,Common,0.0602388100802588,0.115088205460617
cg20505457,CTD-2325P2.3,Common,0.0770080366548186,0.121967028622443
cg20551922,UBE2G1,Common,0.363189968311571,0.734020231498139
cg20558230,AHRR,Common,0.137401480999055,0.156584696580702
cg20591728,RPL9P28,Common,0.0001067338578936,0.0004947610020375
cg20595457,IL10,Common,0.0578939481474335,0.133603233765703
cg20614671,FTSJ2,Common,0.118610729346173,0.530516204697292
cg20617583,RP11-677M14.7,Common,0.18624987121294,0.663446997815243
cg20618448,ALDH16A1,Common,0.121665746857979,0.121927975348733
cg20618448,CCDC155,Common,0.0060148162896193,0.0060400113357046
cg20618448,SLC6A16,Common,0.0364852802108835,0.0365724269026841
cg20636352,FTCDNL1,Common,0.113037608796275,1.16131545382633
cg20636352,SEPHS1P6,Common,0.0296094789560578,0.228988597625203
cg20637915,RP13-895J2.2,Common,0.1261926359959,0.13874017597643
cg20637915,RP13-977J11.2,Common,0.166577454396654,0.181117403307933
cg20670361,RP4-781L3.1,Common,0.0138661140939155,0.0811298292098275
cg20701531,AC018866.1,Common,0.265613134334442,0.900577583205493
cg20702205,ACTB,Common,0.164552638690942,1.73184596609836
cg20702205,RNF216-IT1,Common,0.0031185673125381,0.0106627049868296
cg20754844,CAMK2A,Common,0.178378925544908,733215835.067948
cg20754844,CSF1R,Common,0.27370586152062,12846876377.6375
cg20817131,HOTAIRM1,Common,0.084135494316446,0.688602565027811
cg20860806,AC012379.1,Common,0.0635628615120088,0.117975590687643
cg20860806,RP11-227D13.4,Common,0.0087287620047304,0.0149684507750126
cg20864214,P2RY2,Common,0.094928231845182,0.485642095320403
cg20864214,RP11-800A3.4,Common,0.0738665370775275,0.369482195928365
cg20911180,GUCY2EP,Common,0.0045718272895944,0.0069237213511067
cg20911180,RP11-672A2.4,Common,0.0445836077975607,0.0676742489901003
cg20975835,FERMT3,Common,0.216500570647598,0.328102427458588
cg20975835,RP11-21A7A.2,Common,0.18033833576279,0.286344113598814
cg21011139,OR5P4P,Common,0.0139959411517804,0.05292860577382
cg21011139,SYT9,Common,0.0646956366917461,0.246080909737548
cg21048168,TRIM24,Common,0.157432936500435,1.04115310940117
cg21073930,PRDX2,Common,0.0778400764782478,0.280383889231607
cg21109038,RN7SL755P,Common,0.124210181805549,0.595069930593919
cg21109038,RP11-617F23.1,Common,0.236884835621149,1.08230799161485
cg21117965,ASIC4,Common,0.117919135429786,0.360389121866576
cg21117965,DNAJB2,Common,0.0993405457600966,0.739810765951788
cg21117965,DNPEP,Common,0.113726435901012,1.27990753932207
cg21117965,INHA,Common,0.180719255735252,0.158217760818522
cg21117965,STK11IP,Common,0.148388633112046,1.21957901705365
cg21171625,LINC01137,Common,0.140405342040166,0.245022254673846
cg21177463,SHISA5,Common,0.0947228609415053,0.354057038917473
cg21177463,TREX1,Common,0.170534254266771,0.638763969627965
cg21190644,GMDS-AS1,Common,0.100358246652471,0.116703805761352
cg21236153,ENHO,Common,0.151502795902566,1.32582239958377
cg21367811,RPL7AP38,Common,8.4083475363923e-05,0.0004585093195644
cg21369801,RP13-20L14.6,Common,0.144243130371183,0.229826147780823
cg21369801,RP13-516M14.2,Common,0.147695785811108,0.236597085435812
cg21369801,UTS2R,Common,0.155156755294219,0.253894059176341
cg21385052,HIST2H2AC,Common,0.323568138552132,0.400677804822711
cg21386414,TRIM63,Common,0.130284453626731,0.73266725377815
cg21419003,DDX20,Common,0.078042600445347,0.125577452633292
cg21440776,PIANP,Common,0.189023280764591,0.186269350288206
cg21440776,SCARNA11,Common,0.0053480253592887,0.016973567494773
cg21445230,CTC-479C5.12,Common,0.155867051903861,0.310619626336471
cg21445230,LCAT,Common,0.167141557924399,0.329963927132026
cg21445230,NUTF2,Common,0.0557646555701711,0.111345365707148
cg21456212,AL356740.1,Common,0.176269618293902,0.192824677415606
cg21465176,TEX19,Common,0.0100774533158591,0.0106787184726894
cg21486834,METTL23,Common,0.0808771188644985,0.126959814917944
cg21486834,RNF157,Common,0.0815195125276654,0.133165097331111
cg21488617,LINC01137,Common,0.122006307870142,0.182357674169461
cg21513088,AC093326.1,Common,0.0001593863139579,0.0002418649069591
cg21556281,HOXA4,Common,0.0169740876078862,0.0657452989070382
cg21556281,RP1-170O19.17,Common,0.102500434886603,0.389531582000636
cg21584234,CTD-2218G20.1,Common,0.230903947135615,0.349769543183165
cg21629821,PGLYRP1,Common,0.0446448989665142,0.0938671074730683
cg21641458,HOXA9,Common,0.049789847732268,0.504620451551012
cg21647532,AC016753.7,Common,0.0314219342517544,0.0392892516944914
cg21647532,AC093162.5,Common,0.0198787727916085,0.0247695266217813
cg21663431,SLC44A2,Common,0.0829542949854631,0.159648798575305
cg21691116,ITLN2,Common,0.009298071727205,0.0198824611591363
cg21696012,RN7SL532P,Common,0.0325011806435104,0.0407976645653536
cg21715751,LRP3,Common,0.1220768154764,0.182812150398905
cg21747160,RP11-386G11.3,Common,0.0003090302779512,0.0011122247763124
cg21747160,TROAP,Common,0.070139848498041,0.239257130767915
cg21806242,RP11-169D4.2,Common,0.0353794391519885,0.0928736904312923
cg21864868,SKAP1,Common,0.172261508244809,1.1591294843341
cg21876001,RN7SL833P,Common,0.0818405725420219,0.0750034669027667
cg21876001,ZNF627,Common,0.0491917225644104,0.0464110361858548
cg21899500,GRM2,Common,0.193655057917263,1.00197991182247
cg21923525,PPP4R1,Common,0.131397873011723,0.155022583428092
cg22008490,ELF3,Common,0.0917870763898928,0.108079104746283
cg22008490,LGR6,Common,0.141140709116043,0.195458224253065
cg22008490,LMOD1,Common,0.266049533695002,0.31504325457119
cg22008490,PTPN7,Common,0.217605214502324,0.264195050930745
cg22013370,BECN1P1,Common,0.0072738249311776,0.0469101369693191
cg22068629,CTC-265F19.1,Common,0.130030551499066,0.169572227651434
cg22068629,OAZ1,Common,0.108787539839425,0.138917417692028
cg22068629,SF3A2,Common,0.139294189969683,0.174977411166045
cg22088368,NCF4,Common,0.240884189075092,0.299842273548638
cg22138735,MIR941-2,Common,0.225210707401786,0.703512508902404
cg22141459,TP53I13,Common,0.393098358808993,0.898409180179147
cg22143698,ANKRD33B-AS1,Common,0.0009227940045719,0.0036649050511788
cg22144225,C2CD4A,Common,0.113504017195761,0.190435578399684
cg22145559,GNAS,Common,0.12151794071978,0.166527370829898
cg22159528,ETHE1,Common,0.088357433151439,0.405420762469049
cg22159528,KCNN4,Common,0.148274774629885,0.650967085173325
cg22159528,ZNF576,Common,0.0739127792556983,0.365003395654231
cg22159815,CD46,Common,0.34442737668548,0.472128719257457
cg22159815,RP11-57I17.3,Common,0.181433353858061,0.23758367295633
cg22165685,ADAM8,Common,0.100008357423561,0.12360251748607
cg22165685,CALY,Common,0.212399769278445,0.264610851337701
cg22165685,GPR123,Common,0.0830424200726748,0.105285843141958
cg22165685,PAOX,Common,0.118453629922784,0.148964251250561
cg22165685,PRAP1,Common,0.104855844897421,0.13262462948004
cg22165685,TUBGCP2,Common,0.101046876120266,0.12919200636651
cg22216196,WIZ,Common,0.0714281429485174,0.487083892725987
cg22229039,PARK7,Common,0.102770239866692,0.150362466898406
cg22229039,VAMP3,Common,0.130618149892562,0.18756055639178
cg22258713,GPIHBP1,Common,0.286403863182685,1.53967027725861
cg22258713,RP13-582O9.5,Common,0.271170822800691,1.09781809882526
cg22259797,VPS11,Common,0.113779735063439,0.165727242735137
cg22294740,IZUMO4,Common,0.173333645693346,0.427261053040875
cg22294740,MOB3A,Common,0.095311161520439,0.235492360342789
cg22294740,TIMM13,Common,0.117897540849938,0.290745186722938
cg22294740,TMPRSS9,Common,0.0393498688287855,0.0979231782667443
cg22321036,FAM71E2,Common,0.0081441177496089,0.0251140281834704
cg22321036,UBE2S,Common,0.152032332458468,0.439813722272831
cg22331200,DYNLL2,Common,0.144771087517013,0.134651095268193
cg22331200,MIR142,Common,0.28306584250769,0.264851901572688
cg22360649,CST6,Common,0.0465273884112954,0.79687122803024
cg22360649,SF3B2,Common,0.0657883578592936,1.06550934433967
cg22373622,ANKRD65,Common,0.161718832749194,0.321667603464996
cg22373622,RP5-890O3.9,Common,0.124317173505963,0.208138781007645
cg22373622,SLC35E2,Common,0.133312883239519,0.303736065047229
cg22400703,CNRIP1,Common,0.0619488696876815,0.116316723909291
cg22424903,RP3-510O8.4,Common,0.0031322352262754,0.0139736877680094
cg22429121,FGR,Common,0.166549741300198,0.346107735506175
cg22429121,RP1-159A19.4,Common,0.139234478762568,0.285990511989412
cg22429121,RP3-426I6.2,Common,0.119102562649009,0.232098208682545
cg22483449,BIN3,Common,0.153840061408059,0.374761241081007
cg22507723,AGAP2,Common,0.12712723926793,2.62733980955322
cg22507723,B4GALNT1,Common,0.10366983373341,1.95243190827474
cg22514173,RANBP1,Common,0.111507677639867,0.137826083054454
cg22552736,LINC00963,Common,0.117416327083782,0.216789381913698
cg22552736,RP11-344B5.4,Common,0.0359695769125418,0.0673745509098059
cg22568423,NDUFA7,Common,0.0355655942327159,0.0543444994528975
cg22595230,CDC25B,Common,0.0443027495424194,0.101026392174479
cg22622477,CALCOCO2,Common,0.0979386371814068,1.20384450277257
cg22660933,SKAP1,Common,0.115777057214286,0.44596861969049
cg22670759,CISH,Common,0.255526689426721,0.814668246394894
cg22676000,CEACAM5,Common,0.0004311353591471,0.0006005319848066
cg22772747,HOXA4,Common,0.0230254350410758,0.0570333480698132
cg22772747,HOXA9,Common,0.0442775901452839,0.109678284657324
cg22777249,MLC1,Common,0.266251157119814,0.346814553576315
cg22777249,ZBED4,Common,0.0623956800106861,0.0800666354642836
cg22787468,NEK8,Common,0.0965111037387621,0.101155384625742
cg22798849,HOTAIRM1,Common,0.0574160360006642,0.259999523906497
cg22798849,HOXA-AS2,Common,0.0047206872402671,0.0246282332677142
cg22798849,HOXA6,Common,0.0001489718953329,0.0007411508766055
cg22810423,LINC00862,Common,0.0293969872096945,0.120015833249657
cg22842143,AC009005.2,Common,0.201833405104326,0.245947099178748
cg22850925,RP11-557J10.3,Common,0.0321849953671811,0.035541070144161
cg22908922,TMEM121,Common,0.167851458094467,0.201266944329192
cg22932677,KLF1,Common,0.0622745602578099,0.315283121598918
cg22958403,SNHG10,Common,0.138124833592051,0.268020338851228
cg22962123,HOXA-AS2,Common,0.0037025729285823,0.0261842930014926
cg22962123,HOXA6,Common,0.0001296529672744,0.0009503746630041
cg22987448,MYO1F,Common,0.0669206475353227,0.138131304759893
cg23005885,RN7SL755P,Common,0.114814151130093,0.283555110098337
cg23005885,RP11-697E2.6,Common,0.0404625034040912,0.0976928340409441
cg23014425,HOXB5,Common,0.0122575919882143,0.0324363802601422
cg23014425,HOXB7,Common,0.0128041956372448,0.0483526141483617
cg23014425,SKAP1,Common,0.105566727301544,0.312176038381838
cg23035449,ANPEP,Common,0.174178913686128,0.283750840090043
cg23035449,C15orf38-AP3S2,Common,0.226639434382585,0.367966805381806
cg23035449,GDPGP1,Common,0.284912893512096,0.471125067125065
cg23035449,RP11-697E2.7,Common,0.221352970778564,0.35169004106873
cg23083936,B3GNT8,Common,0.0737666238985618,0.0852311486560351
cg23083936,CEACAM21,Common,0.235031508848868,0.267532729801219
cg23083936,CEACAM4,Common,0.105290669645793,0.119803477616958
cg23095988,CHD5,Common,0.0918501274182553,0.183744814151145
cg23095988,TAS1R1,Common,0.0316141685261002,0.0720588506301188
cg23097296,RP1-27O5.3,Common,0.0324423074030027,0.241687148021995
cg23120601,ANKRD63,Common,0.0352629247938404,0.10152357841496
cg23120601,BAHD1,Common,0.0532830578602293,0.154038235247991
cg23120601,RP11-133K1.7,Common,0.0122350404852372,0.0337008411674017
cg23177095,RP11-220C2.1,Common,0.150122099031983,0.350892456583248
cg23184070,ZNF746,Common,0.0578294948768525,0.278413225075476
cg23184252,NCOR2,Common,0.0744799346218363,0.112735373859292
cg23193613,ZNF696,Common,0.201591035239681,1.88065890796177
cg23206851,EVX1-AS,Common,0.0027467482961902,0.0079395146868463
cg23206851,RPL7AP38,Common,0.0001119799225323,0.0003188175361819
cg23243608,NCBP2,Common,0.172935290922287,0.223178096257415
cg23245942,SKAP1,Common,0.0756958445216614,0.875089416061432
cg23250085,COA7,Common,0.193831517242088,0.785152419173608
cg23272978,AP001266.1,Common,0.0975653783129243,0.105348567894274
cg23272978,NEAT1,Common,0.161702307413498,0.16323662559042
cg23304605,GPR68,Common,0.1316265194767,0.178399745682614
cg23348081,MRPS18CP4,Common,0.0047800541712113,0.0090427100751764
cg23349301,HOXB5,Common,0.0084252617727208,0.0357838365984071
cg23349301,RP11-433M22.1,Common,6.2546641085371e-05,0.0002648558436581
cg23349301,SKAP1,Common,0.100111910628086,0.301922057994249
cg23350904,ZMYND15,Common,0.110348348994137,1.00941704488625
cg23357708,HNRNPM,Common,0.0886984104880229,0.239808957736407
cg23357708,ZNF414,Common,0.0762345161348321,0.199680877206792
cg23365801,LSMD1,Common,0.0682978215113474,0.6593456221859
cg23377551,MBD6,Common,0.0593222935459058,0.139983935595134
cg23377551,SLC26A10,Common,0.109023183330899,0.248205542054906
cg23377551,TSFM,Common,0.0662448984637975,0.155786308183052
cg23377551,XRCC6BP1,Common,0.0728587626513319,0.164524451729693
cg23387569,AC025165.8,Common,0.0158301653041558,0.0531360617537816
cg23387569,AGAP2,Common,0.170942353637359,0.651786322536451
cg23387569,RP11-620J15.3,Common,0.122777301254246,0.634124778988968
cg23392845,EIF3B,Common,0.0787546269003197,0.200067272786038
cg23392845,GRIFIN,Common,0.0434415377850162,0.114137206600658
cg23392845,IQCE,Common,0.0795698049570392,0.224548379038353
cg23404330,AC132872.1,Common,0.0272266988419744,0.0625802665647228
cg23450038,C19orf35,Common,0.10024586983558,0.117982513714527
cg23450038,DOT1L,Common,0.124834921575124,0.147103259721033
cg23450038,GADD45B,Common,0.331864646375113,0.399646713286231
cg23450038,GNG7,Common,0.176500553219451,0.209724963552595
cg23450038,LINGO3,Common,0.145935425129918,0.174168733233349
cg23460145,ARHGEF17,Common,0.168026863602984,0.20919802618096
cg23460145,P2RY2,Common,0.129541881992414,0.163294858838057
cg23460145,RP11-800A3.4,Common,0.125326964418051,0.16089795275506
cg23471067,BNIP3,Common,0.14398008669559,0.344871161756952
cg23489038,SH2B3,Common,0.124709399809337,0.95903601665725
cg23497683,LONRF2,Common,0.101513464883376,0.130526428269814
cg23501964,SLC24A3,Common,0.227375825503735,1.76201948927398
cg23514375,ADPRHL1,Common,0.0876309834225058,0.118761368960326
cg23514375,LDHBP1,Common,0.0307862676482108,0.0413504144923006
cg23582982,CELF1,Common,0.099790588097347,0.137035107132378
cg23641707,AC104777.2,Common,0.0004779606304937,0.000889702228415
cg23646614,PTPRJ,Common,0.284131623866417,0.283384075103603
cg23656161,CECR3,Common,0.0191585173293505,0.0218587094160121
cg23656224,ANKRD13A,Common,0.0960387978725744,0.0840388145449924
cg23669081,TTLL6,Common,0.0905407608262748,2.07631823529626
cg23671196,SLC27A2,Common,0.0918527142491266,0.123576081593612
cg23678254,AL160471.6,Common,0.0350005928302897,0.138944500976077
cg23678254,RPL21P6,Common,0.0002724688097825,0.0011201148526405
cg23697410,TSPAN15,Common,0.182403810864633,0.499356747295694
cg23732483,NDUFAF3,Common,0.163074862618761,0.250401227647193
cg23732483,RP13-131K19.2,Common,0.153053842520413,0.239926613480198
cg23819092,GON4L,Common,0.0966036088286012,0.0914567915905549
cg23824183,FAM83A,Common,0.0347054238332564,0.0916902180467414
cg23829949,AKT3,Common,0.101216664156641,0.273858305585206
cg23843705,TNFRSF1B,Common,0.242004071779424,0.300890798340687
cg23845574,VENTX,Common,0.146304457652563,0.411145313799878
cg23859635,KCNG3,Common,0.0756081185882163,0.286471666912156
cg23859635,MTA3,Common,0.0701201712123191,0.263359857895747
cg23871276,ELFN1,Common,0.151608160063924,1.00149579461601
cg23884076,RP11-556N4.1,Common,0.0155855328122447,0.0288081936284999
cg23907053,AC025263.3,Common,0.331856141023113,1.74345531482595
cg23907053,MYRFL,Common,0.32358355278198,1.81040209241992
cg23907108,RASGRP2,Common,0.112277726204734,0.525518531303136
cg23925513,C17orf49,Common,0.147039649895724,0.405059413687661
cg23925513,DLG4,Common,0.118476552446038,0.332190815534705
cg23925513,GABARAP,Common,0.0808978311970823,0.224474303068051
cg23929682,AC132217.4,Common,0.453364088407558,0.631640477407828
cg23929682,CD81,Common,0.106569958368427,0.146960988492789
cg23936031,HOTTIP,Common,0.0021555467373256,0.0193379880506083
cg23936031,HOXA-AS3,Common,4.39176181314651e-05,0.0003949215463954
cg23936031,HOXA10-AS,Common,0.0013138032975918,0.0115327738508117
cg23936031,HOXA6,Common,0.0001298549780891,0.0010827584527755
cg23939875,AKIP1,Common,0.123465403883898,0.36638638550946
cg23987789,VAMP3,Common,0.0866974032833522,0.107918163969723
cg24007388,NRXN2,Common,0.07948121001268,0.100657680854572
cg24026212,MS4A14,Common,0.128814761768628,0.172400096424805
cg24026212,MS4A4A,Common,0.149064337838661,0.199277975292795
cg24026212,MS4A4E,Common,0.112615379814201,0.148988559988838
cg24026212,MS4A5,Common,0.0002841299833994,0.0003767732361948
cg24026212,MS4A6A,Common,0.272446545752545,0.364790291006431
cg24040595,HOXA9,Common,0.0229704644514611,0.183603480596529
cg24068229,MRPS12,Common,0.050570713848573,0.0937044097323278
cg24126180,RP11-286H14.1,Common,0.0039249074956949,0.0074937519814025
cg24163658,FLNB,Common,0.166939756596503,0.186425813095024
cg24163658,PDHB,Common,0.129688677891699,0.159037721678621
cg24169822,HOXA2,Common,0.0041550658410651,0.0181077685236135
cg24178676,CTC-308K20.2,Common,0.100721783158283,0.155824644216923
cg24211976,RP11-82L7.4,Common,0.0249670156086213,0.905452087005569
cg24247667,UBALD2,Common,0.161576860024557,0.189365506057679
cg24320673,CTD-2006K23.1,Common,0.0371382360034776,0.0427422422885865
cg24320673,GPR142,Common,0.0332223612468147,0.0384478999836273
cg24360871,HOXA-AS3,Common,3.77571710061207e-05,0.0006167457174334
cg24387542,NOS2P3,Common,0.279805904470334,0.463574339437037
cg24387542,SPECC1,Common,0.160413473562547,0.272104330315596
cg24391854,ACAD8,Common,0.135398122525163,0.185952363507918
cg24391854,GLB1L3,Common,0.259001549744879,0.359046655051131
cg24391854,JAM3,Common,0.199158476557483,0.272417523012488
cg24391854,NCAPD3,Common,0.2080578984031,0.298081907466466
cg24391854,RP11-700F16.2,Common,0.0774175835690939,0.109969811608139
cg24414363,CCDC134,Common,0.084099836531032,0.132724952098032
cg24414363,CENPM,Common,0.26115327315424,0.403234810256785
cg24414363,CTA-250D10.23,Common,0.324894261001643,0.487029916707821
cg24414363,CYP2D6,Common,0.255824224255554,0.397575655177628
cg24414363,SREBF2,Common,0.0956787725294534,0.145566253864944
cg24414363,TNFRSF13C,Common,0.0851703782618421,0.124826380274552
cg24433287,DNALI1,Common,0.109644004103744,2.82486730328848
cg24433287,YRDC,Common,0.0815101181497603,1.63166990009411
cg24460126,RP11-533E19.5,Common,0.106444992810521,0.230191684011855
cg24468934,DHDDS,Common,0.0860325106032479,0.0931892695723163
cg24484352,NAGS,Common,0.165822349068968,0.209603964724521
cg24499605,ARHGEF16,Common,0.102256673866177,0.0905964905133552
cg24546683,TUBB8P6,Common,0.0010690998677726,0.0064662278182861
cg24550149,MROH7,Common,0.14268798930794,1.33546891837415
cg24618369,GPLD1,Common,0.079949337943591,0.091597121826969
cg24618369,KRT8P43,Common,0.0043115989623573,0.0048332306764074
cg24620905,HIST2H3A,Common,0.0126281102920207,0.019499600082403
cg24620905,HIST2H3C,Common,0.0126281102920207,0.019499600082403
cg24620905,RP11-353N4.5,Common,0.0590051678499185,0.0930032438035223
cg24636368,SKAP1,Common,0.108035496338275,0.244906641770571
cg24668061,HEXIM1,Common,0.164313522868528,0.283079746941926
cg24668061,RP13-890H12.2,Common,0.0544660234509391,0.112944416255501
cg24676346,MDFI,Common,0.176310801842901,0.213643367111184
cg24691453,INTS3,Common,0.107196203033556,0.131092188508589
cg24691453,RP11-216N14.5,Common,0.0116720261511366,0.0160070703901927
cg24704077,FNDC1,Common,0.0062857531009427,0.0065655355352799
cg24704077,FNDC1-IT1,Common,0.0013811572589151,0.0014295118139581
cg24710655,SPATC1,Common,0.0189096764267676,0.0139850678453829
cg24724506,CTD-2537I9.5,Common,0.0541212694090787,0.280655093610701
cg24724506,FIZ1,Common,0.0958848134082453,0.503670588577225
cg24724506,PPP6R1,Common,0.0676074946520862,0.349467248838739
cg24724506,ZNF524,Common,0.106740351148108,0.546583747003732
cg24724506,ZNF865,Common,0.0619002217858129,0.318293974755077
cg24735489,HLA-C,Common,0.635172982909129,0.920900250927153
cg24735489,MUC22,Common,0.0024470412135999,0.0034796347465676
cg24735489,PSORS1C1,Common,0.247956522017504,0.359187670316742
cg24735489,XXbac-BPG248L24.10,Common,0.0015608307191219,0.0022802131512808
cg24756378,AKAP6,Common,0.151202129477508,0.169255801267914
cg24761525,HOXB-AS1,Common,0.0880514728918173,0.63149931408657
cg24761525,HOXB5,Common,0.0117187069400952,0.0902831128964457
cg24761525,SKAP1,Common,0.191605647502052,1.07084129721048
cg24761525,TTLL6,Common,0.127329150026644,1.04318956459824
cg24771877,RP11-780K2.1,Common,0.0294610542777057,0.0326700231109268
cg24786986,AC073626.2,Common,0.0002242332967958,0.0030264124264927
cg24815934,ITGB2-AS1,Common,0.202192637881533,0.263003051789018
cg24856064,MEDAG,Common,0.079138189587754,0.557567759693031
cg24859236,PIK3CD,Common,0.112934227363669,0.437129752055453
cg24861866,RP11-122K13.7,Common,0.037961466446029,0.0398251096627873
cg24861866,VENTX,Common,0.227957073574831,0.232374461658252
cg24875029,AC013402.5,Common,0.0174146029882873,0.0526407638142512
cg24875029,AC104655.2,Common,0.027495114465646,0.084322805983681
cg24889694,SNX31,Common,0.0709605093598368,0.118439592883426
cg24889708,HOXB7,Common,0.0104210535800915,0.0331847873494833
cg24890964,CTNNBL1,Common,0.279603948075819,31337434185.6111
cg24890964,SRC,Common,0.174453306291927,7404455359.95461
cg24919768,MALL,Common,0.0731197398941287,0.165051840116419
cg24919768,RP11-1223D19.1,Common,0.0469706470372592,0.106556666305905
cg24925163,SAP130,Common,0.161888867887518,0.478224050186334
cg24925163,SFT2D3,Common,0.174612954871618,0.476967862713302
cg24947456,NAB2,Common,0.151072516612919,0.206812908001104
cg24947456,ZBTB39,Common,0.0699931459925688,0.106389758718438
cg24956391,RPL7AP14,Common,0.0440987348791605,0.114820661626504
cg24964103,TAAR4P,Common,0.003304501562106,0.0060754734791844
cg24964103,TAAR9,Common,0.010446465391147,0.0186136385161117
cg25004071,CDH4,Common,0.174523960360844,0.666650221868548
cg25004071,TAF4,Common,0.107349389075177,0.368119234114349
cg25010124,C11orf85,Common,0.0318733506402986,0.0354809714456002
cg25010124,CAPN1,Common,0.183012963787038,0.212595139256661
cg25010124,CDC42EP2,Common,0.318416169375355,0.358798005263556
cg25010124,CDCA5,Common,0.174310263840698,0.196934049878561
cg25010124,RNU2-23P,Common,0.181856637137694,0.203946462270029
cg25010124,SLC25A45,Common,0.314551680620569,0.357542767521097
cg25015038,RP11-356K23.1,Common,0.138783740420135,0.542950202157732
cg25015038,RP11-356K23.2,Common,0.0991208396596409,0.369668519213657
cg25050332,ANO9,Common,0.0273226314435856,0.287938449172131
cg25050332,IFITM2,Common,0.405749086015931,0.709420735375959
cg25050332,IFITM3,Common,0.278673690006541,0.416282143538773
cg25050332,RP11-304M2.3,Common,0.0012141152444199,0.0426701024100579
cg25103895,ALDH7A1P4,Common,0.0028519724369719,0.0053632876700569
cg25104637,RASGRP2,Common,0.162764223734718,0.72871016213716
cg25117523,LGALS3BP,Common,0.184495314537003,0.533360649858951
cg25132276,AC008427.2,Common,0.0034948280719449,0.000283298962784
cg25139229,WDFY4,Common,0.0727078562485514,0.434684365119504
cg25143652,KCNQ2,Common,0.166048095807957,0.185865857885828
cg25153759,MIR202HG,Common,0.147310072254058,0.482553003778143
cg25153759,UTF1,Common,0.0346655986320326,0.0990793861210848
cg25204742,DAGLB,Common,0.0777577499556638,0.0967948216958562
cg25204742,GRID2IP,Common,0.0461419330852557,0.0574969683256153
cg25207828,EMC3,Common,0.0857982852984176,0.141432676046875
cg25282715,AC015936.3,Common,1.06194964940539,1.14081369725358
cg25282715,CCDC103,Common,0.364020686549341,0.39039051536823
cg25282715,KIF18B,Common,0.122194842944943,0.130862554268008
cg25285237,CCDC23,Common,0.143902735147626,0.146481574481856
cg25285237,ERMAP,Common,0.0988121775213766,0.10053702878006
cg25314315,GJA9,Common,0.0467143613606467,0.142504099996919
cg25341313,RBM34,Common,0.203564199126336,0.23013323214389
cg25341313,RP4-781K5.7,Common,0.0001933289862721,0.0001941543584982
cg25360761,AC002511.1,Common,4.26479798300914e-05,7.60261218648291e-05
cg25360761,TMEM147,Common,0.0827473064214534,0.145675114000761
cg25382900,CLCN6,Common,0.0555110059459559,0.0634421383166188
cg25382900,TNFRSF8,Common,0.0205552001128144,0.0235884350737596
cg25386676,CTB-79E8.2,Common,0.0003638174247432,0.0008686895105031
cg25386676,CTC-308K20.2,Common,0.0703932286363864,0.186157604280753
cg25387487,THG1L,Common,0.0741322507890911,0.167475516198101
cg25391820,SLC23A1,Common,0.04196473525877,0.350147025418565
cg25414746,CCDC147-AS1,Common,0.236059716171787,0.350820907747708
cg25414746,SFR1,Common,0.19605877258817,0.290015677419272
cg25432336,AC012065.5,Common,0.0573626959699354,0.120211315324974
cg25444339,CCL24,Common,0.222177343606533,0.565858015667843
cg25451893,RP11-318G8.2,Common,0.050832928451796,0.0935802233251142
cg25453677,PRPF8,Common,0.149544166378105,0.353465657256951
cg25453677,SERPINF1,Common,0.15203087147022,0.36073857466334
cg25487405,PPARA,Common,0.0795298534063644,0.149102558712009
cg25488284,FARP2,Common,0.11794556999407,0.145280322130456
cg25490145,RP13-516M14.1,Common,0.119669424710339,0.215356361382984
cg25490145,TEX19,Common,0.0109609969435606,0.0196737311150369
cg25513853,GPR142,Common,0.0231379459008687,0.0775128299163109
cg25526061,KNDC1,Common,0.072272243564679,0.0727046168534442
cg25526061,MIR202HG,Common,0.0843632502886879,0.0918869659737769
cg25550753,SOCS5,Common,0.18284774761641,0.287815793193459
cg25550753,TTC7A,Common,0.11167332672652,0.179705249518268
cg25582401,AGAP2,Common,0.32831655787316,2.45195386675065
cg25582401,DDIT3,Common,0.346604982110658,4.24560632293054
cg25582401,MARS,Common,0.276676554625504,6.90959344290417
cg25582401,RP11-58A17.3,Common,0.226356946774324,9.00367358491942
cg25595793,C19orf38,Common,0.07783696514191,0.190366420926732
cg25595793,SLC44A2,Common,0.102516480596846,0.214340693677668
cg25599198,P2RX1,Common,0.0631625297533978,0.067518042793395
cg25623459,KRTAP5-AS1,Common,0.330601593989613,0.626310414296749
cg25629768,GADD45B,Common,0.308808894642678,1.19688031840545
cg25629768,GNG7,Common,0.0850041896531573,0.246216670153819
cg25629768,LSM7,Common,0.0697570632059715,0.378950698971176
cg25666403,AC004832.1,Common,0.0465760595563219,0.0688064763913017
cg25666403,RP1-102K2.6,Common,0.001845121918261,0.0031248002039833
cg25666403,RP4-539M6.14,Common,0.0033485548353102,0.0056727284646374
cg25666403,RP4-539M6.18,Common,0.0323493605913353,0.0465744976246002
cg25698205,TAGLN2,Common,0.217765053919761,0.259065673738185
cg25738176,CTD-3195I5.3,Common,0.0002554977900051,0.0004786182384526
cg25738176,P2RX1,Common,0.0710382650750445,0.159026162226926
cg25738326,RPP25,Common,0.197369952562097,0.311579689630273
cg25741368,CNFN,Common,0.195196567892485,0.735108306689396
cg25741368,ZNF526,Common,0.136471220563625,0.517505967885116
cg25754958,LGR6,Common,0.153301263322101,0.278240120836588
cg25840926,GDF7,Common,0.0318234222284026,0.0441172648652916
cg25866143,HOXA10-AS,Common,0.0041672763863258,0.232999181455284
cg25897519,RP11-360L9.4,Common,0.0331761447003148,3074805795.35137
cg25897519,RP11-360L9.7,Common,0.0622843580412536,6217478349.41216
cg25900902,CTDNEP1,Common,0.0704575009723566,0.1846156348789
cg25900902,EIF5A,Common,0.0847989155925445,0.0645346323297564
cg25900902,GABARAP,Common,0.052723477955167,0.209030472258118
cg25900902,SNORA67,Common,0.13329431162643,0.256606993456651
cg25900902,ZBTB4,Common,0.0654661884669407,0.250100564791603
cg25907743,ACTA2,Common,0.268070097660568,0.286531628853889
cg25907743,FAS,Common,0.270146730249695,0.295828262520438
cg25930146,RP11-582J16.5,Common,0.0980775882291618,0.0842966183498009
cg25930146,RP11-87E22.2,Common,0.136447319991514,0.123443654910346
cg25952581,HOXA7,Common,0.0255840708074607,0.187576227270576
cg25969878,RP11-432J24.2,Common,0.0811154795974256,0.129134428732124
cg25969878,STK32C,Common,0.173044919534088,0.27349051452114
cg25982880,ARRDC5,Common,0.118260073831574,0.214211237119339
cg25982880,MIR7-3HG,Common,0.278183624301749,0.604516941886435
cg26002218,APOPT1,Common,0.129419371307295,1.32249068611994
cg26002218,KLC1,Common,0.0930983997394138,0.694870383318859
cg26002218,RP11-45P15.2,Common,0.0005381743326381,0.0093288202600841
cg26002218,RP11-45P15.4,Common,0.230552920915063,1.18733040751465
cg26023912,HOXA10-AS,Common,0.0024242806548552,0.0748668296452897
cg26023912,RPL7AP38,Common,0.0001299121161626,0.006194918181577
cg26053066,C9orf89,Common,0.121576976236934,0.160225426477362
cg26053066,RP11-165J3.6,Common,0.194268693089563,0.261611271602598
cg26112639,RP11-488L18.6,Common,0.198176531212326,0.22844731012572
cg26118759,RP5-1086K13.1,Common,0.0293572654536194,0.051569273482044
cg26149485,C19orf35,Common,0.0618773322130038,0.146692352407385
cg26149485,GADD45B,Common,0.280532536637187,0.612106046463815
cg26149485,SF3A2,Common,0.0700345873022089,0.168725827175294
cg26153054,AC131180.1,Common,0.0115361036873294,0.0499053923782393
cg26153054,KLF2P4,Common,0.0206253374993158,0.222940385800075
cg26153054,PLEKHB2,Common,0.0806880581860983,0.559652006013032
cg26194251,SPERT,Common,0.0157506630473243,0.0185146264588585
cg26195652,C1orf210,Common,0.0315402383328377,0.0361539834606152
cg26264232,HOTTIP,Common,0.0033055764732337,0.0115248492112189
cg26264232,HOXA6,Common,0.0002028764302024,0.0006299282868968
cg26288892,RP11-535A19.2,Common,0.0876268491611903,1949899550.52063
cg26295435,GFOD2,Common,0.130514601578501,0.288078385034167
cg26295435,NUTF2,Common,0.0915379988928796,0.209320231768579
cg26295435,RANBP10,Common,0.104245290277645,0.223977380493484
cg26333751,CD63,Common,0.174314024863707,0.305262097852727
cg26333751,CDK2,Common,0.252748417297857,0.392697046675159
cg26333751,ERBB3,Common,0.260212190173007,0.45263655281805
cg26333751,GDF11,Common,0.215866169876088,0.331076628829811
cg26333751,MYL6,Common,0.137500396593085,0.232146692299272
cg26333751,RP11-644F5.11,Common,0.200311906802764,0.303258389950661
cg26333751,SMARCC2,Common,0.239888255205761,0.414434815766472
cg26333751,SUOX,Common,0.148220882795726,0.25445479695211
cg26360402,IGHA2,Common,0.109717861898291,0.132867345931858
cg26360402,IGHG1,Common,0.278934998588777,0.339003035750465
cg26360402,RP11-521B24.5,Common,0.0734873351351447,0.0874694546169661
cg26402660,HOTTIP,Common,0.0021729116385895,0.0259474373325037
cg26402660,HOXA-AS3,Common,4.62658383317023e-05,0.0005436753811782
cg26407544,RP5-930J4.2,Common,0.0010221921138514,0.0019884299844418
cg26418434,RP11-691N7.6,Common,0.0324753063423998,0.0526427008762307
cg26418434,RP11-872D17.4,Common,0.0657554108660571,0.119007668214877
cg26422762,LINC00899,Common,0.129562028827066,0.593560440714254
cg26422762,RP6-109B7.2,Common,0.0396000190428654,0.178538713512444
cg26433975,AC004854.5,Common,0.2205909216962,0.255857436299334
cg26433975,CCM2,Common,0.122298479123271,0.141073450025268
cg26433975,MYO1G,Common,0.249661641579637,0.290862608357746
cg26433975,NACAD,Common,0.134763286206667,0.152845412146437
cg26433975,RP4-647J21.1,Common,0.0704626681783056,0.0815143435274944
cg26433975,TBRG4,Common,0.115052579848097,0.132071629206369
cg26470479,CTD-3193K9.3,Common,0.0343463043545631,0.0490187006798085
cg26470479,PTP4A2P1,Common,0.0660864711504921,0.0959346596080606
cg26476820,CAPG,Common,0.281876289954857,0.33513552979905
cg26479630,BTNL9,Common,0.504863768340697,4.27435270054217
cg26504421,COG1,Common,0.156108736027997,0.493490861998047
cg26506790,GSE1,Common,0.139196136839281,0.147534189504471
cg26516710,SRRM2-AS1,Common,0.0888997020634345,0.352495011516923
cg26553501,RP11-181G12.4,Common,0.0041936975088445,0.0129830251831544
cg26581200,AC004832.1,Common,0.0519869365280013,0.0588075710080156
cg26581200,LIF,Common,0.185535262392003,0.208789796344029
cg26581200,OSM,Common,0.075498301729618,0.0850781070827793
cg26581206,NCOR2,Common,0.058229957410137,0.079149989813732
cg26587870,HIST1H4PS1,Common,0.0027452039464953,0.0070730010110805
cg26598899,TSPAN32,Common,0.0849904275332732,0.100755453282332
cg26619671,SPATA2L,Common,0.436272059197674,0.406558162432737
cg26619671,SPIRE2,Common,0.206219866825065,0.187206338989095
cg26628907,RP11-387H17.6,Common,0.0181089078811288,0.0254042604779349
cg26643870,CSDC2,Common,0.30704505487433,0.437446530069908
cg26643870,L3MBTL2,Common,0.0871919369552516,0.125945675519224
cg26643870,MEI1,Common,0.245446436162085,0.350048899240408
cg26643870,PHF5A,Common,0.0998135360971717,0.142824070511115
cg26654827,SERPINE1,Common,0.265142080988627,0.738322625900283
cg26685998,ZFP36L2,Common,0.330178548555881,0.484064391973225
cg26687072,SKAP1,Common,0.16947255798047,1.20601804643041
cg26734350,COQ9,Common,0.0798460008270901,0.24468850030102
cg26734350,KIFC3,Common,0.103648322681442,0.323971141253391
cg26734350,RP11-405F3.2,Common,0.0035913779124523,0.0111297245470883
cg26735503,CPNE1,Common,0.289765566147025,0.572117569924919
cg26735503,EDEM2,Common,0.185427869167442,0.395694173826316
cg26741686,C4orf47,Common,0.100672782551546,0.147253604292863
cg26741686,UFSP2,Common,0.128180280056889,0.186886943534527
cg26769927,AC009133.17,Common,0.0096378227157108,0.01066115805759
cg26787863,KISS1,Common,0.111890789476236,0.37124686416974
cg26792089,NPIPB6,Common,0.230550465514531,0.232646720297504
cg26793227,SPATA21,Common,0.0260105782349866,0.0293936616891926
cg26793227,SPEN,Common,0.121716171689288,0.137366979054047
cg26799250,TXNDC17,Common,0.17728802932857,0.210198893466405
cg26842815,C1R,Common,0.423399241955216,0.693158754619294
cg26842815,C1RL,Common,0.185359130594804,0.293806255462147
cg26842815,C1S,Common,0.322618616396002,0.503497188570547
cg26842815,CD4,Common,0.173911053470311,0.301799131489694
cg26842815,PHB2,Common,0.0900629811896898,0.15395384742281
cg26842815,PTPN6,Common,0.460455123253203,0.763833060624525
cg26874693,AC002979.1,Common,0.234674970940494,1.26745392596293
cg26920864,LA16c-325D7.2,Common,0.261085658698738,0.30940969787951
cg26920864,LA16c-380H5.2,Common,0.152412307049316,0.193320580687438
cg26921612,RP1-180M12.1,Common,0.0034924341649692,0.0062128023429438
cg26972389,FAM196B,Common,0.0646175646519115,0.141970492011977
cg27004182,LYN,Common,0.181921067167509,0.234581847317704
cg27012908,CDR2,Common,0.0991329746955972,0.108722361695151
cg27012908,RP11-101E7.2,Common,0.0042668042488665,0.0046953933381564
cg27081745,RP11-404L6.2,Common,0.0384673995125431,6024304815.6099
cg27098804,CD5,Common,0.0262904689873645,0.125961556774942
cg27098804,CD6,Common,0.270680414719253,1.26860495596071
cg27107144,AC005944.2,Common,0.0415965153135121,0.211653243864328
cg27111250,ANTXR2,Common,0.0987854467489,0.739843166045205
cg27125093,AC005264.2,Common,0.0118275302645279,0.0149629057188238
cg27125093,TLE2,Common,0.0958130485911954,0.117910329550264
cg27162882,HOXA-AS3,Common,9.34094923984824e-05,0.0001474847636528
cg27162882,HOXA11-AS,Common,0.0136283289867878,0.0220012154978652
cg27162882,HOXA5,Common,0.0123333820754535,0.0203716467469994
cg27200630,GAPDHP39,Common,0.0022918463401928,0.0099024004089505
cg27213872,AC007362.1,Common,0.197284433220514,0.237258088404934
cg27217474,HOXB5,Common,0.0102254868469661,0.0596662228342503
cg27228136,CYTH4,Common,0.211474798902831,1.02412541483296
cg27257453,RP11-486L19.2,Common,0.0179479227812641,0.100320852821463
cg27317046,AREL1,Common,0.0615559762056548,0.339782151754819
cg27317046,NPC2,Common,0.151476878026021,0.522684914876483
cg27317046,VRTN,Common,0.0149252208363543,0.122672258161309
cg27343684,RP1-152L7.5,Common,0.069927634262902,0.102495322922974
cg27359668,F10,Common,0.107681128323403,0.109587172672174
cg27365978,GSTO2,Common,0.165914558873144,0.181387653240192
cg27405128,RP11-925D8.6,Common,0.0057392734640704,0.0126930190155917
cg27409802,TPRG1-AS1,Common,0.0954219109411109,2.28113846302833
cg27421679,SLC25A20,Common,0.137152188613076,0.29975078044141
cg27432864,RP11-841C19.3,Common,0.0256418988805223,0.216178314295484
cg27471246,KCNJ15,Common,0.0234296830595706,0.0260986857525216
cg27482619,MAP3K8,Common,0.165932963165233,0.233840479440177
cg27485921,SOCS5,Common,0.135864228433153,0.254160402899311
cg27489373,LA16c-316G12.2,Common,0.12755599397384,0.114501345904084
cg27489373,LA16c-395F10.2,Common,0.151653740078174,0.135566713972071
cg27522367,RP11-469H8.8,Common,0.0021482902540478,0.0035683202978712
cg27522367,RP11-70F11.8,Common,0.0854306164954486,0.146240018132549
cg27531366,CD164L2,Common,0.138315497952737,0.793335076547078
cg27531366,RP11-4K3__A.3,Common,0.210541911529796,1.14523185837361
cg27537164,RP11-351J23.1,Common,0.0219542189667658,0.299377912268849
cg27566403,LGALS3BP,Common,0.159408564166396,0.408306290515854
cg27573991,OR2B11,Common,0.0056564767988971,0.0073118779524883
cg27573991,ZNF496,Common,0.0982696286125817,0.12516326043689
cg27578734,RP11-503G7.1,Common,0.000498615496262,0.0005807131305912
cg27606341,FYB,Common,0.21118632013596,0.273203137274638
cg27606341,RICTOR,Common,0.120756047256872,0.158663816834312
cg27624319,TP53INP2,Common,0.205845199273639,1.38233664772533
cg27639662,PRDM8,Common,0.282594819008666,2.93024924755389
cg27660627,SPG7,Common,0.106372356451388,0.168876074633303
cg00001099,RP11-216N21.2,haEWAS-specific,0.0115981439920934,0.0209627283212966
cg00057966,MSX2P1,haEWAS-specific,0.0062419662416888,0.0102480668203546
cg00118783,AC009041.1,haEWAS-specific,0.00419871204873,0.0729145775407589
cg00118783,LA16c-381G6.1,haEWAS-specific,0.0207572049807299,0.375488700985282
cg00126889,RP11-589C21.1,haEWAS-specific,0.0255410484151348,0.559850506225747
cg00171729,PAQR8,haEWAS-specific,0.17706261952158,2.70559769799759
cg00326231,TSSK2,haEWAS-specific,0.0172558979238262,0.0476163098413324
cg00340349,ST6GALNAC6,haEWAS-specific,0.0420706697409798,0.0505358225465288
cg00423364,AP006621.8,haEWAS-specific,0.0718891988188031,0.209161851483623
cg00452882,HSD11B2,haEWAS-specific,0.0449882381713905,1.88945996608074
cg00452882,PARD6A,haEWAS-specific,0.0233054828177801,0.773968399992251
cg00562553,HOXA-AS2,haEWAS-specific,0.0038916421316409,0.104730574988331
cg00574740,RP11-173B14.4,haEWAS-specific,0.0258302082461793,0.111779984302603
cg00588297,AUP1,haEWAS-specific,0.181206025428694,0.214002632262636
cg00588297,HMGA1P8,haEWAS-specific,0.17167222982748,0.220962246355762
cg00664406,PARP3,haEWAS-specific,0.0856171282129063,0.300958044165013
cg00759427,DNAJC5,haEWAS-specific,0.0676078094380595,0.102097314791962
cg00816609,HDAC11-AS1,haEWAS-specific,0.0463389381090678,0.0762030243171823
cg00851518,WASF2,haEWAS-specific,0.0308051676765514,1.0257834673784
cg00921266,HOXA9,haEWAS-specific,0.0143770242729155,0.0902492249798367
cg00982521,TREM2,haEWAS-specific,0.145313650842758,2.22459186679218
cg00982521,TREML4,haEWAS-specific,0.0122320186474385,0.153608493119846
cg00989365,RP11-1046B16.1,haEWAS-specific,0.0359180693503356,0.856780150919833
cg01062942,BRD4,haEWAS-specific,0.0329194886609103,1.92607518920418
cg01062942,CYP4F3,haEWAS-specific,0.0185464739431212,1.13831621773317
cg01089914,DIRC3,haEWAS-specific,0.0264880854197722,0.0438820003855895
cg01217984,HOTAIRM1,haEWAS-specific,0.0697915673195368,0.808452703338147
cg01220257,CTB-129P6.4,haEWAS-specific,0.0859185683847845,1.5372557198978
cg01278291,DBN1,haEWAS-specific,0.0900848871267024,0.0989256146505734
cg01301319,HOXA-AS2,haEWAS-specific,0.0046026598630163,0.0868982444445668
cg01301319,HOXA4,haEWAS-specific,0.0143114158276097,0.341953267322112
cg01353646,RN7SL312P,haEWAS-specific,0.146513760741226,0.467846001303311
cg01419713,DKK4,haEWAS-specific,0.010929149840712,0.299909660662658
cg01431057,RN7SL44P,haEWAS-specific,0.0658522274440582,0.113536308934199
cg01439383,GRIFIN,haEWAS-specific,0.0903643861578566,0.178021395671938
cg01539849,NDUFS3,haEWAS-specific,0.0462431560887867,1.38027978837464
cg01539849,PSMC3,haEWAS-specific,0.0714093175484149,1.1889586436458
cg01688936,AC135048.13,haEWAS-specific,0.214765232648818,0.281465874209912
cg01722297,AC003665.1,haEWAS-specific,0.0522317535699299,0.0812383566294859
cg01722297,RP11-6N17.4,haEWAS-specific,0.0724685418935087,0.11119249874897
cg01722297,RP5-890E16.2,haEWAS-specific,0.0310523528244982,0.0476898698337695
cg01731500,ASPSCR1,haEWAS-specific,0.145484508661241,0.135515850207479
cg01731500,FASN,haEWAS-specific,0.128653473855932,0.127639674012861
cg01964852,HOTTIP,haEWAS-specific,0.0019847162309481,0.14990895478111
cg01964852,HOXA-AS3,haEWAS-specific,4.07723422572777e-05,0.0025158237892883
cg01964852,HOXA4,haEWAS-specific,0.0109730299607432,0.742442745894309
cg01973695,RP11-740D6.3,haEWAS-specific,0.0001969497050726,0.0040511112646767
cg01987516,CUTC,haEWAS-specific,0.0325869703082164,2.48440460504762
cg02026306,BCL2L12,haEWAS-specific,0.0739825772444921,0.536265722703098
cg02124912,PTPRVP,haEWAS-specific,0.0590959470215325,0.228403673415358
cg02182476,INSR,haEWAS-specific,0.0408043642541931,0.0541666550291818
cg02216731,PRR25,haEWAS-specific,0.0506775837486667,0.0987911624066019
cg02297801,MMP23A,haEWAS-specific,0.258538699661288,0.967144283928597
cg02342594,RBM18,haEWAS-specific,0.131865960052601,2.30546573421159
cg02490942,ATP11A-AS1,haEWAS-specific,0.0102151716847868,0.0324721085005355
cg02627455,HOTAIRM1,haEWAS-specific,0.0703004097420095,0.599993706127044
cg02637537,PIWIL2,haEWAS-specific,0.0260723121053839,0.350196936187967
cg02744249,CTSZ,haEWAS-specific,0.0562917538747989,0.0658444771484823
cg02776498,RP11-809N8.2,haEWAS-specific,0.0301841067265431,0.255755038332371
cg02803819,HOXA-AS2,haEWAS-specific,0.003549636307389,0.0630517055352736
cg02905865,HSPBP1,haEWAS-specific,0.036979875693138,0.0371562996263197
cg02905865,ZNF580,haEWAS-specific,0.0175063702420269,0.0229361020652107
cg02905865,ZNF628,haEWAS-specific,0.0560668495179156,0.056306111430654
cg02905865,ZNF784,haEWAS-specific,0.0426352169984326,0.0427732723309781
cg02916332,HOXA10,haEWAS-specific,0.0298129773127008,1.2439818058314
cg02916332,HOXA11,haEWAS-specific,0.0039738641157122,0.324845810178065
cg02916332,HOXA2,haEWAS-specific,0.0030510949890561,0.235548572323896
cg02930866,EAF1,haEWAS-specific,0.138820947648359,1.40586201277821
cg02961798,NRN1L,haEWAS-specific,0.0456631492052775,0.204237395384195
cg03013070,NOC3L,haEWAS-specific,0.137915509134029,0.953949606673086
cg03019986,HOXB5,haEWAS-specific,0.0052653392268392,0.0361809752567953
cg03169557,ZNF276,haEWAS-specific,0.0309049113361772,0.0255021234165067
cg03176993,TPRG1-AS1,haEWAS-specific,0.0386394198171868,0.254172483726237
cg03193328,GS1-124K5.2,haEWAS-specific,0.224009538277235,2.1166758117823
cg03193328,GS1-124K5.3,haEWAS-specific,0.1386319513454,1.05137133418387
cg03308399,EVX1,haEWAS-specific,0.0249055937118611,0.182401003993702
cg03337886,LINC00676,haEWAS-specific,0.0111570420931232,0.0247234704721393
cg03419014,AP000704.5,haEWAS-specific,0.101486314385429,0.763755605366551
cg03547924,NFS1,haEWAS-specific,0.0502875515355518,0.1237219601882
cg03630596,C9orf141,haEWAS-specific,0.0033492551470945,0.0323963832798809
cg03630596,GRIN1,haEWAS-specific,0.039254726092302,0.626733583479549
cg03630596,MAN1B1,haEWAS-specific,0.0118528012757754,0.251255554076051
cg03630596,RNF208,haEWAS-specific,0.0610611874275244,0.58336268877028
cg03630596,RP11-229P13.19,haEWAS-specific,0.013353496864464,0.0928942190813823
cg03630596,RP11-229P13.25,haEWAS-specific,0.0010946040744565,0.164717106722975
cg03731131,ETHE1,haEWAS-specific,0.167707850774223,2.13923222388924
cg03750567,RNU6-48P,haEWAS-specific,8.01451727627053e-05,0.0002173824172862
cg03762572,VAMP3,haEWAS-specific,0.0490295590634675,0.0665202229283987
cg03908904,NDUFA11,haEWAS-specific,0.114795174868778,0.163272055095641
cg03922423,GLI4,haEWAS-specific,0.153220257885329,0.178358035939631
cg03969996,DACT3,haEWAS-specific,0.0718867284912427,0.201622052421958
cg04026354,METTL16,haEWAS-specific,0.024499063818557,1.5700511436511
cg04026354,RP1-59D14.1,haEWAS-specific,0.0015532059642207,0.121863283611804
cg04173586,AC004490.1,haEWAS-specific,0.0496868107829255,0.0878518916316166
cg04173586,AC012615.1,haEWAS-specific,0.192664786484915,0.384443324367999
cg04173586,AMH,haEWAS-specific,0.227465560026825,0.304873926560729
cg04173586,DOT1L,haEWAS-specific,0.117395604691331,0.21692022760088
cg04173586,MKNK2,haEWAS-specific,0.0683845526682642,0.0296946965411689
cg04173586,SPPL2B,haEWAS-specific,0.0360076963588886,0.0493617424445161
cg04176122,FOXR1,haEWAS-specific,0.040981097664657,0.0841892045711984
cg04177826,ACR,haEWAS-specific,0.0132304544655127,0.63887518348719
cg04177826,KLHDC7B,haEWAS-specific,0.010304773860877,0.295371696430426
cg04248271,RNF145,haEWAS-specific,0.0554113055808661,0.180641508972482
cg04266202,MPO,haEWAS-specific,0.0434499715568506,0.0431881196332764
cg04347264,RP11-122K13.12,haEWAS-specific,0.187921835213256,1.72288429012552
cg04383462,GNAI2,haEWAS-specific,0.0149315334557875,2.41693094523712
cg04383462,RBM5,haEWAS-specific,0.0140633280146549,2.7400906633769
cg04383462,ZMYND10,haEWAS-specific,0.0569101024185169,3.90271628898064
cg04520340,SKI,haEWAS-specific,0.0615207867702386,0.125335400766754
cg04587220,CIRBP-AS1,haEWAS-specific,0.0263653318375648,0.127949649582378
cg04587220,MUM1,haEWAS-specific,0.0561519469718529,0.21951321164888
cg04587220,TMEM259,haEWAS-specific,0.0722879577543602,0.253856063310633
cg04781580,TRAV6,haEWAS-specific,4.483142502656429e-22,5.44996279647204e-07
cg04903759,RP11-576M8.2,haEWAS-specific,2.41544814326034e-22,4.39203774244732e-07
cg05076221,HOXA7,haEWAS-specific,0.0147614283556463,0.188345837432062
cg05118960,SLC38A3,haEWAS-specific,0.141668682974041,1.03019563180113
cg05142677,IL17C,haEWAS-specific,0.0210647455831709,0.265575283944558
cg05235171,IL10RA,haEWAS-specific,0.277933463369496,1.32510360871164
cg05280698,CTC-454I21.4,haEWAS-specific,7.50728241221082e-05,0.0005322963089166
cg05280698,ZNF571,haEWAS-specific,0.0244749747594527,0.16235888517604
cg05306109,ITPKB-AS1,haEWAS-specific,0.0019867197486142,0.023365320939856
cg05387167,TTLL6,haEWAS-specific,0.102766322705837,1.00723326931291
cg05387269,ATAD3C,haEWAS-specific,0.120949613319581,0.152763048623423
cg05412788,RNU4-1,haEWAS-specific,0.00167576691017,0.0106898765758258
cg05417607,PITPNA-AS1,haEWAS-specific,0.0185882439939427,0.048647583389091
cg05417607,WDR81,haEWAS-specific,0.0089748477218929,0.0355383799408657
cg05433111,RP11-1348G14.5,haEWAS-specific,0.0079161883227628,0.0132691500773732
cg05485462,OR1F2P,haEWAS-specific,0.0350008109412402,0.204940761449222
cg05485462,PKMYT1,haEWAS-specific,0.116151298004106,0.774096862783996
cg05818824,SMARCD2,haEWAS-specific,0.160354665171707,0.139089427764637
cg05827190,PIGG,haEWAS-specific,0.0573064667076108,0.0783500223446116
cg05851542,CRELD1,haEWAS-specific,0.103835325426476,2.50396424210038
cg05851542,IL17RE,haEWAS-specific,0.0217832972521991,2.03463605843375
cg05886689,RN7SL324P,haEWAS-specific,0.0011612521322233,0.0223432228765219
cg05905531,AC092566.1,haEWAS-specific,0.0001660794982607,0.0017284955486287
cg05913684,BSG,haEWAS-specific,0.140093062844522,2.8554956970973
cg05913684,CDC34,haEWAS-specific,0.075514580460339,2.65501943244518
cg05913684,CFD,haEWAS-specific,0.0349499879850753,2.96526140087999
cg06154311,MTG2,haEWAS-specific,0.0012081305788156,0.0194693867100344
cg06173513,RN7SL683P,haEWAS-specific,0.030469146099647,0.0513083666508565
cg06238004,G6PC3,haEWAS-specific,0.108493474866923,0.544922282449211
cg06238004,HDAC5,haEWAS-specific,0.10037193329742,0.526738738030231
cg06275642,PLEK,haEWAS-specific,0.0560034813427278,0.136963930967866
cg06287548,BTF3P6,haEWAS-specific,0.0358638942866324,0.0600897774188583
cg06287548,DONSON,haEWAS-specific,0.0583223845444763,0.100943452396557
cg06287548,ITSN1,haEWAS-specific,0.0864632755681116,0.151061311621166
cg06396119,CDADC1,haEWAS-specific,0.131516719863663,0.282629102626971
cg06693983,CTD-2105E13.6,haEWAS-specific,0.0077536862915846,0.0458966843590026
cg06693983,SSC5D,haEWAS-specific,0.0288887101650875,0.654202765445603
cg06768599,CHMP4A,haEWAS-specific,0.0957914938205446,0.703579859908165
cg06830450,KIF5A,haEWAS-specific,0.142939661815859,0.489506425539217
cg06836948,RP11-629G13.1,haEWAS-specific,0.0569261100608523,0.188346949521144
cg06850526,RP11-1055B8.3,haEWAS-specific,0.0873730034456483,4.89168466243993
cg06852461,C1orf132,haEWAS-specific,0.140719166465931,1.38485062462448
cg06869935,RP11-863P13.1,haEWAS-specific,0.0860203554860327,0.390259637509857
cg06934654,CTD-2555A7.3,haEWAS-specific,0.0019174123460317,0.0022606473003531
cg06962918,SNX13,haEWAS-specific,0.0594136898362111,0.252668847069303
cg07013258,SRCAP,haEWAS-specific,0.0930645568526645,0.194738779218248
cg07016605,OGFOD3,haEWAS-specific,0.145784860938463,0.202368626778009
cg07044938,LINC00920,haEWAS-specific,0.0308218689415986,0.767460937950923
cg07047570,C20orf26,haEWAS-specific,0.0371624622612034,1.09316157648888
cg07048527,HOXB-AS3,haEWAS-specific,0.0352591715631109,1.11151329882297
cg07060794,GPNMB,haEWAS-specific,0.189010541457329,0.24873732300654
cg07073662,E4F1,haEWAS-specific,0.0656832610790992,0.0846800390024465
cg07073662,RPL3L,haEWAS-specific,0.0164706856815594,0.0211796420069889
cg07148458,ELP5,haEWAS-specific,0.0746140276370558,0.86090685848353
cg07148458,SLC2A4,haEWAS-specific,0.0612249542296616,1.12655718459646
cg07180538,FOXK1,haEWAS-specific,0.0184107817586488,0.0249020380462178
cg07197059,AP1G2,haEWAS-specific,0.166725022140468,1.25497211833689
cg07197059,BCL2L2-PABPN1,haEWAS-specific,0.177017620215846,1.01107419874753
cg07498879,RP1-102K2.6,haEWAS-specific,0.0014740725142075,0.0016209871540662
cg07503630,ECEL1P3,haEWAS-specific,0.0001312953771108,0.0004560520981464
cg07503630,EFHD1,haEWAS-specific,0.141380857086921,0.387220719954591
cg07599786,SHISA4,haEWAS-specific,0.0813911029922909,0.153315664063329
cg07737292,RP11-325K4.3,haEWAS-specific,0.0541620485642248,0.0623884218629326
cg07855319,PDF,haEWAS-specific,0.317613993217219,0.68860777374781
cg07871971,CNTNAP1,haEWAS-specific,0.0810053973472851,0.0822107089541801
cg07871971,TUBG1,haEWAS-specific,0.111840806776257,0.115359565059653
cg07882648,ZBTB46,haEWAS-specific,0.103952855308664,0.322330911255716
cg07963670,ENTPD4,haEWAS-specific,0.0687892128243851,0.150716342604699
cg08000731,IFITM3,haEWAS-specific,0.183851513864533,1.36693570198746
cg08027484,RP11-360O19.4,haEWAS-specific,0.0001307077533632,0.000216698710338
cg08101036,SKAP2,haEWAS-specific,0.0336143660999297,0.327688859224964
cg08136169,MYH7,haEWAS-specific,0.0761195345685782,0.322637834224835
cg08139512,NELL1,haEWAS-specific,0.233082352462751,0.298599247638523
cg08166729,AC008060.7,haEWAS-specific,0.0592470519848017,0.0705018454867512
cg08166729,INSIG1,haEWAS-specific,0.0810818365362523,0.0810118860788407
cg08379738,MLLT1,haEWAS-specific,0.132254660496727,2.20053379077524
cg08379987,MEDAG,haEWAS-specific,0.0526252776467993,1.02881070515809
cg08464505,TUBGCP3,haEWAS-specific,0.0781411904712554,0.360381628323634
cg08480068,AC009133.14,haEWAS-specific,0.0665411561201149,0.064271706680856
cg08480068,SLX1B-SULT1A4,haEWAS-specific,0.118513750267457,0.113735862207961
cg08681293,APC2,haEWAS-specific,0.159258221794348,3.94192472854196
cg08681293,C19orf26,haEWAS-specific,0.194468474213885,6.10268329650356
cg08681293,CNN2,haEWAS-specific,0.128080724356,6.53633241632442
cg08681293,RPS15P9,haEWAS-specific,0.115273736045473,2.62555252381584
cg08681293,SBNO2,haEWAS-specific,0.126015639580554,6.78782551142158
cg08694923,RP11-863P13.2,haEWAS-specific,0.056513648372297,0.06717992041081
cg08775230,RP11-108O10.2,haEWAS-specific,0.0336284686301622,0.0810516712840288
cg08792703,ZP1,haEWAS-specific,0.0590376444232324,0.0649371940406716
cg08813888,AC113607.2,haEWAS-specific,5.34389654404807e-05,5.4042235846495e-05
cg08846079,RP4-773N10.4,haEWAS-specific,0.102944978035942,0.641086250163985
cg08898055,RP11-252I14.1,haEWAS-specific,0.0362524140745035,4.50750780854904
cg08898775,RP11-30K9.7,haEWAS-specific,0.0016795461061319,0.0039371138196441
cg08961287,HMGB1P8,haEWAS-specific,1.3204689936801001e-21,1.0301422999461e-06
cg09022607,RP11-57H14.3,haEWAS-specific,0.113664528594549,0.868601063585746
cg09025210,KRT18P35,haEWAS-specific,0.002028327565524,0.0172274173083637
cg09160359,RP11-775C24.3,haEWAS-specific,0.0217123640457856,0.0290501016624473
cg09219364,RP5-1002M8.4,haEWAS-specific,0.0004043920457403,0.0096442837079919
cg09219364,SLC24A3,haEWAS-specific,0.173852508132611,3.66053048538731
cg09320199,PEMT,haEWAS-specific,0.1405484776343,0.529567121080046
cg09328012,LINC00899,haEWAS-specific,0.134646532462258,0.344204222177586
cg09354949,SLC25A45,haEWAS-specific,0.0257335691604591,0.0298077926463454
cg09354949,TM7SF2,haEWAS-specific,0.0630014397079269,0.0615629768491336
cg09354949,VPS51,haEWAS-specific,0.0273719863805744,0.0328269697597315
cg09490371,EIF4E2,haEWAS-specific,0.0403816522257733,0.183313284294054
cg09522706,AZGP1P1,haEWAS-specific,0.0402777662067358,2.04174209433799
cg09522706,STAG3,haEWAS-specific,0.0560396896407264,3.47250965728791
cg09663193,TNK1,haEWAS-specific,0.0822138973721374,0.408292313283308
cg09853238,UST,haEWAS-specific,0.110758672599753,0.223769868251927
cg09946623,AC009133.12,haEWAS-specific,0.0341914185608043,0.265257639227094
cg09946623,MVP,haEWAS-specific,0.0934112888986772,0.613141936367429
cg09977847,POLHP1,haEWAS-specific,2.2959242729994502e-20,3.34531358459915e-06
cg09991306,KIF1A,haEWAS-specific,0.054184302633945,1.19841283389427
cg10095954,C17orf85,haEWAS-specific,0.0013191146232594,1.16626498644481
cg10327067,GPR124,haEWAS-specific,0.210672482171595,1.89135579458889
cg10327067,RP11-346L1.2,haEWAS-specific,0.0797853494335517,0.791020248978253
cg10350880,ZAN,haEWAS-specific,0.0009382230198235,0.0027326225046304
cg10464462,FNDC8,haEWAS-specific,0.014944548991261,0.0259023023607717
cg10583651,BBS12,haEWAS-specific,0.0635855962960234,0.444035264196199
cg11050988,AC110781.3,haEWAS-specific,0.0253922291129007,0.028852675599392
cg11241278,EXOC7,haEWAS-specific,0.0330083432747208,0.0243339938949251
cg11241278,UNC13D,haEWAS-specific,0.0801135212276381,0.0603904839391559
cg11288831,UPF3A,haEWAS-specific,0.0939518878115092,0.0787924639991891
cg11372934,DGKQ,haEWAS-specific,0.0762103275562537,0.0774525591925551
cg11546621,MAMDC4,haEWAS-specific,0.191349181263372,0.631366885456218
cg11589932,TUSC5,haEWAS-specific,0.0917712812412208,0.55463438838867
cg11601000,SLC25A5P1,haEWAS-specific,0.0151985356010311,0.0382850755333208
cg11614451,C3orf80,haEWAS-specific,0.171641119202149,0.389818518126599
cg11969213,ACBD4,haEWAS-specific,0.0310479167320894,1.73923115781481
cg12082793,PLA2G2A,haEWAS-specific,0.0219521364426672,0.0243354856148103
cg12112234,RP11-944L7.4,haEWAS-specific,0.0972069539536681,3.20210016049245
cg12112234,ZNF502,haEWAS-specific,0.106624471878431,2.82443928153722
cg12234455,DBP,haEWAS-specific,0.101573896495696,0.162268120049433
cg12258811,VAMP3,haEWAS-specific,0.0591076261826249,0.136926711540831
cg12309456,AANAT,haEWAS-specific,0.0214444025803649,0.0216494283344245
cg12461930,TRIM11,haEWAS-specific,0.0306392951140549,0.0357242058408793
cg12538674,HOTAIRM1,haEWAS-specific,0.0979727412661717,0.648129004873196
cg12732514,RBFOX3,haEWAS-specific,0.0113815224431952,0.032468931593921
cg12748890,TMEM222,haEWAS-specific,0.0418483016549962,0.13583876316877
cg12793610,MND1,haEWAS-specific,0.0784006334460557,0.554034858486468
cg13172549,HOXA-AS2,haEWAS-specific,0.0008948154346108,0.0462502344488593
cg13298466,CD27,haEWAS-specific,0.065213911086714,0.399849686037055
cg13298466,RP4-761J14.8,haEWAS-specific,0.0084967956020668,0.0494342317322969
cg13393721,FAM183A,haEWAS-specific,0.0548947079841037,0.332241111686984
cg13407335,DNAH2,haEWAS-specific,0.0155117907363264,0.67662314440308
cg13407335,LSMD1,haEWAS-specific,0.0470358693537092,0.921965654722354
cg13407335,RP11-599B13.3,haEWAS-specific,0.0044444058919159,0.0947348437307627
cg13430807,RP11-196G18.3,haEWAS-specific,0.0311104785019697,0.0366686008856608
cg13519191,MIR770,haEWAS-specific,5.07159184769599e-20,2.28819484738871e-05
cg13521229,NAPSA,haEWAS-specific,0.0902192345503841,0.423920682172648
cg13600201,ANAPC2,haEWAS-specific,0.0485908274001144,0.780482219383801
cg13600201,RNF224,haEWAS-specific,0.0123763335608483,0.257103518497033
cg13600201,RP11-229P13.15,haEWAS-specific,0.0957716579513616,0.545136277948283
cg13614409,LINC01066,haEWAS-specific,6.60941828409336e-05,0.0002540688051101
cg13647973,COX6B2,haEWAS-specific,0.0215924867509166,0.596570540278227
cg13647973,CTD-2105E13.13,haEWAS-specific,0.0482322778359237,0.816892837208937
cg13687570,ZNF571,haEWAS-specific,0.0578739896427789,0.175591274072871
cg13775306,GGNBP1,haEWAS-specific,0.0464286833482376,0.0863073331567491
cg13859433,IP6K3,haEWAS-specific,0.08473079188784,4.70196270283349
cg13928306,IL32,haEWAS-specific,0.202421582426662,1.19546466264968
cg13933070,RP11-367F23.2,haEWAS-specific,8.03670113867432e-05,7.44503991247592e-05
cg13938959,ISG15,haEWAS-specific,0.158285405768966,0.43414815254322
cg13938959,OR4F16,haEWAS-specific,0.0057956137605675,0.0170346272338099
cg13944805,ARHGEF39,haEWAS-specific,0.0344650596423539,0.105420361952592
cg13997435,S100A13,haEWAS-specific,0.246935403096601,0.657163133120115
cg14014506,KIF12,haEWAS-specific,0.124829071947507,0.204816961572847
cg14058329,EVX1,haEWAS-specific,0.0452028073322125,0.203565644563052
cg14103343,NUCB1,haEWAS-specific,0.0416241670863546,0.0679724708771545
cg14207833,SUGP2,haEWAS-specific,0.11246130475645,0.387617779569425
cg14216068,HOXA9,haEWAS-specific,0.0169114606349946,0.298721224486387
cg14292870,RPL13P5,haEWAS-specific,0.118272443642198,0.284843962614481
cg14311559,LRRC23,haEWAS-specific,0.166061741187651,0.304555411683015
cg14386312,ZSCAN1,haEWAS-specific,0.207328982078296,5.14332533876292
cg14517133,UBR2,haEWAS-specific,0.0612428610385665,0.117350430951748
cg14522800,ZMYND15,haEWAS-specific,0.0906590648644623,1.59099923568261
cg14557202,ITGA5,haEWAS-specific,0.0809103593133239,0.398280867762711
cg14562086,XYLT2,haEWAS-specific,0.0418263803615074,0.0471344883827314
cg14619064,RP11-112H10.6,haEWAS-specific,0.0262186424369999,0.0296676642010268
cg14652095,RP1-34B20.4,haEWAS-specific,0.0877363775923909,0.923174295421705
cg14661234,RP11-54O7.14,haEWAS-specific,0.152441354179806,0.241126133789737
cg14730223,SLC5A5,haEWAS-specific,0.0180386286387489,0.0189111492164588
cg14776738,CD70,haEWAS-specific,0.0147664958449997,1.47907202401024
cg14798653,MLLT1,haEWAS-specific,0.131962160625645,0.322966358329602
cg14827807,RP11-316M1.12,haEWAS-specific,0.0857807125039178,0.576808377858412
cg14845962,RP11-571M6.15,haEWAS-specific,0.0785888744674505,0.242401749006086
cg14855124,SLC2A5,haEWAS-specific,0.137647959518639,0.20794661066978
cg15066489,EAF2,haEWAS-specific,0.115720833024753,0.237220441119647
cg15096829,ARL8A,haEWAS-specific,0.077289067238209,0.288940393019784
cg15096829,ELF3,haEWAS-specific,0.109461902648121,0.376864861626593
cg15117681,RP13-516M14.1,haEWAS-specific,0.134182410818522,1.10184788208109
cg15117681,SECTM1,haEWAS-specific,0.244328564049806,2.03312540820571
cg15117681,TEX19,haEWAS-specific,0.0150803959210336,0.106933421155797
cg15121420,AC096574.5,haEWAS-specific,0.0017177199962004,0.0040053119837365
cg15123573,DBN1,haEWAS-specific,0.0700994888782487,0.812631593320583
cg15196806,EVX1-AS,haEWAS-specific,0.0012416877788683,0.0207161620605202
cg15286094,CAPZA2,haEWAS-specific,0.0714380931045791,1.47374160484526
cg15410236,MISP,haEWAS-specific,0.0198186187149854,0.0273405255337386
cg15467116,S100A7L2,haEWAS-specific,9.57607851766331e-05,0.0002330838356514
cg15488009,CDC34,haEWAS-specific,0.0726703012343481,0.0638359919583912
cg15488009,TPGS1,haEWAS-specific,0.068808734339396,0.0612955131242794
cg15489693,CLNK,haEWAS-specific,0.0170354475514327,0.0245555028368858
cg15503752,CYGB,haEWAS-specific,0.132132674234964,0.616504825483759
cg15548613,KCNJ4,haEWAS-specific,0.0262086814861088,3.70443039539111
cg15548613,PICK1,haEWAS-specific,0.025341645850561,2.33855230441979
cg15548613,RP3-449O17.1,haEWAS-specific,0.058673263668298,1.3804149688006
cg15821544,CCDC23,haEWAS-specific,0.0731482349399604,0.0746957510156191
cg15845071,OR52I1,haEWAS-specific,6.94448801702454e-21,2.65382242898544e-06
cg15891991,CD2,haEWAS-specific,0.0542432164628886,0.411478856967185
cg15901783,MYCBP2-AS1,haEWAS-specific,0.0345105507474431,0.166122666191623
cg15911153,PROB1,haEWAS-specific,0.0841828387125738,0.631978611957297
cg16004467,RP11-235E17.4,haEWAS-specific,0.139805878623322,3.62018026082943
cg16017089,RP11-809N8.5,haEWAS-specific,0.0032510927064042,0.0169775927666695
cg16073427,OVOL1-AS1,haEWAS-specific,0.069269278612168,0.473632017267928
cg16106427,PWWP2B,haEWAS-specific,0.06010769695983,0.0656305988481548
cg16137564,RP11-507K2.3,haEWAS-specific,0.0631747712041386,0.120290683237242
cg16146033,RP11-959F10.5,haEWAS-specific,0.0401589475938345,0.0350794386929747
cg16230352,DKK4,haEWAS-specific,0.005634737389606,0.0113082186485188
cg16230352,IKBKB,haEWAS-specific,0.0348006823027918,0.0410608190295489
cg16272420,RP11-498B4.5,haEWAS-specific,0.0120882491076032,0.0274701268924166
cg16324121,CRELD1,haEWAS-specific,0.128415781621037,0.143398635279079
cg16406967,HOXA-AS2,haEWAS-specific,0.0031050727834666,0.0132869410017267
cg16484042,PARN,haEWAS-specific,0.0541187418551328,0.0789836776958735
cg16601359,CACNA1C-AS2,haEWAS-specific,0.204251299696055,1.11223316239215
cg16619378,RP11-214O1.3,haEWAS-specific,0.0769748711697178,0.313260092006124
cg16625770,FGFR1,haEWAS-specific,0.0587010222889314,7.39552617638907
cg16625770,RP11-675F6.4,haEWAS-specific,0.0398198716545653,1.84596524768936
cg16641055,CBFA2T3,haEWAS-specific,0.0559167220735804,0.0639396076999779
cg16641055,CTU2,haEWAS-specific,0.0979244446879203,0.107204994455216
cg16651126,SKAP2,haEWAS-specific,0.0361059471426371,0.27652633873111
cg16775752,RP11-541M12.3,haEWAS-specific,0.0016264378116066,0.901669574264447
cg16831889,GABPB1,haEWAS-specific,0.115553284326146,0.281186346968473
cg16899351,RABIF,haEWAS-specific,0.0695326450698055,2.10984327533856
cg16899351,RP11-480I12.2,haEWAS-specific,0.0852755872603601,3.22805484168919
cg16997642,HOXA-AS3,haEWAS-specific,5.65686081217749e-05,0.0003249091584599
cg17033287,ACTRT2,haEWAS-specific,0.024713180440119,0.17538858814294
cg17036418,RP11-47L3.1,haEWAS-specific,0.0672021480495291,0.0933074366667279
cg17072519,KB-1592A4.14,haEWAS-specific,0.0375780371040532,0.0518586519796572
cg17104258,POU2F1,haEWAS-specific,0.0519198605916444,0.697652216036411
cg17219660,PTPRVP,haEWAS-specific,0.0013059741068194,0.482271891713177
cg17342469,PPARA,haEWAS-specific,0.0723288563329623,0.148991305060307
cg17344932,WIPF2,haEWAS-specific,0.0479773448152631,0.0745879126944462
cg17485838,HOXA9,haEWAS-specific,0.023289386602267,0.0271227146241519
cg17665699,AKAP10,haEWAS-specific,0.10597416781085,0.496769935899381
cg17804981,HADHA,haEWAS-specific,0.0130149161219554,0.0171282099232944
cg17873048,SKAP1,haEWAS-specific,0.0814340210103342,1.94551396462793
cg17913115,FAM195B,haEWAS-specific,0.0896214992043187,0.135328625933189
cg17953300,AP001266.1,haEWAS-specific,0.145114231041869,0.265274146423854
cg17965690,C19orf38,haEWAS-specific,0.0683440403862776,0.181363039104998
cg18026235,MTF1,haEWAS-specific,0.0557171723610542,0.139716314163228
cg18185116,PRKAR1B,haEWAS-specific,0.034491013428029,0.0914450940117483
cg18454133,CEBPE,haEWAS-specific,0.0143721934497686,0.1504979440439
cg18454133,JPH4,haEWAS-specific,0.108499422111165,0.655120906841781
cg18587137,RP11-736N17.4,haEWAS-specific,0.0364958156991311,0.187628133532794
cg18596043,RP11-626G11.5,haEWAS-specific,0.0247497474615222,0.0260212814113024
cg18620571,RP11-365N19.2,haEWAS-specific,0.0079230649167949,0.0320900584955667
cg18684142,HOXB5,haEWAS-specific,0.0056143346515415,0.0301800811924959
cg18751141,HOXA2,haEWAS-specific,0.0022600604267219,0.012372098950406
cg18771300,GPHB5,haEWAS-specific,0.0303707386297067,0.0585999642718121
cg18871253,AC073626.2,haEWAS-specific,9.39853812357401e-05,0.0010953606454579
cg18975055,OR2AT4,haEWAS-specific,0.0439117898047724,0.0613064084621117
cg19025461,DDI2,haEWAS-specific,0.0258315416100571,0.0485078349537061
cg19025461,SPEN,haEWAS-specific,0.0364163607601114,0.0594772543770595
cg19051015,HOXB13,haEWAS-specific,0.0211294815531109,0.0700055424737713
cg19229215,LAT2,haEWAS-specific,0.162761088606697,1.48174467935532
cg19240213,HOXA6,haEWAS-specific,0.000122237477122,0.0008040497754921
cg19321979,RP11-66D17.5,haEWAS-specific,0.300291354494635,0.333031619426101
cg19384379,KRT18P17,haEWAS-specific,0.0483206037487506,0.0364362884242011
cg19384379,SNORA7A,haEWAS-specific,0.178624499375887,0.131458070658358
cg19442201,RP11-521C20.1,haEWAS-specific,0.003000607227767,0.0107980214859523
cg19645616,ATG4D,haEWAS-specific,0.0509383177792887,0.324366595304174
cg19645616,CTD-2369P2.12,haEWAS-specific,0.173886713583774,1.03719455223507
cg19645616,ICAM1,haEWAS-specific,0.14014708614948,1.09748153748939
cg19645616,P2RY11,haEWAS-specific,0.062737262869528,0.453807526227484
cg19685205,AICDA,haEWAS-specific,0.0141905799600422,0.0203073577626988
cg19803550,INPP5K,haEWAS-specific,0.023070736427871,0.0252884629424717
cg19828220,PRAC2,haEWAS-specific,0.003184368400911,0.145777702825845
cg19875532,AL445199.1,haEWAS-specific,0.0313747592316783,1.48146985659064
cg19875532,UTF1,haEWAS-specific,0.0232245892818876,0.988710461040722
cg20009327,RP11-571M6.8,haEWAS-specific,0.203482720258545,1.86795813154203
cg20054248,AC034102.1,haEWAS-specific,0.664864278468469,11.88575558773
cg20054248,ERBB3,haEWAS-specific,0.238706327180274,4.33661193822727
cg20054248,RAB5B,haEWAS-specific,0.232459754617372,4.6631804198672
cg20054248,TMEM198B,haEWAS-specific,0.203366255981971,3.33276335862145
cg20079298,RP11-521C20.1,haEWAS-specific,0.0030607504024032,0.0090375235589632
cg20079298,RP11-64K12.8,haEWAS-specific,6.59840788101516e-05,0.0003952560428108
cg20091384,ZNF555,haEWAS-specific,0.0969126932833805,0.52766107288467
cg20204986,RP1-65P5.1,haEWAS-specific,0.0308071496166534,1.79704494305587
cg20285026,C1orf86,haEWAS-specific,0.0994391406009683,0.099125416206645
cg20359445,NABP2,haEWAS-specific,0.0796375239965645,3.59047251701963
cg20359445,RAB5B,haEWAS-specific,0.0987485388523278,5.19491810963793
cg20359445,RP11-603J24.5,haEWAS-specific,0.0040593051550207,1.4529733056319
cg20471691,PRAC2,haEWAS-specific,0.0036184323417479,0.0461415501334636
cg20702205,FBXL18,haEWAS-specific,0.148828176625039,1.7449769233202
cg20704654,DEFB121,haEWAS-specific,6.67201553503441e-05,9.66978136150413e-05
cg20817131,RPL7AP38,haEWAS-specific,7.72467749024223e-05,0.0008696652723828
cg21048168,ATP6V0A4,haEWAS-specific,0.100776016235835,1.36572933626718
cg21073930,KLF1,haEWAS-specific,0.0284298112575596,0.159178288030691
cg21097354,HOXA-AS2,haEWAS-specific,0.0033091317234332,0.273809364392723
cg21097354,HOXA10,haEWAS-specific,0.0063013695652884,0.997545916321041
cg21117965,PTPRN,haEWAS-specific,0.0394842578397027,2.19339905797838
cg21117965,RESP18,haEWAS-specific,0.171303380456176,5.64943484344223
cg21236153,SIGMAR1,haEWAS-specific,0.0528817329423896,0.521504280055255
cg21367811,RP1-170O19.17,haEWAS-specific,0.0764186626396863,0.528310888086065
cg21386414,CNKSR1,haEWAS-specific,0.0002748393662543,5.7547986229975
cg21386414,EXTL1,haEWAS-specific,0.0198189738791169,5.15614954567514
cg21435473,MROH6,haEWAS-specific,0.229986589745487,0.27928867194972
cg21435473,NAPRT1,haEWAS-specific,0.193743209232123,0.246515506744533
cg21475402,HDGF,haEWAS-specific,0.0685263332269491,0.278584862563922
cg21486834,CYGB,haEWAS-specific,0.12413335596838,0.210341539958522
cg21709322,GTF3C2,haEWAS-specific,0.052171521568224,0.262854694800663
cg21864868,TTLL6,haEWAS-specific,0.0993790273230094,1.45302793875769
cg21876001,C19orf80,haEWAS-specific,0.0884384063739322,0.0841417134933607
cg21876001,CTC-499B15.4,haEWAS-specific,0.0375815672119199,0.0348491805427449
cg22138735,UCKL1,haEWAS-specific,0.0454601294493971,0.171207383375056
cg22155724,PRELID1,haEWAS-specific,0.0619025542105402,0.401322113943932
cg22962123,HOXA-AS3,haEWAS-specific,3.56951714980346e-05,0.0002539593510728
cg23005885,CTD-2315E11.1,haEWAS-specific,0.0890426391281953,0.240146148674671
cg23006204,RP11-379C10.4,haEWAS-specific,0.0220192489956197,0.104493572051332
cg23097296,RP11-114B7.6,haEWAS-specific,0.115459617064255,2.22988169407274
cg23097296,ZBTB8OS,haEWAS-specific,0.0347128093099618,0.914286750161023
cg23120601,PHGR1,haEWAS-specific,0.0265190461589582,0.0780130422123299
cg23124451,APOBEC3D,haEWAS-specific,0.0392718696303958,0.237041607368698
cg23193613,GLI4,haEWAS-specific,0.0984903171551464,1.64361873195083
cg23272978,SSSCA1-AS1,haEWAS-specific,0.0303304731284521,0.0330241971338002
cg23350904,GGT6,haEWAS-specific,0.0010294297866513,0.0809555037904947
cg23350904,RP5-1050D4.2,haEWAS-specific,0.0286308163476166,0.629015873168264
cg23350904,SMTNL2,haEWAS-specific,0.0432012636964011,1.24865743557987
cg23377551,RP11-58A17.3,haEWAS-specific,0.0494338587826394,0.114820334478861
cg23404330,CCDC57,haEWAS-specific,0.13764180173051,2.0343142511052
cg23404330,DUS1L,haEWAS-specific,0.0620174050768972,1.56904330457337
cg23404330,GPS1,haEWAS-specific,0.0145760933768559,1.25245146638098
cg23404330,RP11-1376P16.1,haEWAS-specific,9.72753336674357e-05,0.0009708125451263
cg23404330,RP13-20L14.4,haEWAS-specific,0.0506312216876808,1.07255904457507
cg23404330,RP13-516M14.1,haEWAS-specific,0.10561694324354,1.87780728548618
cg23418968,RP11-400L8.2,haEWAS-specific,0.0798361744061974,0.794286793905688
cg23529249,RP11-279F6.1,haEWAS-specific,0.109058767844054,0.138229193628158
cg23656224,UBE3B,haEWAS-specific,0.0306822992427888,0.0280383273743859
cg23669081,SKAP1,haEWAS-specific,0.0520921745436833,1.43705173733335
cg23723486,LINC01007,haEWAS-specific,0.0828994788668603,0.0819069986540945
cg23736024,PRDM15,haEWAS-specific,0.0331804068078008,2.85166760599718
cg23819092,KIAA0907,haEWAS-specific,0.0422240097532565,0.0401370093259771
cg23819092,PMF1-BGLAP,haEWAS-specific,0.060493477249461,0.0646650930876812
cg23819092,UBQLN4,haEWAS-specific,0.0291141368143814,0.0284432347021145
cg23824183,FAM83A-AS1,haEWAS-specific,0.0127471759989783,0.0346588221531473
cg23845574,UTF1,haEWAS-specific,0.044769354671503,0.159014787268312
cg23865240,HOTAIRM1,haEWAS-specific,0.0824863060792032,1.97247205032848
cg23871276,AC074389.9,haEWAS-specific,0.0420460369136711,0.156021430840041
cg23936031,EVX1,haEWAS-specific,0.0242829976739449,0.19847754247475
cg23987789,CAMTA1,haEWAS-specific,0.062928344082305,0.0848114127460932
cg24068229,IFNL2,haEWAS-specific,0.0009661326002691,0.0018976750034337
cg24211976,RPS3AP6,haEWAS-specific,0.0170573694413587,1.32057147384318
cg24338091,AC074212.6,haEWAS-specific,0.101918890783587,0.794249269069902
cg24360871,HOXA-AS2,haEWAS-specific,0.0019453652898379,0.0634024333907649
cg24391854,RP11-627G23.1,haEWAS-specific,0.23068870624474,0.336548937711617
cg24670552,LINC00676,haEWAS-specific,0.0062178494934579,0.034946816396043
cg24710655,PARP10,haEWAS-specific,0.10210881573241,0.0859454066630174
cg24859236,RP11-84A14.5,haEWAS-specific,0.119652689198342,0.478317217606001
cg24889708,SKAP1,haEWAS-specific,0.0697655810610355,0.180554210107013
cg24956866,AC009276.4,haEWAS-specific,0.0001477728645879,0.0002623408189169
cg25013303,RP4-635E18.6,haEWAS-specific,0.243464735606028,3.7961071413493
cg25220769,LINC00337,haEWAS-specific,0.0041227122841972,1.27925234320037
cg25288155,RP11-809N8.2,haEWAS-specific,0.0404031191016217,0.0431436942436667
cg25390165,EVX1-AS,haEWAS-specific,0.0019546076659327,0.019438275659883
cg25390165,HOXA-AS2,haEWAS-specific,0.0066008428229856,0.0667638534384727
cg25582401,OS9,haEWAS-specific,0.119257314241999,4.39875809050547
cg25724895,SYCP2,haEWAS-specific,0.129184184488896,0.161113352032382
cg25727093,SLC12A5,haEWAS-specific,0.0572935311808617,0.100571479332952
cg25727093,SNX21,haEWAS-specific,0.0459032377029846,0.077455171579018
cg25866143,HOTAIRM1,haEWAS-specific,0.0852847061410775,2.62714300174831
cg25882256,CLIC4,haEWAS-specific,0.155576278768646,4.13376775150389
cg25900902,NLGN2,haEWAS-specific,0.0730719708244404,0.42766296758964
cg25967031,HOTAIRM1,haEWAS-specific,0.0468803821648971,1.03313141522494
cg25967031,HOXA6,haEWAS-specific,0.0001405611821504,0.0025308922192757
cg26149485,LINGO3,haEWAS-specific,0.113181232034241,0.246690925211241
cg26153054,MTND6P10,haEWAS-specific,0.0001830744128068,0.0004478319958955
cg26185836,CCDC23,haEWAS-specific,0.122545635663796,0.128831614353404
cg26195652,HYI-AS1,haEWAS-specific,0.0740886598176931,0.0850995761400303
cg26288892,PPP1R1AP1,haEWAS-specific,1.86825218075277e-22,3.09686239815644e-07
cg26334209,PRPF18,haEWAS-specific,0.0644169251321298,0.292838747658557
cg26340740,DTX4,haEWAS-specific,0.0529272084444236,0.0514555607459778
cg26340740,RP11-1036E20.9,haEWAS-specific,4.11853596607699e-05,8.91604521190304e-05
cg26357596,RP11-45H22.1,haEWAS-specific,7.14678304760309e-21,4.48248007946958e-06
cg26367031,MFN1,haEWAS-specific,0.0356728541092281,0.0596919541482088
cg26402660,HOXA9,haEWAS-specific,0.0159461811773628,0.360602978624574
cg26506790,C16orf74,haEWAS-specific,0.0671386316501357,0.0655326382016884
cg26516710,C16orf59,haEWAS-specific,0.151712952894482,0.805781392873428
cg26792089,NPIPB9,haEWAS-specific,0.255147599205019,0.278764904220484
cg26792089,SBK1,haEWAS-specific,0.112932655360204,0.114209575066963
cg27168076,AC018738.2,haEWAS-specific,0.0452012490535063,0.0515093566155775
cg27168076,LINC00471,haEWAS-specific,0.104470244409682,0.0965499360855364
cg27200630,PIK3CB,haEWAS-specific,0.0638080689632134,0.333580639794398
cg27302507,RP11-982M15.5,haEWAS-specific,0.0006449963868085,0.0065565406943648
cg27409771,NUBP1,haEWAS-specific,0.144339086281238,2.25755336200171
cg27432864,EEF1A1P4,haEWAS-specific,0.0010256442871406,0.008454336408171
cg27437721,NKX6-2,haEWAS-specific,0.207792492468951,2.68747257649376
cg27449030,EFR3B,haEWAS-specific,0.196236312750565,0.20171584563618
cg27459529,RP11-534L6.5,haEWAS-specific,0.0215341813108379,0.0317411497309601
cg27489373,RPS20P2,haEWAS-specific,0.0014893778164576,0.0014034721455659
