Dataset,Disease,Tissue,Cell_type,CpG,Direction
GSE157341,Liver Cancer,liver,Chol,cg00023808,Hyper
GSE157341,Liver Cancer,liver,Chol,cg00049883,Hyper
GSE157341,Liver Cancer,liver,Chol,cg00094518,Hyper
GSE157341,Liver Cancer,liver,Chol,cg00131261,Hyper
GSE157341,Liver Cancer,liver,Chol,cg00145489,Hyper
GSE157341,Liver Cancer,liver,Chol,cg00198594,Hyper
GSE157341,Liver Cancer,liver,Chol,cg00225067,Hyper
GSE157341,Liver Cancer,liver,Chol,cg00263248,Hyper
GSE157341,Liver Cancer,liver,Chol,cg00341297,Hyper
GSE157341,Liver Cancer,liver,Chol,cg00371107,Hyper
GSE157341,Liver Cancer,liver,Chol,cg00400915,Hyper
GSE157341,Liver Cancer,liver,Chol,cg00423364,Hyper
GSE157341,Liver Cancer,liver,Chol,cg00432454,Hyper
GSE157341,Liver Cancer,liver,Chol,cg00440032,Hyper
GSE157341,Liver Cancer,liver,Chol,cg00516678,Hyper
GSE157341,Liver Cancer,liver,Chol,cg00541089,Hyper
GSE157341,Liver Cancer,liver,Chol,cg00607154,Hyper
GSE157341,Liver Cancer,liver,Chol,cg00750074,Hyper
GSE157341,Liver Cancer,liver,Chol,cg00876704,Hyper
GSE157341,Liver Cancer,liver,Chol,cg00913953,Hyper
GSE157341,Liver Cancer,liver,Chol,cg00933153,Hyper
GSE157341,Liver Cancer,liver,Chol,cg00966255,Hyper
GSE157341,Liver Cancer,liver,Chol,cg00981443,Hyper
GSE157341,Liver Cancer,liver,Chol,cg01053196,Hyper
GSE157341,Liver Cancer,liver,Chol,cg01184522,Hyper
GSE157341,Liver Cancer,liver,Chol,cg01291665,Hyper
GSE157341,Liver Cancer,liver,Chol,cg01302201,Hyper
GSE157341,Liver Cancer,liver,Chol,cg01311718,Hyper
GSE157341,Liver Cancer,liver,Chol,cg01311971,Hyper
GSE157341,Liver Cancer,liver,Chol,cg01330448,Hyper
GSE157341,Liver Cancer,liver,Chol,cg01382688,Hyper
GSE157341,Liver Cancer,liver,Chol,cg01428687,Hyper
GSE157341,Liver Cancer,liver,Chol,cg01515741,Hyper
GSE157341,Liver Cancer,liver,Chol,cg01714932,Hyper
GSE157341,Liver Cancer,liver,Chol,cg01791000,Hyper
GSE157341,Liver Cancer,liver,Chol,cg01883155,Hyper
GSE157341,Liver Cancer,liver,Chol,cg02066650,Hyper
GSE157341,Liver Cancer,liver,Chol,cg02080909,Hyper
GSE157341,Liver Cancer,liver,Chol,cg02277520,Hyper
GSE157341,Liver Cancer,liver,Chol,cg02296145,Hyper
GSE157341,Liver Cancer,liver,Chol,cg02397114,Hyper
GSE157341,Liver Cancer,liver,Chol,cg02421172,Hyper
GSE157341,Liver Cancer,liver,Chol,cg02490589,Hyper
GSE157341,Liver Cancer,liver,Chol,cg02553054,Hyper
GSE157341,Liver Cancer,liver,Chol,cg02675308,Hyper
GSE157341,Liver Cancer,liver,Chol,cg02851517,Hyper
GSE157341,Liver Cancer,liver,Chol,cg02900213,Hyper
GSE157341,Liver Cancer,liver,Chol,cg02942825,Hyper
GSE157341,Liver Cancer,liver,Chol,cg02973057,Hyper
GSE157341,Liver Cancer,liver,Chol,cg02984430,Hyper
GSE157341,Liver Cancer,liver,Chol,cg03025830,Hyper
GSE157341,Liver Cancer,liver,Chol,cg03042281,Hyper
GSE157341,Liver Cancer,liver,Chol,cg03065459,Hyper
GSE157341,Liver Cancer,liver,Chol,cg03118417,Hyper
GSE157341,Liver Cancer,liver,Chol,cg03132806,Hyper
GSE157341,Liver Cancer,liver,Chol,cg03180953,Hyper
GSE157341,Liver Cancer,liver,Chol,cg03231735,Hyper
GSE157341,Liver Cancer,liver,Chol,cg03238075,Hyper
GSE157341,Liver Cancer,liver,Chol,cg03317402,Hyper
GSE157341,Liver Cancer,liver,Chol,cg03318924,Hyper
GSE157341,Liver Cancer,liver,Chol,cg03324815,Hyper
GSE157341,Liver Cancer,liver,Chol,cg03330762,Hyper
GSE157341,Liver Cancer,liver,Chol,cg03347632,Hyper
GSE157341,Liver Cancer,liver,Chol,cg03347934,Hyper
GSE157341,Liver Cancer,liver,Chol,cg03404339,Hyper
GSE157341,Liver Cancer,liver,Chol,cg03455250,Hyper
GSE157341,Liver Cancer,liver,Chol,cg03499905,Hyper
GSE157341,Liver Cancer,liver,Chol,cg03685774,Hyper
GSE157341,Liver Cancer,liver,Chol,cg03695448,Hyper
GSE157341,Liver Cancer,liver,Chol,cg03720043,Hyper
GSE157341,Liver Cancer,liver,Chol,cg03730249,Hyper
GSE157341,Liver Cancer,liver,Chol,cg03760191,Hyper
GSE157341,Liver Cancer,liver,Chol,cg03771183,Hyper
GSE157341,Liver Cancer,liver,Chol,cg03803102,Hyper
GSE157341,Liver Cancer,liver,Chol,cg03823468,Hyper
GSE157341,Liver Cancer,liver,Chol,cg03950599,Hyper
GSE157341,Liver Cancer,liver,Chol,cg04153135,Hyper
GSE157341,Liver Cancer,liver,Chol,cg04177945,Hyper
GSE157341,Liver Cancer,liver,Chol,cg04189838,Hyper
GSE157341,Liver Cancer,liver,Chol,cg04194054,Hyper
GSE157341,Liver Cancer,liver,Chol,cg04251886,Hyper
GSE157341,Liver Cancer,liver,Chol,cg04281069,Hyper
GSE157341,Liver Cancer,liver,Chol,cg04290779,Hyper
GSE157341,Liver Cancer,liver,Chol,cg04489012,Hyper
GSE157341,Liver Cancer,liver,Chol,cg04527220,Hyper
GSE157341,Liver Cancer,liver,Chol,cg04556412,Hyper
GSE157341,Liver Cancer,liver,Chol,cg04612488,Hyper
GSE157341,Liver Cancer,liver,Chol,cg04670451,Hyper
GSE157341,Liver Cancer,liver,Chol,cg04837616,Hyper
GSE157341,Liver Cancer,liver,Chol,cg04930463,Hyper
GSE157341,Liver Cancer,liver,Chol,cg04949489,Hyper
GSE157341,Liver Cancer,liver,Chol,cg04984818,Hyper
GSE157341,Liver Cancer,liver,Chol,cg05004228,Hyper
GSE157341,Liver Cancer,liver,Chol,cg05091260,Hyper
GSE157341,Liver Cancer,liver,Chol,cg05141333,Hyper
GSE157341,Liver Cancer,liver,Chol,cg05163177,Hyper
GSE157341,Liver Cancer,liver,Chol,cg05166354,Hyper
GSE157341,Liver Cancer,liver,Chol,cg05207620,Hyper
GSE157341,Liver Cancer,liver,Chol,cg05229802,Hyper
GSE157341,Liver Cancer,liver,Chol,cg05253577,Hyper
GSE157341,Liver Cancer,liver,Chol,cg05310774,Hyper
GSE157341,Liver Cancer,liver,Chol,cg05337743,Hyper
GSE157341,Liver Cancer,liver,Chol,cg05485968,Hyper
GSE157341,Liver Cancer,liver,Chol,cg05647756,Hyper
GSE157341,Liver Cancer,liver,Chol,cg05660160,Hyper
GSE157341,Liver Cancer,liver,Chol,cg05684907,Hyper
GSE157341,Liver Cancer,liver,Chol,cg05899507,Hyper
GSE157341,Liver Cancer,liver,Chol,cg05985447,Hyper
GSE157341,Liver Cancer,liver,Chol,cg05998930,Hyper
GSE157341,Liver Cancer,liver,Chol,cg06035600,Hyper
GSE157341,Liver Cancer,liver,Chol,cg06241101,Hyper
GSE157341,Liver Cancer,liver,Chol,cg06350432,Hyper
GSE157341,Liver Cancer,liver,Chol,cg06560912,Hyper
GSE157341,Liver Cancer,liver,Chol,cg06566994,Hyper
GSE157341,Liver Cancer,liver,Chol,cg06689536,Hyper
GSE157341,Liver Cancer,liver,Chol,cg06741528,Hyper
GSE157341,Liver Cancer,liver,Chol,cg06811166,Hyper
GSE157341,Liver Cancer,liver,Chol,cg06815887,Hyper
GSE157341,Liver Cancer,liver,Chol,cg06877599,Hyper
GSE157341,Liver Cancer,liver,Chol,cg07135629,Hyper
GSE157341,Liver Cancer,liver,Chol,cg07236157,Hyper
GSE157341,Liver Cancer,liver,Chol,cg07369559,Hyper
GSE157341,Liver Cancer,liver,Chol,cg07394491,Hyper
GSE157341,Liver Cancer,liver,Chol,cg07463059,Hyper
GSE157341,Liver Cancer,liver,Chol,cg07475468,Hyper
GSE157341,Liver Cancer,liver,Chol,cg07500432,Hyper
GSE157341,Liver Cancer,liver,Chol,cg07507257,Hyper
GSE157341,Liver Cancer,liver,Chol,cg07515565,Hyper
GSE157341,Liver Cancer,liver,Chol,cg07549208,Hyper
GSE157341,Liver Cancer,liver,Chol,cg07554771,Hyper
GSE157341,Liver Cancer,liver,Chol,cg07636037,Hyper
GSE157341,Liver Cancer,liver,Chol,cg07774777,Hyper
GSE157341,Liver Cancer,liver,Chol,cg07850604,Hyper
GSE157341,Liver Cancer,liver,Chol,cg08016336,Hyper
GSE157341,Liver Cancer,liver,Chol,cg08090385,Hyper
GSE157341,Liver Cancer,liver,Chol,cg08284638,Hyper
GSE157341,Liver Cancer,liver,Chol,cg08358983,Hyper
GSE157341,Liver Cancer,liver,Chol,cg08362308,Hyper
GSE157341,Liver Cancer,liver,Chol,cg08410921,Hyper
GSE157341,Liver Cancer,liver,Chol,cg08543952,Hyper
GSE157341,Liver Cancer,liver,Chol,cg08556090,Hyper
GSE157341,Liver Cancer,liver,Chol,cg08560942,Hyper
GSE157341,Liver Cancer,liver,Chol,cg08640475,Hyper
GSE157341,Liver Cancer,liver,Chol,cg08825223,Hyper
GSE157341,Liver Cancer,liver,Chol,cg08840441,Hyper
GSE157341,Liver Cancer,liver,Chol,cg08890883,Hyper
GSE157341,Liver Cancer,liver,Chol,cg09041483,Hyper
GSE157341,Liver Cancer,liver,Chol,cg09075307,Hyper
GSE157341,Liver Cancer,liver,Chol,cg09130658,Hyper
GSE157341,Liver Cancer,liver,Chol,cg09214953,Hyper
GSE157341,Liver Cancer,liver,Chol,cg09243533,Hyper
GSE157341,Liver Cancer,liver,Chol,cg09246749,Hyper
GSE157341,Liver Cancer,liver,Chol,cg09282201,Hyper
GSE157341,Liver Cancer,liver,Chol,cg09395969,Hyper
GSE157341,Liver Cancer,liver,Chol,cg09417937,Hyper
GSE157341,Liver Cancer,liver,Chol,cg09533293,Hyper
GSE157341,Liver Cancer,liver,Chol,cg09664596,Hyper
GSE157341,Liver Cancer,liver,Chol,cg09743500,Hyper
GSE157341,Liver Cancer,liver,Chol,cg09743615,Hyper
GSE157341,Liver Cancer,liver,Chol,cg09767658,Hyper
GSE157341,Liver Cancer,liver,Chol,cg09802389,Hyper
GSE157341,Liver Cancer,liver,Chol,cg09820084,Hyper
GSE157341,Liver Cancer,liver,Chol,cg09837037,Hyper
GSE157341,Liver Cancer,liver,Chol,cg09951485,Hyper
GSE157341,Liver Cancer,liver,Chol,cg09962952,Hyper
GSE157341,Liver Cancer,liver,Chol,cg09973102,Hyper
GSE157341,Liver Cancer,liver,Chol,cg10002185,Hyper
GSE157341,Liver Cancer,liver,Chol,cg10057904,Hyper
GSE157341,Liver Cancer,liver,Chol,cg10082445,Hyper
GSE157341,Liver Cancer,liver,Chol,cg10096378,Hyper
GSE157341,Liver Cancer,liver,Chol,cg10099827,Hyper
GSE157341,Liver Cancer,liver,Chol,cg10132917,Hyper
GSE157341,Liver Cancer,liver,Chol,cg10152624,Hyper
GSE157341,Liver Cancer,liver,Chol,cg10195295,Hyper
GSE157341,Liver Cancer,liver,Chol,cg10387890,Hyper
GSE157341,Liver Cancer,liver,Chol,cg10401367,Hyper
GSE157341,Liver Cancer,liver,Chol,cg10402804,Hyper
GSE157341,Liver Cancer,liver,Chol,cg10404717,Hyper
GSE157341,Liver Cancer,liver,Chol,cg10476962,Hyper
GSE157341,Liver Cancer,liver,Chol,cg10498429,Hyper
GSE157341,Liver Cancer,liver,Chol,cg10556064,Hyper
GSE157341,Liver Cancer,liver,Chol,cg10656742,Hyper
GSE157341,Liver Cancer,liver,Chol,cg10695848,Hyper
GSE157341,Liver Cancer,liver,Chol,cg10722267,Hyper
GSE157341,Liver Cancer,liver,Chol,cg10763234,Hyper
GSE157341,Liver Cancer,liver,Chol,cg10811426,Hyper
GSE157341,Liver Cancer,liver,Chol,cg10974632,Hyper
GSE157341,Liver Cancer,liver,Chol,cg11152463,Hyper
GSE157341,Liver Cancer,liver,Chol,cg11206840,Hyper
GSE157341,Liver Cancer,liver,Chol,cg11225357,Hyper
GSE157341,Liver Cancer,liver,Chol,cg11277230,Hyper
GSE157341,Liver Cancer,liver,Chol,cg11341775,Hyper
GSE157341,Liver Cancer,liver,Chol,cg11344352,Hyper
GSE157341,Liver Cancer,liver,Chol,cg11398523,Hyper
GSE157341,Liver Cancer,liver,Chol,cg11401159,Hyper
GSE157341,Liver Cancer,liver,Chol,cg11576123,Hyper
GSE157341,Liver Cancer,liver,Chol,cg11598720,Hyper
GSE157341,Liver Cancer,liver,Chol,cg11699912,Hyper
GSE157341,Liver Cancer,liver,Chol,cg11798758,Hyper
GSE157341,Liver Cancer,liver,Chol,cg11827925,Hyper
GSE157341,Liver Cancer,liver,Chol,cg11855325,Hyper
GSE157341,Liver Cancer,liver,Chol,cg11884546,Hyper
GSE157341,Liver Cancer,liver,Chol,cg11890354,Hyper
GSE157341,Liver Cancer,liver,Chol,cg11926485,Hyper
GSE157341,Liver Cancer,liver,Chol,cg11946630,Hyper
GSE157341,Liver Cancer,liver,Chol,cg12031346,Hyper
GSE157341,Liver Cancer,liver,Chol,cg12085226,Hyper
GSE157341,Liver Cancer,liver,Chol,cg12159575,Hyper
GSE157341,Liver Cancer,liver,Chol,cg12206571,Hyper
GSE157341,Liver Cancer,liver,Chol,cg12222752,Hyper
GSE157341,Liver Cancer,liver,Chol,cg12290671,Hyper
GSE157341,Liver Cancer,liver,Chol,cg12315892,Hyper
GSE157341,Liver Cancer,liver,Chol,cg12581970,Hyper
GSE157341,Liver Cancer,liver,Chol,cg12610078,Hyper
GSE157341,Liver Cancer,liver,Chol,cg12641569,Hyper
GSE157341,Liver Cancer,liver,Chol,cg12729397,Hyper
GSE157341,Liver Cancer,liver,Chol,cg12739761,Hyper
GSE157341,Liver Cancer,liver,Chol,cg12869229,Hyper
GSE157341,Liver Cancer,liver,Chol,cg13057576,Hyper
GSE157341,Liver Cancer,liver,Chol,cg13158571,Hyper
GSE157341,Liver Cancer,liver,Chol,cg13167816,Hyper
GSE157341,Liver Cancer,liver,Chol,cg13484553,Hyper
GSE157341,Liver Cancer,liver,Chol,cg13565928,Hyper
GSE157341,Liver Cancer,liver,Chol,cg13570982,Hyper
GSE157341,Liver Cancer,liver,Chol,cg13580857,Hyper
GSE157341,Liver Cancer,liver,Chol,cg13617904,Hyper
GSE157341,Liver Cancer,liver,Chol,cg13678641,Hyper
GSE157341,Liver Cancer,liver,Chol,cg13706066,Hyper
GSE157341,Liver Cancer,liver,Chol,cg13714749,Hyper
GSE157341,Liver Cancer,liver,Chol,cg13800209,Hyper
GSE157341,Liver Cancer,liver,Chol,cg13814654,Hyper
GSE157341,Liver Cancer,liver,Chol,cg13826564,Hyper
GSE157341,Liver Cancer,liver,Chol,cg13877670,Hyper
GSE157341,Liver Cancer,liver,Chol,cg13894021,Hyper
GSE157341,Liver Cancer,liver,Chol,cg14118171,Hyper
GSE157341,Liver Cancer,liver,Chol,cg14131555,Hyper
GSE157341,Liver Cancer,liver,Chol,cg14173587,Hyper
GSE157341,Liver Cancer,liver,Chol,cg14203426,Hyper
GSE157341,Liver Cancer,liver,Chol,cg14222314,Hyper
GSE157341,Liver Cancer,liver,Chol,cg14234912,Hyper
GSE157341,Liver Cancer,liver,Chol,cg14242024,Hyper
GSE157341,Liver Cancer,liver,Chol,cg14250881,Hyper
GSE157341,Liver Cancer,liver,Chol,cg14254562,Hyper
GSE157341,Liver Cancer,liver,Chol,cg14264994,Hyper
GSE157341,Liver Cancer,liver,Chol,cg14369455,Hyper
GSE157341,Liver Cancer,liver,Chol,cg14404481,Hyper
GSE157341,Liver Cancer,liver,Chol,cg14412891,Hyper
GSE157341,Liver Cancer,liver,Chol,cg14525247,Hyper
GSE157341,Liver Cancer,liver,Chol,cg14565439,Hyper
GSE157341,Liver Cancer,liver,Chol,cg14567877,Hyper
GSE157341,Liver Cancer,liver,Chol,cg14592933,Hyper
GSE157341,Liver Cancer,liver,Chol,cg14610217,Hyper
GSE157341,Liver Cancer,liver,Chol,cg14702215,Hyper
GSE157341,Liver Cancer,liver,Chol,cg14752838,Hyper
GSE157341,Liver Cancer,liver,Chol,cg14774585,Hyper
GSE157341,Liver Cancer,liver,Chol,cg14784343,Hyper
GSE157341,Liver Cancer,liver,Chol,cg14992273,Hyper
GSE157341,Liver Cancer,liver,Chol,cg14999833,Hyper
GSE157341,Liver Cancer,liver,Chol,cg15152201,Hyper
GSE157341,Liver Cancer,liver,Chol,cg15219320,Hyper
GSE157341,Liver Cancer,liver,Chol,cg15302376,Hyper
GSE157341,Liver Cancer,liver,Chol,cg15308737,Hyper
GSE157341,Liver Cancer,liver,Chol,cg15365028,Hyper
GSE157341,Liver Cancer,liver,Chol,cg15433043,Hyper
GSE157341,Liver Cancer,liver,Chol,cg15516684,Hyper
GSE157341,Liver Cancer,liver,Chol,cg15550572,Hyper
GSE157341,Liver Cancer,liver,Chol,cg15565872,Hyper
GSE157341,Liver Cancer,liver,Chol,cg15593721,Hyper
GSE157341,Liver Cancer,liver,Chol,cg15597855,Hyper
GSE157341,Liver Cancer,liver,Chol,cg16154524,Hyper
GSE157341,Liver Cancer,liver,Chol,cg16180531,Hyper
GSE157341,Liver Cancer,liver,Chol,cg16208395,Hyper
GSE157341,Liver Cancer,liver,Chol,cg16254764,Hyper
GSE157341,Liver Cancer,liver,Chol,cg16316507,Hyper
GSE157341,Liver Cancer,liver,Chol,cg16478733,Hyper
GSE157341,Liver Cancer,liver,Chol,cg16524286,Hyper
GSE157341,Liver Cancer,liver,Chol,cg16617758,Hyper
GSE157341,Liver Cancer,liver,Chol,cg16754364,Hyper
GSE157341,Liver Cancer,liver,Chol,cg16831623,Hyper
GSE157341,Liver Cancer,liver,Chol,cg16970232,Hyper
GSE157341,Liver Cancer,liver,Chol,cg16982087,Hyper
GSE157341,Liver Cancer,liver,Chol,cg17102069,Hyper
GSE157341,Liver Cancer,liver,Chol,cg17128184,Hyper
GSE157341,Liver Cancer,liver,Chol,cg17167972,Hyper
GSE157341,Liver Cancer,liver,Chol,cg17176676,Hyper
GSE157341,Liver Cancer,liver,Chol,cg17217059,Hyper
GSE157341,Liver Cancer,liver,Chol,cg17267804,Hyper
GSE157341,Liver Cancer,liver,Chol,cg17274080,Hyper
GSE157341,Liver Cancer,liver,Chol,cg17276002,Hyper
GSE157341,Liver Cancer,liver,Chol,cg17279652,Hyper
GSE157341,Liver Cancer,liver,Chol,cg17296729,Hyper
GSE157341,Liver Cancer,liver,Chol,cg17342709,Hyper
GSE157341,Liver Cancer,liver,Chol,cg17427675,Hyper
GSE157341,Liver Cancer,liver,Chol,cg17436370,Hyper
GSE157341,Liver Cancer,liver,Chol,cg17478827,Hyper
GSE157341,Liver Cancer,liver,Chol,cg17578755,Hyper
GSE157341,Liver Cancer,liver,Chol,cg17721249,Hyper
GSE157341,Liver Cancer,liver,Chol,cg17743250,Hyper
GSE157341,Liver Cancer,liver,Chol,cg17818220,Hyper
GSE157341,Liver Cancer,liver,Chol,cg17846122,Hyper
GSE157341,Liver Cancer,liver,Chol,cg17930034,Hyper
GSE157341,Liver Cancer,liver,Chol,cg18080604,Hyper
GSE157341,Liver Cancer,liver,Chol,cg18152871,Hyper
GSE157341,Liver Cancer,liver,Chol,cg18183406,Hyper
GSE157341,Liver Cancer,liver,Chol,cg18209835,Hyper
GSE157341,Liver Cancer,liver,Chol,cg18232548,Hyper
GSE157341,Liver Cancer,liver,Chol,cg18232772,Hyper
GSE157341,Liver Cancer,liver,Chol,cg18252855,Hyper
GSE157341,Liver Cancer,liver,Chol,cg18254364,Hyper
GSE157341,Liver Cancer,liver,Chol,cg18267790,Hyper
GSE157341,Liver Cancer,liver,Chol,cg18293555,Hyper
GSE157341,Liver Cancer,liver,Chol,cg18321533,Hyper
GSE157341,Liver Cancer,liver,Chol,cg18376817,Hyper
GSE157341,Liver Cancer,liver,Chol,cg18517266,Hyper
GSE157341,Liver Cancer,liver,Chol,cg18525316,Hyper
GSE157341,Liver Cancer,liver,Chol,cg18581669,Hyper
GSE157341,Liver Cancer,liver,Chol,cg18751958,Hyper
GSE157341,Liver Cancer,liver,Chol,cg18754389,Hyper
GSE157341,Liver Cancer,liver,Chol,cg18772361,Hyper
GSE157341,Liver Cancer,liver,Chol,cg18878134,Hyper
GSE157341,Liver Cancer,liver,Chol,cg18892790,Hyper
GSE157341,Liver Cancer,liver,Chol,cg18953784,Hyper
GSE157341,Liver Cancer,liver,Chol,cg19104757,Hyper
GSE157341,Liver Cancer,liver,Chol,cg19131736,Hyper
GSE157341,Liver Cancer,liver,Chol,cg19289969,Hyper
GSE157341,Liver Cancer,liver,Chol,cg19631651,Hyper
GSE157341,Liver Cancer,liver,Chol,cg19640789,Hyper
GSE157341,Liver Cancer,liver,Chol,cg19706516,Hyper
GSE157341,Liver Cancer,liver,Chol,cg19736671,Hyper
GSE157341,Liver Cancer,liver,Chol,cg19858280,Hyper
GSE157341,Liver Cancer,liver,Chol,cg19963313,Hyper
GSE157341,Liver Cancer,liver,Chol,cg20025003,Hyper
GSE157341,Liver Cancer,liver,Chol,cg20036915,Hyper
GSE157341,Liver Cancer,liver,Chol,cg20075683,Hyper
GSE157341,Liver Cancer,liver,Chol,cg20287790,Hyper
GSE157341,Liver Cancer,liver,Chol,cg20311501,Hyper
GSE157341,Liver Cancer,liver,Chol,cg20402747,Hyper
GSE157341,Liver Cancer,liver,Chol,cg20490341,Hyper
GSE157341,Liver Cancer,liver,Chol,cg20568227,Hyper
GSE157341,Liver Cancer,liver,Chol,cg20696752,Hyper
GSE157341,Liver Cancer,liver,Chol,cg20707786,Hyper
GSE157341,Liver Cancer,liver,Chol,cg20730432,Hyper
GSE157341,Liver Cancer,liver,Chol,cg20750606,Hyper
GSE157341,Liver Cancer,liver,Chol,cg20898283,Hyper
GSE157341,Liver Cancer,liver,Chol,cg21038957,Hyper
GSE157341,Liver Cancer,liver,Chol,cg21104276,Hyper
GSE157341,Liver Cancer,liver,Chol,cg21238257,Hyper
GSE157341,Liver Cancer,liver,Chol,cg21527621,Hyper
GSE157341,Liver Cancer,liver,Chol,cg21548464,Hyper
GSE157341,Liver Cancer,liver,Chol,cg21554217,Hyper
GSE157341,Liver Cancer,liver,Chol,cg21605238,Hyper
GSE157341,Liver Cancer,liver,Chol,cg21655280,Hyper
GSE157341,Liver Cancer,liver,Chol,cg21658235,Hyper
GSE157341,Liver Cancer,liver,Chol,cg21708867,Hyper
GSE157341,Liver Cancer,liver,Chol,cg21724796,Hyper
GSE157341,Liver Cancer,liver,Chol,cg21856645,Hyper
GSE157341,Liver Cancer,liver,Chol,cg21935113,Hyper
GSE157341,Liver Cancer,liver,Chol,cg21941223,Hyper
GSE157341,Liver Cancer,liver,Chol,cg22068093,Hyper
GSE157341,Liver Cancer,liver,Chol,cg22070462,Hyper
GSE157341,Liver Cancer,liver,Chol,cg22127901,Hyper
GSE157341,Liver Cancer,liver,Chol,cg22257786,Hyper
GSE157341,Liver Cancer,liver,Chol,cg22274251,Hyper
GSE157341,Liver Cancer,liver,Chol,cg22358276,Hyper
GSE157341,Liver Cancer,liver,Chol,cg22382021,Hyper
GSE157341,Liver Cancer,liver,Chol,cg22399111,Hyper
GSE157341,Liver Cancer,liver,Chol,cg22476542,Hyper
GSE157341,Liver Cancer,liver,Chol,cg22799110,Hyper
GSE157341,Liver Cancer,liver,Chol,cg23005227,Hyper
GSE157341,Liver Cancer,liver,Chol,cg23090159,Hyper
GSE157341,Liver Cancer,liver,Chol,cg23093589,Hyper
GSE157341,Liver Cancer,liver,Chol,cg23255020,Hyper
GSE157341,Liver Cancer,liver,Chol,cg23272978,Hyper
GSE157341,Liver Cancer,liver,Chol,cg23344136,Hyper
GSE157341,Liver Cancer,liver,Chol,cg23365135,Hyper
GSE157341,Liver Cancer,liver,Chol,cg23442621,Hyper
GSE157341,Liver Cancer,liver,Chol,cg23586996,Hyper
GSE157341,Liver Cancer,liver,Chol,cg23602058,Hyper
GSE157341,Liver Cancer,liver,Chol,cg23670415,Hyper
GSE157341,Liver Cancer,liver,Chol,cg23677584,Hyper
GSE157341,Liver Cancer,liver,Chol,cg23687288,Hyper
GSE157341,Liver Cancer,liver,Chol,cg23694371,Hyper
GSE157341,Liver Cancer,liver,Chol,cg23731992,Hyper
GSE157341,Liver Cancer,liver,Chol,cg23843398,Hyper
GSE157341,Liver Cancer,liver,Chol,cg23947545,Hyper
GSE157341,Liver Cancer,liver,Chol,cg24133771,Hyper
GSE157341,Liver Cancer,liver,Chol,cg24136314,Hyper
GSE157341,Liver Cancer,liver,Chol,cg24146100,Hyper
GSE157341,Liver Cancer,liver,Chol,cg24165921,Hyper
GSE157341,Liver Cancer,liver,Chol,cg24342013,Hyper
GSE157341,Liver Cancer,liver,Chol,cg24555591,Hyper
GSE157341,Liver Cancer,liver,Chol,cg24629941,Hyper
GSE157341,Liver Cancer,liver,Chol,cg24688837,Hyper
GSE157341,Liver Cancer,liver,Chol,cg24726121,Hyper
GSE157341,Liver Cancer,liver,Chol,cg24795274,Hyper
GSE157341,Liver Cancer,liver,Chol,cg24831879,Hyper
GSE157341,Liver Cancer,liver,Chol,cg24921186,Hyper
GSE157341,Liver Cancer,liver,Chol,cg25004840,Hyper
GSE157341,Liver Cancer,liver,Chol,cg25114781,Hyper
GSE157341,Liver Cancer,liver,Chol,cg25245082,Hyper
GSE157341,Liver Cancer,liver,Chol,cg25343163,Hyper
GSE157341,Liver Cancer,liver,Chol,cg25380171,Hyper
GSE157341,Liver Cancer,liver,Chol,cg25478037,Hyper
GSE157341,Liver Cancer,liver,Chol,cg25481705,Hyper
GSE157341,Liver Cancer,liver,Chol,cg25483854,Hyper
GSE157341,Liver Cancer,liver,Chol,cg25485956,Hyper
GSE157341,Liver Cancer,liver,Chol,cg25561904,Hyper
GSE157341,Liver Cancer,liver,Chol,cg25566730,Hyper
GSE157341,Liver Cancer,liver,Chol,cg25602159,Hyper
GSE157341,Liver Cancer,liver,Chol,cg25776555,Hyper
GSE157341,Liver Cancer,liver,Chol,cg26148904,Hyper
GSE157341,Liver Cancer,liver,Chol,cg26239495,Hyper
GSE157341,Liver Cancer,liver,Chol,cg26340084,Hyper
GSE157341,Liver Cancer,liver,Chol,cg26361041,Hyper
GSE157341,Liver Cancer,liver,Chol,cg26394055,Hyper
GSE157341,Liver Cancer,liver,Chol,cg26467269,Hyper
GSE157341,Liver Cancer,liver,Chol,cg26512254,Hyper
GSE157341,Liver Cancer,liver,Chol,cg26539522,Hyper
GSE157341,Liver Cancer,liver,Chol,cg26558485,Hyper
GSE157341,Liver Cancer,liver,Chol,cg26600753,Hyper
GSE157341,Liver Cancer,liver,Chol,cg26861732,Hyper
GSE157341,Liver Cancer,liver,Chol,cg26983469,Hyper
GSE157341,Liver Cancer,liver,Chol,cg27055365,Hyper
GSE157341,Liver Cancer,liver,Chol,cg27205904,Hyper
GSE157341,Liver Cancer,liver,Chol,cg27218154,Hyper
GSE157341,Liver Cancer,liver,Chol,cg27219841,Hyper
GSE157341,Liver Cancer,liver,Chol,cg27235337,Hyper
GSE157341,Liver Cancer,liver,Chol,cg27239168,Hyper
GSE157341,Liver Cancer,liver,Chol,cg27272402,Hyper
GSE157341,Liver Cancer,liver,Chol,cg27300804,Hyper
GSE157341,Liver Cancer,liver,Chol,cg27360992,Hyper
GSE157341,Liver Cancer,liver,Chol,cg27367235,Hyper
GSE157341,Liver Cancer,liver,Chol,cg27475923,Hyper
GSE157341,Liver Cancer,liver,Chol,cg00004996,Hypo
GSE157341,Liver Cancer,liver,Chol,cg00005740,Hypo
GSE157341,Liver Cancer,liver,Chol,cg00021783,Hypo
GSE157341,Liver Cancer,liver,Chol,cg00029640,Hypo
GSE157341,Liver Cancer,liver,Chol,cg00082235,Hypo
GSE157341,Liver Cancer,liver,Chol,cg00087963,Hypo
GSE157341,Liver Cancer,liver,Chol,cg00098144,Hypo
GSE157341,Liver Cancer,liver,Chol,cg00164949,Hypo
GSE157341,Liver Cancer,liver,Chol,cg00208218,Hypo
GSE157341,Liver Cancer,liver,Chol,cg00216061,Hypo
GSE157341,Liver Cancer,liver,Chol,cg00232827,Hypo
GSE157341,Liver Cancer,liver,Chol,cg00281664,Hypo
GSE157341,Liver Cancer,liver,Chol,cg00319761,Hypo
GSE157341,Liver Cancer,liver,Chol,cg00369852,Hypo
GSE157341,Liver Cancer,liver,Chol,cg00376735,Hypo
GSE157341,Liver Cancer,liver,Chol,cg00399059,Hypo
GSE157341,Liver Cancer,liver,Chol,cg00432454,Hypo
GSE157341,Liver Cancer,liver,Chol,cg00491255,Hypo
GSE157341,Liver Cancer,liver,Chol,cg00566187,Hypo
GSE157341,Liver Cancer,liver,Chol,cg00599850,Hypo
GSE157341,Liver Cancer,liver,Chol,cg00605523,Hypo
GSE157341,Liver Cancer,liver,Chol,cg00639215,Hypo
GSE157341,Liver Cancer,liver,Chol,cg00679184,Hypo
GSE157341,Liver Cancer,liver,Chol,cg00700239,Hypo
GSE157341,Liver Cancer,liver,Chol,cg00733728,Hypo
GSE157341,Liver Cancer,liver,Chol,cg00922310,Hypo
GSE157341,Liver Cancer,liver,Chol,cg00967854,Hypo
GSE157341,Liver Cancer,liver,Chol,cg00981443,Hypo
GSE157341,Liver Cancer,liver,Chol,cg00983904,Hypo
GSE157341,Liver Cancer,liver,Chol,cg00992417,Hypo
GSE157341,Liver Cancer,liver,Chol,cg00997280,Hypo
GSE157341,Liver Cancer,liver,Chol,cg01032851,Hypo
GSE157341,Liver Cancer,liver,Chol,cg01128460,Hypo
GSE157341,Liver Cancer,liver,Chol,cg01205935,Hypo
GSE157341,Liver Cancer,liver,Chol,cg01262413,Hypo
GSE157341,Liver Cancer,liver,Chol,cg01275887,Hypo
GSE157341,Liver Cancer,liver,Chol,cg01302201,Hypo
GSE157341,Liver Cancer,liver,Chol,cg01310019,Hypo
GSE157341,Liver Cancer,liver,Chol,cg01321088,Hypo
GSE157341,Liver Cancer,liver,Chol,cg01382688,Hypo
GSE157341,Liver Cancer,liver,Chol,cg01457169,Hypo
GSE157341,Liver Cancer,liver,Chol,cg01525538,Hypo
GSE157341,Liver Cancer,liver,Chol,cg01577475,Hypo
GSE157341,Liver Cancer,liver,Chol,cg01579289,Hypo
GSE157341,Liver Cancer,liver,Chol,cg01629435,Hypo
GSE157341,Liver Cancer,liver,Chol,cg01641136,Hypo
GSE157341,Liver Cancer,liver,Chol,cg01657758,Hypo
GSE157341,Liver Cancer,liver,Chol,cg01723606,Hypo
GSE157341,Liver Cancer,liver,Chol,cg01734772,Hypo
GSE157341,Liver Cancer,liver,Chol,cg01752978,Hypo
GSE157341,Liver Cancer,liver,Chol,cg01782059,Hypo
GSE157341,Liver Cancer,liver,Chol,cg01791000,Hypo
GSE157341,Liver Cancer,liver,Chol,cg01793368,Hypo
GSE157341,Liver Cancer,liver,Chol,cg01829342,Hypo
GSE157341,Liver Cancer,liver,Chol,cg01935405,Hypo
GSE157341,Liver Cancer,liver,Chol,cg01971181,Hypo
GSE157341,Liver Cancer,liver,Chol,cg01979888,Hypo
GSE157341,Liver Cancer,liver,Chol,cg01998089,Hypo
GSE157341,Liver Cancer,liver,Chol,cg02056794,Hypo
GSE157341,Liver Cancer,liver,Chol,cg02118886,Hypo
GSE157341,Liver Cancer,liver,Chol,cg02172028,Hypo
GSE157341,Liver Cancer,liver,Chol,cg02277520,Hypo
GSE157341,Liver Cancer,liver,Chol,cg02296992,Hypo
GSE157341,Liver Cancer,liver,Chol,cg02301527,Hypo
GSE157341,Liver Cancer,liver,Chol,cg02329386,Hypo
GSE157341,Liver Cancer,liver,Chol,cg02458113,Hypo
GSE157341,Liver Cancer,liver,Chol,cg02478828,Hypo
GSE157341,Liver Cancer,liver,Chol,cg02482730,Hypo
GSE157341,Liver Cancer,liver,Chol,cg02556649,Hypo
GSE157341,Liver Cancer,liver,Chol,cg02614683,Hypo
GSE157341,Liver Cancer,liver,Chol,cg02660643,Hypo
GSE157341,Liver Cancer,liver,Chol,cg02685680,Hypo
GSE157341,Liver Cancer,liver,Chol,cg02715115,Hypo
GSE157341,Liver Cancer,liver,Chol,cg02821464,Hypo
GSE157341,Liver Cancer,liver,Chol,cg02863087,Hypo
GSE157341,Liver Cancer,liver,Chol,cg02872476,Hypo
GSE157341,Liver Cancer,liver,Chol,cg02883503,Hypo
GSE157341,Liver Cancer,liver,Chol,cg02971328,Hypo
GSE157341,Liver Cancer,liver,Chol,cg03008204,Hypo
GSE157341,Liver Cancer,liver,Chol,cg03048083,Hypo
GSE157341,Liver Cancer,liver,Chol,cg03099728,Hypo
GSE157341,Liver Cancer,liver,Chol,cg03118417,Hypo
GSE157341,Liver Cancer,liver,Chol,cg03159947,Hypo
GSE157341,Liver Cancer,liver,Chol,cg03175653,Hypo
GSE157341,Liver Cancer,liver,Chol,cg03186993,Hypo
GSE157341,Liver Cancer,liver,Chol,cg03304815,Hypo
GSE157341,Liver Cancer,liver,Chol,cg03325598,Hypo
GSE157341,Liver Cancer,liver,Chol,cg03375453,Hypo
GSE157341,Liver Cancer,liver,Chol,cg03468945,Hypo
GSE157341,Liver Cancer,liver,Chol,cg03499905,Hypo
GSE157341,Liver Cancer,liver,Chol,cg03502812,Hypo
GSE157341,Liver Cancer,liver,Chol,cg03538383,Hypo
GSE157341,Liver Cancer,liver,Chol,cg03606898,Hypo
GSE157341,Liver Cancer,liver,Chol,cg03654391,Hypo
GSE157341,Liver Cancer,liver,Chol,cg03695448,Hypo
GSE157341,Liver Cancer,liver,Chol,cg03743720,Hypo
GSE157341,Liver Cancer,liver,Chol,cg03756778,Hypo
GSE157341,Liver Cancer,liver,Chol,cg03833068,Hypo
GSE157341,Liver Cancer,liver,Chol,cg03950614,Hypo
GSE157341,Liver Cancer,liver,Chol,cg04085768,Hypo
GSE157341,Liver Cancer,liver,Chol,cg04124457,Hypo
GSE157341,Liver Cancer,liver,Chol,cg04194054,Hypo
GSE157341,Liver Cancer,liver,Chol,cg04220579,Hypo
GSE157341,Liver Cancer,liver,Chol,cg04566694,Hypo
GSE157341,Liver Cancer,liver,Chol,cg04614823,Hypo
GSE157341,Liver Cancer,liver,Chol,cg04652441,Hypo
GSE157341,Liver Cancer,liver,Chol,cg04720283,Hypo
GSE157341,Liver Cancer,liver,Chol,cg04746199,Hypo
GSE157341,Liver Cancer,liver,Chol,cg04877287,Hypo
GSE157341,Liver Cancer,liver,Chol,cg05057352,Hypo
GSE157341,Liver Cancer,liver,Chol,cg05070742,Hypo
GSE157341,Liver Cancer,liver,Chol,cg05163177,Hypo
GSE157341,Liver Cancer,liver,Chol,cg05207620,Hypo
GSE157341,Liver Cancer,liver,Chol,cg05212664,Hypo
GSE157341,Liver Cancer,liver,Chol,cg05215748,Hypo
GSE157341,Liver Cancer,liver,Chol,cg05219493,Hypo
GSE157341,Liver Cancer,liver,Chol,cg05286196,Hypo
GSE157341,Liver Cancer,liver,Chol,cg05346193,Hypo
GSE157341,Liver Cancer,liver,Chol,cg05361096,Hypo
GSE157341,Liver Cancer,liver,Chol,cg05388880,Hypo
GSE157341,Liver Cancer,liver,Chol,cg05396178,Hypo
GSE157341,Liver Cancer,liver,Chol,cg05453924,Hypo
GSE157341,Liver Cancer,liver,Chol,cg05477444,Hypo
GSE157341,Liver Cancer,liver,Chol,cg05479174,Hypo
GSE157341,Liver Cancer,liver,Chol,cg05666820,Hypo
GSE157341,Liver Cancer,liver,Chol,cg05709782,Hypo
GSE157341,Liver Cancer,liver,Chol,cg05754939,Hypo
GSE157341,Liver Cancer,liver,Chol,cg05782454,Hypo
GSE157341,Liver Cancer,liver,Chol,cg05791356,Hypo
GSE157341,Liver Cancer,liver,Chol,cg05798501,Hypo
GSE157341,Liver Cancer,liver,Chol,cg05800014,Hypo
GSE157341,Liver Cancer,liver,Chol,cg05899618,Hypo
GSE157341,Liver Cancer,liver,Chol,cg05903720,Hypo
GSE157341,Liver Cancer,liver,Chol,cg05977156,Hypo
GSE157341,Liver Cancer,liver,Chol,cg05985447,Hypo
GSE157341,Liver Cancer,liver,Chol,cg05991442,Hypo
GSE157341,Liver Cancer,liver,Chol,cg06053376,Hypo
GSE157341,Liver Cancer,liver,Chol,cg06267617,Hypo
GSE157341,Liver Cancer,liver,Chol,cg06270206,Hypo
GSE157341,Liver Cancer,liver,Chol,cg06297023,Hypo
GSE157341,Liver Cancer,liver,Chol,cg06328338,Hypo
GSE157341,Liver Cancer,liver,Chol,cg06374811,Hypo
GSE157341,Liver Cancer,liver,Chol,cg06378494,Hypo
GSE157341,Liver Cancer,liver,Chol,cg06403317,Hypo
GSE157341,Liver Cancer,liver,Chol,cg06419959,Hypo
GSE157341,Liver Cancer,liver,Chol,cg06638795,Hypo
GSE157341,Liver Cancer,liver,Chol,cg06658821,Hypo
GSE157341,Liver Cancer,liver,Chol,cg06803257,Hypo
GSE157341,Liver Cancer,liver,Chol,cg06933824,Hypo
GSE157341,Liver Cancer,liver,Chol,cg06966245,Hypo
GSE157341,Liver Cancer,liver,Chol,cg06989253,Hypo
GSE157341,Liver Cancer,liver,Chol,cg07004820,Hypo
GSE157341,Liver Cancer,liver,Chol,cg07065008,Hypo
GSE157341,Liver Cancer,liver,Chol,cg07072463,Hypo
GSE157341,Liver Cancer,liver,Chol,cg07196426,Hypo
GSE157341,Liver Cancer,liver,Chol,cg07225966,Hypo
GSE157341,Liver Cancer,liver,Chol,cg07267550,Hypo
GSE157341,Liver Cancer,liver,Chol,cg07475178,Hypo
GSE157341,Liver Cancer,liver,Chol,cg07479618,Hypo
GSE157341,Liver Cancer,liver,Chol,cg07485775,Hypo
GSE157341,Liver Cancer,liver,Chol,cg07554771,Hypo
GSE157341,Liver Cancer,liver,Chol,cg07556730,Hypo
GSE157341,Liver Cancer,liver,Chol,cg07591090,Hypo
GSE157341,Liver Cancer,liver,Chol,cg07636037,Hypo
GSE157341,Liver Cancer,liver,Chol,cg07661480,Hypo
GSE157341,Liver Cancer,liver,Chol,cg07688052,Hypo
GSE157341,Liver Cancer,liver,Chol,cg07812289,Hypo
GSE157341,Liver Cancer,liver,Chol,cg07891457,Hypo
GSE157341,Liver Cancer,liver,Chol,cg07923390,Hypo
GSE157341,Liver Cancer,liver,Chol,cg07985864,Hypo
GSE157341,Liver Cancer,liver,Chol,cg08015702,Hypo
GSE157341,Liver Cancer,liver,Chol,cg08037817,Hypo
GSE157341,Liver Cancer,liver,Chol,cg08115732,Hypo
GSE157341,Liver Cancer,liver,Chol,cg08158518,Hypo
GSE157341,Liver Cancer,liver,Chol,cg08220753,Hypo
GSE157341,Liver Cancer,liver,Chol,cg08304084,Hypo
GSE157341,Liver Cancer,liver,Chol,cg08351085,Hypo
GSE157341,Liver Cancer,liver,Chol,cg08451957,Hypo
GSE157341,Liver Cancer,liver,Chol,cg08464208,Hypo
GSE157341,Liver Cancer,liver,Chol,cg08550881,Hypo
GSE157341,Liver Cancer,liver,Chol,cg08551333,Hypo
GSE157341,Liver Cancer,liver,Chol,cg08555866,Hypo
GSE157341,Liver Cancer,liver,Chol,cg08622675,Hypo
GSE157341,Liver Cancer,liver,Chol,cg08629856,Hypo
GSE157341,Liver Cancer,liver,Chol,cg08766762,Hypo
GSE157341,Liver Cancer,liver,Chol,cg08842032,Hypo
GSE157341,Liver Cancer,liver,Chol,cg08873940,Hypo
GSE157341,Liver Cancer,liver,Chol,cg08875705,Hypo
GSE157341,Liver Cancer,liver,Chol,cg08903089,Hypo
GSE157341,Liver Cancer,liver,Chol,cg08964780,Hypo
GSE157341,Liver Cancer,liver,Chol,cg09012544,Hypo
GSE157341,Liver Cancer,liver,Chol,cg09017718,Hypo
GSE157341,Liver Cancer,liver,Chol,cg09099868,Hypo
GSE157341,Liver Cancer,liver,Chol,cg09126720,Hypo
GSE157341,Liver Cancer,liver,Chol,cg09198138,Hypo
GSE157341,Liver Cancer,liver,Chol,cg09287629,Hypo
GSE157341,Liver Cancer,liver,Chol,cg09304968,Hypo
GSE157341,Liver Cancer,liver,Chol,cg09440270,Hypo
GSE157341,Liver Cancer,liver,Chol,cg09477407,Hypo
GSE157341,Liver Cancer,liver,Chol,cg09533178,Hypo
GSE157341,Liver Cancer,liver,Chol,cg09570614,Hypo
GSE157341,Liver Cancer,liver,Chol,cg09575189,Hypo
GSE157341,Liver Cancer,liver,Chol,cg09642740,Hypo
GSE157341,Liver Cancer,liver,Chol,cg09677252,Hypo
GSE157341,Liver Cancer,liver,Chol,cg09706277,Hypo
GSE157341,Liver Cancer,liver,Chol,cg09784932,Hypo
GSE157341,Liver Cancer,liver,Chol,cg09884635,Hypo
GSE157341,Liver Cancer,liver,Chol,cg09911521,Hypo
GSE157341,Liver Cancer,liver,Chol,cg09917506,Hypo
GSE157341,Liver Cancer,liver,Chol,cg09976989,Hypo
GSE157341,Liver Cancer,liver,Chol,cg09977718,Hypo
GSE157341,Liver Cancer,liver,Chol,cg09990962,Hypo
GSE157341,Liver Cancer,liver,Chol,cg10030658,Hypo
GSE157341,Liver Cancer,liver,Chol,cg10094994,Hypo
GSE157341,Liver Cancer,liver,Chol,cg10152624,Hypo
GSE157341,Liver Cancer,liver,Chol,cg10172584,Hypo
GSE157341,Liver Cancer,liver,Chol,cg10184886,Hypo
GSE157341,Liver Cancer,liver,Chol,cg10245988,Hypo
GSE157341,Liver Cancer,liver,Chol,cg10246081,Hypo
GSE157341,Liver Cancer,liver,Chol,cg10334767,Hypo
GSE157341,Liver Cancer,liver,Chol,cg10380312,Hypo
GSE157341,Liver Cancer,liver,Chol,cg10402804,Hypo
GSE157341,Liver Cancer,liver,Chol,cg10433625,Hypo
GSE157341,Liver Cancer,liver,Chol,cg10438282,Hypo
GSE157341,Liver Cancer,liver,Chol,cg10490795,Hypo
GSE157341,Liver Cancer,liver,Chol,cg10491546,Hypo
GSE157341,Liver Cancer,liver,Chol,cg10505257,Hypo
GSE157341,Liver Cancer,liver,Chol,cg10507988,Hypo
GSE157341,Liver Cancer,liver,Chol,cg10516998,Hypo
GSE157341,Liver Cancer,liver,Chol,cg10676327,Hypo
GSE157341,Liver Cancer,liver,Chol,cg10798682,Hypo
GSE157341,Liver Cancer,liver,Chol,cg10925829,Hypo
GSE157341,Liver Cancer,liver,Chol,cg10975863,Hypo
GSE157341,Liver Cancer,liver,Chol,cg11152033,Hypo
GSE157341,Liver Cancer,liver,Chol,cg11160572,Hypo
GSE157341,Liver Cancer,liver,Chol,cg11248999,Hypo
GSE157341,Liver Cancer,liver,Chol,cg11344073,Hypo
GSE157341,Liver Cancer,liver,Chol,cg11358945,Hypo
GSE157341,Liver Cancer,liver,Chol,cg11479877,Hypo
GSE157341,Liver Cancer,liver,Chol,cg11575912,Hypo
GSE157341,Liver Cancer,liver,Chol,cg11654118,Hypo
GSE157341,Liver Cancer,liver,Chol,cg11787288,Hypo
GSE157341,Liver Cancer,liver,Chol,cg11814672,Hypo
GSE157341,Liver Cancer,liver,Chol,cg11835512,Hypo
GSE157341,Liver Cancer,liver,Chol,cg11846580,Hypo
GSE157341,Liver Cancer,liver,Chol,cg11849692,Hypo
GSE157341,Liver Cancer,liver,Chol,cg11911286,Hypo
GSE157341,Liver Cancer,liver,Chol,cg11949060,Hypo
GSE157341,Liver Cancer,liver,Chol,cg11956467,Hypo
GSE157341,Liver Cancer,liver,Chol,cg11983576,Hypo
GSE157341,Liver Cancer,liver,Chol,cg11992783,Hypo
GSE157341,Liver Cancer,liver,Chol,cg12095397,Hypo
GSE157341,Liver Cancer,liver,Chol,cg12179353,Hypo
GSE157341,Liver Cancer,liver,Chol,cg12181621,Hypo
GSE157341,Liver Cancer,liver,Chol,cg12218368,Hypo
GSE157341,Liver Cancer,liver,Chol,cg12271079,Hypo
GSE157341,Liver Cancer,liver,Chol,cg12362629,Hypo
GSE157341,Liver Cancer,liver,Chol,cg12434587,Hypo
GSE157341,Liver Cancer,liver,Chol,cg12481266,Hypo
GSE157341,Liver Cancer,liver,Chol,cg12499316,Hypo
GSE157341,Liver Cancer,liver,Chol,cg12550399,Hypo
GSE157341,Liver Cancer,liver,Chol,cg12573502,Hypo
GSE157341,Liver Cancer,liver,Chol,cg12581970,Hypo
GSE157341,Liver Cancer,liver,Chol,cg12593515,Hypo
GSE157341,Liver Cancer,liver,Chol,cg12600174,Hypo
GSE157341,Liver Cancer,liver,Chol,cg12610078,Hypo
GSE157341,Liver Cancer,liver,Chol,cg12651286,Hypo
GSE157341,Liver Cancer,liver,Chol,cg12692386,Hypo
GSE157341,Liver Cancer,liver,Chol,cg12760869,Hypo
GSE157341,Liver Cancer,liver,Chol,cg12789068,Hypo
GSE157341,Liver Cancer,liver,Chol,cg12789935,Hypo
GSE157341,Liver Cancer,liver,Chol,cg12833018,Hypo
GSE157341,Liver Cancer,liver,Chol,cg12880300,Hypo
GSE157341,Liver Cancer,liver,Chol,cg12887128,Hypo
GSE157341,Liver Cancer,liver,Chol,cg12914100,Hypo
GSE157341,Liver Cancer,liver,Chol,cg12961733,Hypo
GSE157341,Liver Cancer,liver,Chol,cg12993642,Hypo
GSE157341,Liver Cancer,liver,Chol,cg13053914,Hypo
GSE157341,Liver Cancer,liver,Chol,cg13131095,Hypo
GSE157341,Liver Cancer,liver,Chol,cg13222081,Hypo
GSE157341,Liver Cancer,liver,Chol,cg13231302,Hypo
GSE157341,Liver Cancer,liver,Chol,cg13307451,Hypo
GSE157341,Liver Cancer,liver,Chol,cg13327545,Hypo
GSE157341,Liver Cancer,liver,Chol,cg13549497,Hypo
GSE157341,Liver Cancer,liver,Chol,cg13600716,Hypo
GSE157341,Liver Cancer,liver,Chol,cg13679216,Hypo
GSE157341,Liver Cancer,liver,Chol,cg13738327,Hypo
GSE157341,Liver Cancer,liver,Chol,cg13767778,Hypo
GSE157341,Liver Cancer,liver,Chol,cg13770573,Hypo
GSE157341,Liver Cancer,liver,Chol,cg13781149,Hypo
GSE157341,Liver Cancer,liver,Chol,cg13803234,Hypo
GSE157341,Liver Cancer,liver,Chol,cg13804476,Hypo
GSE157341,Liver Cancer,liver,Chol,cg13850871,Hypo
GSE157341,Liver Cancer,liver,Chol,cg13874777,Hypo
GSE157341,Liver Cancer,liver,Chol,cg13876222,Hypo
GSE157341,Liver Cancer,liver,Chol,cg13887180,Hypo
GSE157341,Liver Cancer,liver,Chol,cg13912224,Hypo
GSE157341,Liver Cancer,liver,Chol,cg13920336,Hypo
GSE157341,Liver Cancer,liver,Chol,cg13923277,Hypo
GSE157341,Liver Cancer,liver,Chol,cg13969273,Hypo
GSE157341,Liver Cancer,liver,Chol,cg13982366,Hypo
GSE157341,Liver Cancer,liver,Chol,cg13986355,Hypo
GSE157341,Liver Cancer,liver,Chol,cg14001893,Hypo
GSE157341,Liver Cancer,liver,Chol,cg14014225,Hypo
GSE157341,Liver Cancer,liver,Chol,cg14021572,Hypo
GSE157341,Liver Cancer,liver,Chol,cg14032261,Hypo
GSE157341,Liver Cancer,liver,Chol,cg14118839,Hypo
GSE157341,Liver Cancer,liver,Chol,cg14129589,Hypo
GSE157341,Liver Cancer,liver,Chol,cg14207921,Hypo
GSE157341,Liver Cancer,liver,Chol,cg14239592,Hypo
GSE157341,Liver Cancer,liver,Chol,cg14264994,Hypo
GSE157341,Liver Cancer,liver,Chol,cg14299480,Hypo
GSE157341,Liver Cancer,liver,Chol,cg14334350,Hypo
GSE157341,Liver Cancer,liver,Chol,cg14344989,Hypo
GSE157341,Liver Cancer,liver,Chol,cg14349144,Hypo
GSE157341,Liver Cancer,liver,Chol,cg14373380,Hypo
GSE157341,Liver Cancer,liver,Chol,cg14412891,Hypo
GSE157341,Liver Cancer,liver,Chol,cg14477471,Hypo
GSE157341,Liver Cancer,liver,Chol,cg14659008,Hypo
GSE157341,Liver Cancer,liver,Chol,cg14685095,Hypo
GSE157341,Liver Cancer,liver,Chol,cg14694342,Hypo
GSE157341,Liver Cancer,liver,Chol,cg14702215,Hypo
GSE157341,Liver Cancer,liver,Chol,cg14826425,Hypo
GSE157341,Liver Cancer,liver,Chol,cg14988680,Hypo
GSE157341,Liver Cancer,liver,Chol,cg14992273,Hypo
GSE157341,Liver Cancer,liver,Chol,cg15026574,Hypo
GSE157341,Liver Cancer,liver,Chol,cg15120497,Hypo
GSE157341,Liver Cancer,liver,Chol,cg15152201,Hypo
GSE157341,Liver Cancer,liver,Chol,cg15195292,Hypo
GSE157341,Liver Cancer,liver,Chol,cg15225532,Hypo
GSE157341,Liver Cancer,liver,Chol,cg15229454,Hypo
GSE157341,Liver Cancer,liver,Chol,cg15308737,Hypo
GSE157341,Liver Cancer,liver,Chol,cg15433043,Hypo
GSE157341,Liver Cancer,liver,Chol,cg15520279,Hypo
GSE157341,Liver Cancer,liver,Chol,cg15555527,Hypo
GSE157341,Liver Cancer,liver,Chol,cg15619820,Hypo
GSE157341,Liver Cancer,liver,Chol,cg15676405,Hypo
GSE157341,Liver Cancer,liver,Chol,cg15708405,Hypo
GSE157341,Liver Cancer,liver,Chol,cg15821544,Hypo
GSE157341,Liver Cancer,liver,Chol,cg15847996,Hypo
GSE157341,Liver Cancer,liver,Chol,cg15992935,Hypo
GSE157341,Liver Cancer,liver,Chol,cg16045355,Hypo
GSE157341,Liver Cancer,liver,Chol,cg16096631,Hypo
GSE157341,Liver Cancer,liver,Chol,cg16208395,Hypo
GSE157341,Liver Cancer,liver,Chol,cg16233074,Hypo
GSE157341,Liver Cancer,liver,Chol,cg16239278,Hypo
GSE157341,Liver Cancer,liver,Chol,cg16245868,Hypo
GSE157341,Liver Cancer,liver,Chol,cg16247183,Hypo
GSE157341,Liver Cancer,liver,Chol,cg16457413,Hypo
GSE157341,Liver Cancer,liver,Chol,cg16485385,Hypo
GSE157341,Liver Cancer,liver,Chol,cg16513459,Hypo
GSE157341,Liver Cancer,liver,Chol,cg16515546,Hypo
GSE157341,Liver Cancer,liver,Chol,cg16547027,Hypo
GSE157341,Liver Cancer,liver,Chol,cg16566899,Hypo
GSE157341,Liver Cancer,liver,Chol,cg16574155,Hypo
GSE157341,Liver Cancer,liver,Chol,cg16592149,Hypo
GSE157341,Liver Cancer,liver,Chol,cg16616467,Hypo
GSE157341,Liver Cancer,liver,Chol,cg16616769,Hypo
GSE157341,Liver Cancer,liver,Chol,cg16617758,Hypo
GSE157341,Liver Cancer,liver,Chol,cg16645344,Hypo
GSE157341,Liver Cancer,liver,Chol,cg16663900,Hypo
GSE157341,Liver Cancer,liver,Chol,cg16732787,Hypo
GSE157341,Liver Cancer,liver,Chol,cg16797514,Hypo
GSE157341,Liver Cancer,liver,Chol,cg16871519,Hypo
GSE157341,Liver Cancer,liver,Chol,cg17052926,Hypo
GSE157341,Liver Cancer,liver,Chol,cg17187167,Hypo
GSE157341,Liver Cancer,liver,Chol,cg17279079,Hypo
GSE157341,Liver Cancer,liver,Chol,cg17335494,Hypo
GSE157341,Liver Cancer,liver,Chol,cg17478827,Hypo
GSE157341,Liver Cancer,liver,Chol,cg17629264,Hypo
GSE157341,Liver Cancer,liver,Chol,cg17760049,Hypo
GSE157341,Liver Cancer,liver,Chol,cg18015301,Hypo
GSE157341,Liver Cancer,liver,Chol,cg18015809,Hypo
GSE157341,Liver Cancer,liver,Chol,cg18038269,Hypo
GSE157341,Liver Cancer,liver,Chol,cg18086520,Hypo
GSE157341,Liver Cancer,liver,Chol,cg18100153,Hypo
GSE157341,Liver Cancer,liver,Chol,cg18121224,Hypo
GSE157341,Liver Cancer,liver,Chol,cg18152871,Hypo
GSE157341,Liver Cancer,liver,Chol,cg18199266,Hypo
GSE157341,Liver Cancer,liver,Chol,cg18247055,Hypo
GSE157341,Liver Cancer,liver,Chol,cg18252855,Hypo
GSE157341,Liver Cancer,liver,Chol,cg18254356,Hypo
GSE157341,Liver Cancer,liver,Chol,cg18254364,Hypo
GSE157341,Liver Cancer,liver,Chol,cg18267790,Hypo
GSE157341,Liver Cancer,liver,Chol,cg18407752,Hypo
GSE157341,Liver Cancer,liver,Chol,cg18442524,Hypo
GSE157341,Liver Cancer,liver,Chol,cg18447772,Hypo
GSE157341,Liver Cancer,liver,Chol,cg18517266,Hypo
GSE157341,Liver Cancer,liver,Chol,cg18525316,Hypo
GSE157341,Liver Cancer,liver,Chol,cg18552861,Hypo
GSE157341,Liver Cancer,liver,Chol,cg18708598,Hypo
GSE157341,Liver Cancer,liver,Chol,cg18751958,Hypo
GSE157341,Liver Cancer,liver,Chol,cg18792528,Hypo
GSE157341,Liver Cancer,liver,Chol,cg18809706,Hypo
GSE157341,Liver Cancer,liver,Chol,cg19021188,Hypo
GSE157341,Liver Cancer,liver,Chol,cg19120782,Hypo
GSE157341,Liver Cancer,liver,Chol,cg19212465,Hypo
GSE157341,Liver Cancer,liver,Chol,cg19216563,Hypo
GSE157341,Liver Cancer,liver,Chol,cg19249516,Hypo
GSE157341,Liver Cancer,liver,Chol,cg19265913,Hypo
GSE157341,Liver Cancer,liver,Chol,cg19350133,Hypo
GSE157341,Liver Cancer,liver,Chol,cg19389370,Hypo
GSE157341,Liver Cancer,liver,Chol,cg19403610,Hypo
GSE157341,Liver Cancer,liver,Chol,cg19435835,Hypo
GSE157341,Liver Cancer,liver,Chol,cg19500479,Hypo
GSE157341,Liver Cancer,liver,Chol,cg19678564,Hypo
GSE157341,Liver Cancer,liver,Chol,cg19821713,Hypo
GSE157341,Liver Cancer,liver,Chol,cg19883472,Hypo
GSE157341,Liver Cancer,liver,Chol,cg19904058,Hypo
GSE157341,Liver Cancer,liver,Chol,cg20029745,Hypo
GSE157341,Liver Cancer,liver,Chol,cg20047561,Hypo
GSE157341,Liver Cancer,liver,Chol,cg20116828,Hypo
GSE157341,Liver Cancer,liver,Chol,cg20131194,Hypo
GSE157341,Liver Cancer,liver,Chol,cg20319698,Hypo
GSE157341,Liver Cancer,liver,Chol,cg20322977,Hypo
GSE157341,Liver Cancer,liver,Chol,cg20325850,Hypo
GSE157341,Liver Cancer,liver,Chol,cg20358362,Hypo
GSE157341,Liver Cancer,liver,Chol,cg20726282,Hypo
GSE157341,Liver Cancer,liver,Chol,cg20730432,Hypo
GSE157341,Liver Cancer,liver,Chol,cg20785796,Hypo
GSE157341,Liver Cancer,liver,Chol,cg20810125,Hypo
GSE157341,Liver Cancer,liver,Chol,cg20936920,Hypo
GSE157341,Liver Cancer,liver,Chol,cg20950033,Hypo
GSE157341,Liver Cancer,liver,Chol,cg20962746,Hypo
GSE157341,Liver Cancer,liver,Chol,cg21140898,Hypo
GSE157341,Liver Cancer,liver,Chol,cg21229079,Hypo
GSE157341,Liver Cancer,liver,Chol,cg21239001,Hypo
GSE157341,Liver Cancer,liver,Chol,cg21268422,Hypo
GSE157341,Liver Cancer,liver,Chol,cg21332304,Hypo
GSE157341,Liver Cancer,liver,Chol,cg21457147,Hypo
GSE157341,Liver Cancer,liver,Chol,cg21490485,Hypo
GSE157341,Liver Cancer,liver,Chol,cg21565972,Hypo
GSE157341,Liver Cancer,liver,Chol,cg21605238,Hypo
GSE157341,Liver Cancer,liver,Chol,cg21667943,Hypo
GSE157341,Liver Cancer,liver,Chol,cg21789280,Hypo
GSE157341,Liver Cancer,liver,Chol,cg21811204,Hypo
GSE157341,Liver Cancer,liver,Chol,cg21852842,Hypo
GSE157341,Liver Cancer,liver,Chol,cg21865387,Hypo
GSE157341,Liver Cancer,liver,Chol,cg21949512,Hypo
GSE157341,Liver Cancer,liver,Chol,cg22037648,Hypo
GSE157341,Liver Cancer,liver,Chol,cg22049858,Hypo
GSE157341,Liver Cancer,liver,Chol,cg22111705,Hypo
GSE157341,Liver Cancer,liver,Chol,cg22191741,Hypo
GSE157341,Liver Cancer,liver,Chol,cg22220467,Hypo
GSE157341,Liver Cancer,liver,Chol,cg22257786,Hypo
GSE157341,Liver Cancer,liver,Chol,cg22303418,Hypo
GSE157341,Liver Cancer,liver,Chol,cg22379436,Hypo
GSE157341,Liver Cancer,liver,Chol,cg22399111,Hypo
GSE157341,Liver Cancer,liver,Chol,cg22487322,Hypo
GSE157341,Liver Cancer,liver,Chol,cg22491379,Hypo
GSE157341,Liver Cancer,liver,Chol,cg22550549,Hypo
GSE157341,Liver Cancer,liver,Chol,cg22615730,Hypo
GSE157341,Liver Cancer,liver,Chol,cg22682811,Hypo
GSE157341,Liver Cancer,liver,Chol,cg22708961,Hypo
GSE157341,Liver Cancer,liver,Chol,cg22720392,Hypo
GSE157341,Liver Cancer,liver,Chol,cg22732253,Hypo
GSE157341,Liver Cancer,liver,Chol,cg22751264,Hypo
GSE157341,Liver Cancer,liver,Chol,cg22973172,Hypo
GSE157341,Liver Cancer,liver,Chol,cg22977072,Hypo
GSE157341,Liver Cancer,liver,Chol,cg23107419,Hypo
GSE157341,Liver Cancer,liver,Chol,cg23180489,Hypo
GSE157341,Liver Cancer,liver,Chol,cg23288725,Hypo
GSE157341,Liver Cancer,liver,Chol,cg23344136,Hypo
GSE157341,Liver Cancer,liver,Chol,cg23347911,Hypo
GSE157341,Liver Cancer,liver,Chol,cg23362554,Hypo
GSE157341,Liver Cancer,liver,Chol,cg23371436,Hypo
GSE157341,Liver Cancer,liver,Chol,cg23465685,Hypo
GSE157341,Liver Cancer,liver,Chol,cg23516002,Hypo
GSE157341,Liver Cancer,liver,Chol,cg23551605,Hypo
GSE157341,Liver Cancer,liver,Chol,cg23625715,Hypo
GSE157341,Liver Cancer,liver,Chol,cg23677584,Hypo
GSE157341,Liver Cancer,liver,Chol,cg23731992,Hypo
GSE157341,Liver Cancer,liver,Chol,cg23737737,Hypo
GSE157341,Liver Cancer,liver,Chol,cg23755884,Hypo
GSE157341,Liver Cancer,liver,Chol,cg23757721,Hypo
GSE157341,Liver Cancer,liver,Chol,cg23947545,Hypo
GSE157341,Liver Cancer,liver,Chol,cg23962746,Hypo
GSE157341,Liver Cancer,liver,Chol,cg23971987,Hypo
GSE157341,Liver Cancer,liver,Chol,cg23994043,Hypo
GSE157341,Liver Cancer,liver,Chol,cg23994511,Hypo
GSE157341,Liver Cancer,liver,Chol,cg24024660,Hypo
GSE157341,Liver Cancer,liver,Chol,cg24035898,Hypo
GSE157341,Liver Cancer,liver,Chol,cg24186398,Hypo
GSE157341,Liver Cancer,liver,Chol,cg24276681,Hypo
GSE157341,Liver Cancer,liver,Chol,cg24298409,Hypo
GSE157341,Liver Cancer,liver,Chol,cg24367840,Hypo
GSE157341,Liver Cancer,liver,Chol,cg24405068,Hypo
GSE157341,Liver Cancer,liver,Chol,cg24485284,Hypo
GSE157341,Liver Cancer,liver,Chol,cg24517066,Hypo
GSE157341,Liver Cancer,liver,Chol,cg24555591,Hypo
GSE157341,Liver Cancer,liver,Chol,cg24691330,Hypo
GSE157341,Liver Cancer,liver,Chol,cg24700485,Hypo
GSE157341,Liver Cancer,liver,Chol,cg24707023,Hypo
GSE157341,Liver Cancer,liver,Chol,cg24708988,Hypo
GSE157341,Liver Cancer,liver,Chol,cg24815973,Hypo
GSE157341,Liver Cancer,liver,Chol,cg24864275,Hypo
GSE157341,Liver Cancer,liver,Chol,cg25045785,Hypo
GSE157341,Liver Cancer,liver,Chol,cg25193073,Hypo
GSE157341,Liver Cancer,liver,Chol,cg25204176,Hypo
GSE157341,Liver Cancer,liver,Chol,cg25216538,Hypo
GSE157341,Liver Cancer,liver,Chol,cg25358410,Hypo
GSE157341,Liver Cancer,liver,Chol,cg25403283,Hypo
GSE157341,Liver Cancer,liver,Chol,cg25428846,Hypo
GSE157341,Liver Cancer,liver,Chol,cg25461801,Hypo
GSE157341,Liver Cancer,liver,Chol,cg25463742,Hypo
GSE157341,Liver Cancer,liver,Chol,cg25478037,Hypo
GSE157341,Liver Cancer,liver,Chol,cg25509732,Hypo
GSE157341,Liver Cancer,liver,Chol,cg25710107,Hypo
GSE157341,Liver Cancer,liver,Chol,cg25754852,Hypo
GSE157341,Liver Cancer,liver,Chol,cg25887619,Hypo
GSE157341,Liver Cancer,liver,Chol,cg25905215,Hypo
GSE157341,Liver Cancer,liver,Chol,cg26090406,Hypo
GSE157341,Liver Cancer,liver,Chol,cg26472690,Hypo
GSE157341,Liver Cancer,liver,Chol,cg26541649,Hypo
GSE157341,Liver Cancer,liver,Chol,cg26663651,Hypo
GSE157341,Liver Cancer,liver,Chol,cg26689934,Hypo
GSE157341,Liver Cancer,liver,Chol,cg26697477,Hypo
GSE157341,Liver Cancer,liver,Chol,cg26698460,Hypo
GSE157341,Liver Cancer,liver,Chol,cg26765385,Hypo
GSE157341,Liver Cancer,liver,Chol,cg26830108,Hypo
GSE157341,Liver Cancer,liver,Chol,cg26884320,Hypo
GSE157341,Liver Cancer,liver,Chol,cg26923490,Hypo
GSE157341,Liver Cancer,liver,Chol,cg26952618,Hypo
GSE157341,Liver Cancer,liver,Chol,cg26956535,Hypo
GSE157341,Liver Cancer,liver,Chol,cg26979299,Hypo
GSE157341,Liver Cancer,liver,Chol,cg27017251,Hypo
GSE157341,Liver Cancer,liver,Chol,cg27067425,Hypo
GSE157341,Liver Cancer,liver,Chol,cg27095915,Hypo
GSE157341,Liver Cancer,liver,Chol,cg27174778,Hypo
GSE157341,Liver Cancer,liver,Chol,cg27221338,Hypo
GSE157341,Liver Cancer,liver,Chol,cg27258272,Hypo
GSE157341,Liver Cancer,liver,Chol,cg27272402,Hypo
GSE157341,Liver Cancer,liver,Chol,cg27311970,Hypo
GSE157341,Liver Cancer,liver,Chol,cg27393726,Hypo
GSE157341,Liver Cancer,liver,Chol,cg27410595,Hypo
GSE157341,Liver Cancer,liver,Chol,cg27478313,Hypo
GSE157341,Liver Cancer,liver,Chol,cg27549186,Hypo
GSE157341,Liver Cancer,liver,Chol,cg27574071,Hypo
GSE157341,Liver Cancer,liver,Chol,cg27599376,Hypo
GSE157341,Liver Cancer,liver,Chol,cg27607438,Hypo
GSE157341,Liver Cancer,liver,Chol,cg27618305,Hypo
GSE157341,Liver Cancer,liver,EC,cg00043005,Hyper
GSE157341,Liver Cancer,liver,EC,cg00097800,Hyper
GSE157341,Liver Cancer,liver,EC,cg00679184,Hyper
GSE157341,Liver Cancer,liver,EC,cg01181105,Hyper
GSE157341,Liver Cancer,liver,EC,cg01355875,Hyper
GSE157341,Liver Cancer,liver,EC,cg02018089,Hyper
GSE157341,Liver Cancer,liver,EC,cg03307425,Hyper
GSE157341,Liver Cancer,liver,EC,cg03772909,Hyper
GSE157341,Liver Cancer,liver,EC,cg04984818,Hyper
GSE157341,Liver Cancer,liver,EC,cg05477444,Hyper
GSE157341,Liver Cancer,liver,EC,cg05745622,Hyper
GSE157341,Liver Cancer,liver,EC,cg07507257,Hyper
GSE157341,Liver Cancer,liver,EC,cg07554771,Hyper
GSE157341,Liver Cancer,liver,EC,cg07688052,Hyper
GSE157341,Liver Cancer,liver,EC,cg07751222,Hyper
GSE157341,Liver Cancer,liver,EC,cg08015702,Hyper
GSE157341,Liver Cancer,liver,EC,cg08873940,Hyper
GSE157341,Liver Cancer,liver,EC,cg09702779,Hyper
GSE157341,Liver Cancer,liver,EC,cg10507988,Hyper
GSE157341,Liver Cancer,liver,EC,cg11992783,Hyper
GSE157341,Liver Cancer,liver,EC,cg13894813,Hyper
GSE157341,Liver Cancer,liver,EC,cg14344989,Hyper
GSE157341,Liver Cancer,liver,EC,cg16370660,Hyper
GSE157341,Liver Cancer,liver,EC,cg18416096,Hyper
GSE157341,Liver Cancer,liver,EC,cg18776793,Hyper
GSE157341,Liver Cancer,liver,EC,cg20287790,Hyper
GSE157341,Liver Cancer,liver,EC,cg24721350,Hyper
GSE157341,Liver Cancer,liver,EC,cg24836607,Hyper
GSE157341,Liver Cancer,liver,EC,cg26915558,Hyper
GSE157341,Liver Cancer,liver,EC,cg27235337,Hyper
GSE157341,Liver Cancer,liver,EC,cg27460056,Hyper
GSE157341,Liver Cancer,liver,EC,cg27573549,Hyper
GSE157341,Liver Cancer,liver,EC,cg00762029,Hypo
GSE157341,Liver Cancer,liver,EC,cg01538769,Hypo
GSE157341,Liver Cancer,liver,EC,cg03266380,Hypo
GSE157341,Liver Cancer,liver,EC,cg03347934,Hypo
GSE157341,Liver Cancer,liver,EC,cg03584891,Hypo
GSE157341,Liver Cancer,liver,EC,cg04345366,Hypo
GSE157341,Liver Cancer,liver,EC,cg04961553,Hypo
GSE157341,Liver Cancer,liver,EC,cg05647756,Hypo
GSE157341,Liver Cancer,liver,EC,cg06615610,Hypo
GSE157341,Liver Cancer,liver,EC,cg07751222,Hypo
GSE157341,Liver Cancer,liver,EC,cg09702779,Hypo
GSE157341,Liver Cancer,liver,EC,cg09804178,Hypo
GSE157341,Liver Cancer,liver,EC,cg09896867,Hypo
GSE157341,Liver Cancer,liver,EC,cg12581970,Hypo
GSE157341,Liver Cancer,liver,EC,cg15369531,Hypo
GSE157341,Liver Cancer,liver,EC,cg15702838,Hypo
GSE157341,Liver Cancer,liver,EC,cg16362587,Hypo
GSE157341,Liver Cancer,liver,EC,cg16791218,Hypo
GSE157341,Liver Cancer,liver,EC,cg17846122,Hypo
GSE157341,Liver Cancer,liver,EC,cg18062128,Hypo
GSE157341,Liver Cancer,liver,EC,cg21655280,Hypo
GSE157341,Liver Cancer,liver,EC,cg23255020,Hypo
GSE157341,Liver Cancer,liver,EC,cg24462247,Hypo
GSE157341,Liver Cancer,liver,EC,cg25372722,Hypo
GSE157341,Liver Cancer,liver,EC,cg25852273,Hypo
GSE157341,Liver Cancer,liver,Hep,cg00021783,Hyper
GSE157341,Liver Cancer,liver,Hep,cg00029640,Hyper
GSE157341,Liver Cancer,liver,Hep,cg00079169,Hyper
GSE157341,Liver Cancer,liver,Hep,cg00082235,Hyper
GSE157341,Liver Cancer,liver,Hep,cg00114012,Hyper
GSE157341,Liver Cancer,liver,Hep,cg00164949,Hyper
GSE157341,Liver Cancer,liver,Hep,cg00208218,Hyper
GSE157341,Liver Cancer,liver,Hep,cg00232827,Hyper
GSE157341,Liver Cancer,liver,Hep,cg00259518,Hyper
GSE157341,Liver Cancer,liver,Hep,cg00264419,Hyper
GSE157341,Liver Cancer,liver,Hep,cg00319761,Hyper
GSE157341,Liver Cancer,liver,Hep,cg00369852,Hyper
GSE157341,Liver Cancer,liver,Hep,cg00376735,Hyper
GSE157341,Liver Cancer,liver,Hep,cg00397144,Hyper
GSE157341,Liver Cancer,liver,Hep,cg00399059,Hyper
GSE157341,Liver Cancer,liver,Hep,cg00465739,Hyper
GSE157341,Liver Cancer,liver,Hep,cg00566187,Hyper
GSE157341,Liver Cancer,liver,Hep,cg00639041,Hyper
GSE157341,Liver Cancer,liver,Hep,cg00679184,Hyper
GSE157341,Liver Cancer,liver,Hep,cg00679960,Hyper
GSE157341,Liver Cancer,liver,Hep,cg00692774,Hyper
GSE157341,Liver Cancer,liver,Hep,cg00700239,Hyper
GSE157341,Liver Cancer,liver,Hep,cg00704780,Hyper
GSE157341,Liver Cancer,liver,Hep,cg00847221,Hyper
GSE157341,Liver Cancer,liver,Hep,cg00870778,Hyper
GSE157341,Liver Cancer,liver,Hep,cg00922310,Hyper
GSE157341,Liver Cancer,liver,Hep,cg00981443,Hyper
GSE157341,Liver Cancer,liver,Hep,cg00997280,Hyper
GSE157341,Liver Cancer,liver,Hep,cg01009920,Hyper
GSE157341,Liver Cancer,liver,Hep,cg01150641,Hyper
GSE157341,Liver Cancer,liver,Hep,cg01158079,Hyper
GSE157341,Liver Cancer,liver,Hep,cg01205935,Hyper
GSE157341,Liver Cancer,liver,Hep,cg01262413,Hyper
GSE157341,Liver Cancer,liver,Hep,cg01275887,Hyper
GSE157341,Liver Cancer,liver,Hep,cg01310019,Hyper
GSE157341,Liver Cancer,liver,Hep,cg01321088,Hyper
GSE157341,Liver Cancer,liver,Hep,cg01457169,Hyper
GSE157341,Liver Cancer,liver,Hep,cg01525538,Hyper
GSE157341,Liver Cancer,liver,Hep,cg01579289,Hyper
GSE157341,Liver Cancer,liver,Hep,cg01708648,Hyper
GSE157341,Liver Cancer,liver,Hep,cg01723606,Hyper
GSE157341,Liver Cancer,liver,Hep,cg01782059,Hyper
GSE157341,Liver Cancer,liver,Hep,cg01791000,Hyper
GSE157341,Liver Cancer,liver,Hep,cg01817019,Hyper
GSE157341,Liver Cancer,liver,Hep,cg01829342,Hyper
GSE157341,Liver Cancer,liver,Hep,cg01979888,Hyper
GSE157341,Liver Cancer,liver,Hep,cg02025034,Hyper
GSE157341,Liver Cancer,liver,Hep,cg02118886,Hyper
GSE157341,Liver Cancer,liver,Hep,cg02185402,Hyper
GSE157341,Liver Cancer,liver,Hep,cg02296992,Hyper
GSE157341,Liver Cancer,liver,Hep,cg02329386,Hyper
GSE157341,Liver Cancer,liver,Hep,cg02350039,Hyper
GSE157341,Liver Cancer,liver,Hep,cg02380914,Hyper
GSE157341,Liver Cancer,liver,Hep,cg02458113,Hyper
GSE157341,Liver Cancer,liver,Hep,cg02478828,Hyper
GSE157341,Liver Cancer,liver,Hep,cg02482730,Hyper
GSE157341,Liver Cancer,liver,Hep,cg02614683,Hyper
GSE157341,Liver Cancer,liver,Hep,cg02660643,Hyper
GSE157341,Liver Cancer,liver,Hep,cg02702692,Hyper
GSE157341,Liver Cancer,liver,Hep,cg02706273,Hyper
GSE157341,Liver Cancer,liver,Hep,cg02715115,Hyper
GSE157341,Liver Cancer,liver,Hep,cg02790486,Hyper
GSE157341,Liver Cancer,liver,Hep,cg02821464,Hyper
GSE157341,Liver Cancer,liver,Hep,cg02839351,Hyper
GSE157341,Liver Cancer,liver,Hep,cg02863087,Hyper
GSE157341,Liver Cancer,liver,Hep,cg02865033,Hyper
GSE157341,Liver Cancer,liver,Hep,cg02872476,Hyper
GSE157341,Liver Cancer,liver,Hep,cg02883503,Hyper
GSE157341,Liver Cancer,liver,Hep,cg02953007,Hyper
GSE157341,Liver Cancer,liver,Hep,cg02971328,Hyper
GSE157341,Liver Cancer,liver,Hep,cg03048083,Hyper
GSE157341,Liver Cancer,liver,Hep,cg03099728,Hyper
GSE157341,Liver Cancer,liver,Hep,cg03175653,Hyper
GSE157341,Liver Cancer,liver,Hep,cg03184424,Hyper
GSE157341,Liver Cancer,liver,Hep,cg03186993,Hyper
GSE157341,Liver Cancer,liver,Hep,cg03304815,Hyper
GSE157341,Liver Cancer,liver,Hep,cg03313945,Hyper
GSE157341,Liver Cancer,liver,Hep,cg03325598,Hyper
GSE157341,Liver Cancer,liver,Hep,cg03358980,Hyper
GSE157341,Liver Cancer,liver,Hep,cg03370752,Hyper
GSE157341,Liver Cancer,liver,Hep,cg03375453,Hyper
GSE157341,Liver Cancer,liver,Hep,cg03497652,Hyper
GSE157341,Liver Cancer,liver,Hep,cg03502812,Hyper
GSE157341,Liver Cancer,liver,Hep,cg03606898,Hyper
GSE157341,Liver Cancer,liver,Hep,cg03654391,Hyper
GSE157341,Liver Cancer,liver,Hep,cg03695448,Hyper
GSE157341,Liver Cancer,liver,Hep,cg03743720,Hyper
GSE157341,Liver Cancer,liver,Hep,cg03752060,Hyper
GSE157341,Liver Cancer,liver,Hep,cg03768777,Hyper
GSE157341,Liver Cancer,liver,Hep,cg03833068,Hyper
GSE157341,Liver Cancer,liver,Hep,cg03948236,Hyper
GSE157341,Liver Cancer,liver,Hep,cg03983270,Hyper
GSE157341,Liver Cancer,liver,Hep,cg03986691,Hyper
GSE157341,Liver Cancer,liver,Hep,cg04053485,Hyper
GSE157341,Liver Cancer,liver,Hep,cg04085768,Hyper
GSE157341,Liver Cancer,liver,Hep,cg04089703,Hyper
GSE157341,Liver Cancer,liver,Hep,cg04092393,Hyper
GSE157341,Liver Cancer,liver,Hep,cg04118849,Hyper
GSE157341,Liver Cancer,liver,Hep,cg04207632,Hyper
GSE157341,Liver Cancer,liver,Hep,cg04280548,Hyper
GSE157341,Liver Cancer,liver,Hep,cg04343292,Hyper
GSE157341,Liver Cancer,liver,Hep,cg04345366,Hyper
GSE157341,Liver Cancer,liver,Hep,cg04416111,Hyper
GSE157341,Liver Cancer,liver,Hep,cg04470085,Hyper
GSE157341,Liver Cancer,liver,Hep,cg04499701,Hyper
GSE157341,Liver Cancer,liver,Hep,cg04546061,Hyper
GSE157341,Liver Cancer,liver,Hep,cg04566694,Hyper
GSE157341,Liver Cancer,liver,Hep,cg04614823,Hyper
GSE157341,Liver Cancer,liver,Hep,cg04652441,Hyper
GSE157341,Liver Cancer,liver,Hep,cg04720283,Hyper
GSE157341,Liver Cancer,liver,Hep,cg04801430,Hyper
GSE157341,Liver Cancer,liver,Hep,cg04803944,Hyper
GSE157341,Liver Cancer,liver,Hep,cg04819180,Hyper
GSE157341,Liver Cancer,liver,Hep,cg04940214,Hyper
GSE157341,Liver Cancer,liver,Hep,cg04962978,Hyper
GSE157341,Liver Cancer,liver,Hep,cg05046936,Hyper
GSE157341,Liver Cancer,liver,Hep,cg05067156,Hyper
GSE157341,Liver Cancer,liver,Hep,cg05070742,Hyper
GSE157341,Liver Cancer,liver,Hep,cg05088605,Hyper
GSE157341,Liver Cancer,liver,Hep,cg05157961,Hyper
GSE157341,Liver Cancer,liver,Hep,cg05201673,Hyper
GSE157341,Liver Cancer,liver,Hep,cg05207620,Hyper
GSE157341,Liver Cancer,liver,Hep,cg05215748,Hyper
GSE157341,Liver Cancer,liver,Hep,cg05219493,Hyper
GSE157341,Liver Cancer,liver,Hep,cg05279229,Hyper
GSE157341,Liver Cancer,liver,Hep,cg05286196,Hyper
GSE157341,Liver Cancer,liver,Hep,cg05333149,Hyper
GSE157341,Liver Cancer,liver,Hep,cg05346193,Hyper
GSE157341,Liver Cancer,liver,Hep,cg05351785,Hyper
GSE157341,Liver Cancer,liver,Hep,cg05361096,Hyper
GSE157341,Liver Cancer,liver,Hep,cg05369142,Hyper
GSE157341,Liver Cancer,liver,Hep,cg05388880,Hyper
GSE157341,Liver Cancer,liver,Hep,cg05394800,Hyper
GSE157341,Liver Cancer,liver,Hep,cg05396178,Hyper
GSE157341,Liver Cancer,liver,Hep,cg05453924,Hyper
GSE157341,Liver Cancer,liver,Hep,cg05476287,Hyper
GSE157341,Liver Cancer,liver,Hep,cg05477444,Hyper
GSE157341,Liver Cancer,liver,Hep,cg05614952,Hyper
GSE157341,Liver Cancer,liver,Hep,cg05666820,Hyper
GSE157341,Liver Cancer,liver,Hep,cg05709782,Hyper
GSE157341,Liver Cancer,liver,Hep,cg05791356,Hyper
GSE157341,Liver Cancer,liver,Hep,cg05798501,Hyper
GSE157341,Liver Cancer,liver,Hep,cg05800014,Hyper
GSE157341,Liver Cancer,liver,Hep,cg05899224,Hyper
GSE157341,Liver Cancer,liver,Hep,cg05903720,Hyper
GSE157341,Liver Cancer,liver,Hep,cg05954918,Hyper
GSE157341,Liver Cancer,liver,Hep,cg05977156,Hyper
GSE157341,Liver Cancer,liver,Hep,cg05985447,Hyper
GSE157341,Liver Cancer,liver,Hep,cg05987309,Hyper
GSE157341,Liver Cancer,liver,Hep,cg05991442,Hyper
GSE157341,Liver Cancer,liver,Hep,cg05998930,Hyper
GSE157341,Liver Cancer,liver,Hep,cg06051411,Hyper
GSE157341,Liver Cancer,liver,Hep,cg06053376,Hyper
GSE157341,Liver Cancer,liver,Hep,cg06147743,Hyper
GSE157341,Liver Cancer,liver,Hep,cg06189670,Hyper
GSE157341,Liver Cancer,liver,Hep,cg06267617,Hyper
GSE157341,Liver Cancer,liver,Hep,cg06270206,Hyper
GSE157341,Liver Cancer,liver,Hep,cg06297023,Hyper
GSE157341,Liver Cancer,liver,Hep,cg06328338,Hyper
GSE157341,Liver Cancer,liver,Hep,cg06355272,Hyper
GSE157341,Liver Cancer,liver,Hep,cg06378494,Hyper
GSE157341,Liver Cancer,liver,Hep,cg06408043,Hyper
GSE157341,Liver Cancer,liver,Hep,cg06419959,Hyper
GSE157341,Liver Cancer,liver,Hep,cg06493973,Hyper
GSE157341,Liver Cancer,liver,Hep,cg06494464,Hyper
GSE157341,Liver Cancer,liver,Hep,cg06579248,Hyper
GSE157341,Liver Cancer,liver,Hep,cg06638795,Hyper
GSE157341,Liver Cancer,liver,Hep,cg06658821,Hyper
GSE157341,Liver Cancer,liver,Hep,cg06732667,Hyper
GSE157341,Liver Cancer,liver,Hep,cg06872705,Hyper
GSE157341,Liver Cancer,liver,Hep,cg06932535,Hyper
GSE157341,Liver Cancer,liver,Hep,cg06933824,Hyper
GSE157341,Liver Cancer,liver,Hep,cg06966245,Hyper
GSE157341,Liver Cancer,liver,Hep,cg06981033,Hyper
GSE157341,Liver Cancer,liver,Hep,cg07004820,Hyper
GSE157341,Liver Cancer,liver,Hep,cg07044414,Hyper
GSE157341,Liver Cancer,liver,Hep,cg07065008,Hyper
GSE157341,Liver Cancer,liver,Hep,cg07140595,Hyper
GSE157341,Liver Cancer,liver,Hep,cg07196426,Hyper
GSE157341,Liver Cancer,liver,Hep,cg07225966,Hyper
GSE157341,Liver Cancer,liver,Hep,cg07267550,Hyper
GSE157341,Liver Cancer,liver,Hep,cg07293584,Hyper
GSE157341,Liver Cancer,liver,Hep,cg07294624,Hyper
GSE157341,Liver Cancer,liver,Hep,cg07306604,Hyper
GSE157341,Liver Cancer,liver,Hep,cg07554771,Hyper
GSE157341,Liver Cancer,liver,Hep,cg07556730,Hyper
GSE157341,Liver Cancer,liver,Hep,cg07566790,Hyper
GSE157341,Liver Cancer,liver,Hep,cg07591090,Hyper
GSE157341,Liver Cancer,liver,Hep,cg07628073,Hyper
GSE157341,Liver Cancer,liver,Hep,cg07636037,Hyper
GSE157341,Liver Cancer,liver,Hep,cg07723431,Hyper
GSE157341,Liver Cancer,liver,Hep,cg07812289,Hyper
GSE157341,Liver Cancer,liver,Hep,cg07838002,Hyper
GSE157341,Liver Cancer,liver,Hep,cg07891457,Hyper
GSE157341,Liver Cancer,liver,Hep,cg07913044,Hyper
GSE157341,Liver Cancer,liver,Hep,cg07999732,Hyper
GSE157341,Liver Cancer,liver,Hep,cg08017323,Hyper
GSE157341,Liver Cancer,liver,Hep,cg08037817,Hyper
GSE157341,Liver Cancer,liver,Hep,cg08051105,Hyper
GSE157341,Liver Cancer,liver,Hep,cg08115732,Hyper
GSE157341,Liver Cancer,liver,Hep,cg08243094,Hyper
GSE157341,Liver Cancer,liver,Hep,cg08304084,Hyper
GSE157341,Liver Cancer,liver,Hep,cg08351085,Hyper
GSE157341,Liver Cancer,liver,Hep,cg08462501,Hyper
GSE157341,Liver Cancer,liver,Hep,cg08464208,Hyper
GSE157341,Liver Cancer,liver,Hep,cg08550881,Hyper
GSE157341,Liver Cancer,liver,Hep,cg08555866,Hyper
GSE157341,Liver Cancer,liver,Hep,cg08573038,Hyper
GSE157341,Liver Cancer,liver,Hep,cg08622675,Hyper
GSE157341,Liver Cancer,liver,Hep,cg08629856,Hyper
GSE157341,Liver Cancer,liver,Hep,cg08691159,Hyper
GSE157341,Liver Cancer,liver,Hep,cg08766762,Hyper
GSE157341,Liver Cancer,liver,Hep,cg08866991,Hyper
GSE157341,Liver Cancer,liver,Hep,cg08873940,Hyper
GSE157341,Liver Cancer,liver,Hep,cg08875705,Hyper
GSE157341,Liver Cancer,liver,Hep,cg08903089,Hyper
GSE157341,Liver Cancer,liver,Hep,cg09012544,Hyper
GSE157341,Liver Cancer,liver,Hep,cg09013267,Hyper
GSE157341,Liver Cancer,liver,Hep,cg09017718,Hyper
GSE157341,Liver Cancer,liver,Hep,cg09035101,Hyper
GSE157341,Liver Cancer,liver,Hep,cg09071459,Hyper
GSE157341,Liver Cancer,liver,Hep,cg09099868,Hyper
GSE157341,Liver Cancer,liver,Hep,cg09126720,Hyper
GSE157341,Liver Cancer,liver,Hep,cg09140531,Hyper
GSE157341,Liver Cancer,liver,Hep,cg09243037,Hyper
GSE157341,Liver Cancer,liver,Hep,cg09269891,Hyper
GSE157341,Liver Cancer,liver,Hep,cg09287629,Hyper
GSE157341,Liver Cancer,liver,Hep,cg09304968,Hyper
GSE157341,Liver Cancer,liver,Hep,cg09325360,Hyper
GSE157341,Liver Cancer,liver,Hep,cg09409930,Hyper
GSE157341,Liver Cancer,liver,Hep,cg09440270,Hyper
GSE157341,Liver Cancer,liver,Hep,cg09476092,Hyper
GSE157341,Liver Cancer,liver,Hep,cg09533178,Hyper
GSE157341,Liver Cancer,liver,Hep,cg09570614,Hyper
GSE157341,Liver Cancer,liver,Hep,cg09575189,Hyper
GSE157341,Liver Cancer,liver,Hep,cg09642740,Hyper
GSE157341,Liver Cancer,liver,Hep,cg09645818,Hyper
GSE157341,Liver Cancer,liver,Hep,cg09706277,Hyper
GSE157341,Liver Cancer,liver,Hep,cg09743500,Hyper
GSE157341,Liver Cancer,liver,Hep,cg09804178,Hyper
GSE157341,Liver Cancer,liver,Hep,cg09869811,Hyper
GSE157341,Liver Cancer,liver,Hep,cg09884635,Hyper
GSE157341,Liver Cancer,liver,Hep,cg09917506,Hyper
GSE157341,Liver Cancer,liver,Hep,cg09964625,Hyper
GSE157341,Liver Cancer,liver,Hep,cg09976989,Hyper
GSE157341,Liver Cancer,liver,Hep,cg09977718,Hyper
GSE157341,Liver Cancer,liver,Hep,cg10030658,Hyper
GSE157341,Liver Cancer,liver,Hep,cg10152624,Hyper
GSE157341,Liver Cancer,liver,Hep,cg10172584,Hyper
GSE157341,Liver Cancer,liver,Hep,cg10246081,Hyper
GSE157341,Liver Cancer,liver,Hep,cg10328047,Hyper
GSE157341,Liver Cancer,liver,Hep,cg10334767,Hyper
GSE157341,Liver Cancer,liver,Hep,cg10402804,Hyper
GSE157341,Liver Cancer,liver,Hep,cg10433625,Hyper
GSE157341,Liver Cancer,liver,Hep,cg10438282,Hyper
GSE157341,Liver Cancer,liver,Hep,cg10440196,Hyper
GSE157341,Liver Cancer,liver,Hep,cg10505257,Hyper
GSE157341,Liver Cancer,liver,Hep,cg10558740,Hyper
GSE157341,Liver Cancer,liver,Hep,cg10613440,Hyper
GSE157341,Liver Cancer,liver,Hep,cg10614856,Hyper
GSE157341,Liver Cancer,liver,Hep,cg10755723,Hyper
GSE157341,Liver Cancer,liver,Hep,cg10774647,Hyper
GSE157341,Liver Cancer,liver,Hep,cg10798682,Hyper
GSE157341,Liver Cancer,liver,Hep,cg10925829,Hyper
GSE157341,Liver Cancer,liver,Hep,cg10975863,Hyper
GSE157341,Liver Cancer,liver,Hep,cg11009596,Hyper
GSE157341,Liver Cancer,liver,Hep,cg11049863,Hyper
GSE157341,Liver Cancer,liver,Hep,cg11152033,Hyper
GSE157341,Liver Cancer,liver,Hep,cg11265725,Hyper
GSE157341,Liver Cancer,liver,Hep,cg11344073,Hyper
GSE157341,Liver Cancer,liver,Hep,cg11378101,Hyper
GSE157341,Liver Cancer,liver,Hep,cg11399195,Hyper
GSE157341,Liver Cancer,liver,Hep,cg11479877,Hyper
GSE157341,Liver Cancer,liver,Hep,cg11570575,Hyper
GSE157341,Liver Cancer,liver,Hep,cg11726572,Hyper
GSE157341,Liver Cancer,liver,Hep,cg11767757,Hyper
GSE157341,Liver Cancer,liver,Hep,cg11835512,Hyper
GSE157341,Liver Cancer,liver,Hep,cg11846580,Hyper
GSE157341,Liver Cancer,liver,Hep,cg11846816,Hyper
GSE157341,Liver Cancer,liver,Hep,cg11911286,Hyper
GSE157341,Liver Cancer,liver,Hep,cg11949060,Hyper
GSE157341,Liver Cancer,liver,Hep,cg11996592,Hyper
GSE157341,Liver Cancer,liver,Hep,cg12024050,Hyper
GSE157341,Liver Cancer,liver,Hep,cg12095397,Hyper
GSE157341,Liver Cancer,liver,Hep,cg12140000,Hyper
GSE157341,Liver Cancer,liver,Hep,cg12193277,Hyper
GSE157341,Liver Cancer,liver,Hep,cg12338137,Hyper
GSE157341,Liver Cancer,liver,Hep,cg12353788,Hyper
GSE157341,Liver Cancer,liver,Hep,cg12362629,Hyper
GSE157341,Liver Cancer,liver,Hep,cg12403329,Hyper
GSE157341,Liver Cancer,liver,Hep,cg12481266,Hyper
GSE157341,Liver Cancer,liver,Hep,cg12549411,Hyper
GSE157341,Liver Cancer,liver,Hep,cg12549573,Hyper
GSE157341,Liver Cancer,liver,Hep,cg12564962,Hyper
GSE157341,Liver Cancer,liver,Hep,cg12573502,Hyper
GSE157341,Liver Cancer,liver,Hep,cg12581970,Hyper
GSE157341,Liver Cancer,liver,Hep,cg12610078,Hyper
GSE157341,Liver Cancer,liver,Hep,cg12633739,Hyper
GSE157341,Liver Cancer,liver,Hep,cg12651286,Hyper
GSE157341,Liver Cancer,liver,Hep,cg12658495,Hyper
GSE157341,Liver Cancer,liver,Hep,cg12659287,Hyper
GSE157341,Liver Cancer,liver,Hep,cg12692386,Hyper
GSE157341,Liver Cancer,liver,Hep,cg12759420,Hyper
GSE157341,Liver Cancer,liver,Hep,cg12789935,Hyper
GSE157341,Liver Cancer,liver,Hep,cg12833018,Hyper
GSE157341,Liver Cancer,liver,Hep,cg12880300,Hyper
GSE157341,Liver Cancer,liver,Hep,cg12887128,Hyper
GSE157341,Liver Cancer,liver,Hep,cg12911095,Hyper
GSE157341,Liver Cancer,liver,Hep,cg12914100,Hyper
GSE157341,Liver Cancer,liver,Hep,cg12961733,Hyper
GSE157341,Liver Cancer,liver,Hep,cg12998785,Hyper
GSE157341,Liver Cancer,liver,Hep,cg13222081,Hyper
GSE157341,Liver Cancer,liver,Hep,cg13231302,Hyper
GSE157341,Liver Cancer,liver,Hep,cg13307451,Hyper
GSE157341,Liver Cancer,liver,Hep,cg13327545,Hyper
GSE157341,Liver Cancer,liver,Hep,cg13549497,Hyper
GSE157341,Liver Cancer,liver,Hep,cg13564055,Hyper
GSE157341,Liver Cancer,liver,Hep,cg13600716,Hyper
GSE157341,Liver Cancer,liver,Hep,cg13679216,Hyper
GSE157341,Liver Cancer,liver,Hep,cg13738327,Hyper
GSE157341,Liver Cancer,liver,Hep,cg13762244,Hyper
GSE157341,Liver Cancer,liver,Hep,cg13770573,Hyper
GSE157341,Liver Cancer,liver,Hep,cg13781149,Hyper
GSE157341,Liver Cancer,liver,Hep,cg13803234,Hyper
GSE157341,Liver Cancer,liver,Hep,cg13850871,Hyper
GSE157341,Liver Cancer,liver,Hep,cg13920336,Hyper
GSE157341,Liver Cancer,liver,Hep,cg13920838,Hyper
GSE157341,Liver Cancer,liver,Hep,cg13963807,Hyper
GSE157341,Liver Cancer,liver,Hep,cg13978777,Hyper
GSE157341,Liver Cancer,liver,Hep,cg13982366,Hyper
GSE157341,Liver Cancer,liver,Hep,cg13986355,Hyper
GSE157341,Liver Cancer,liver,Hep,cg13987862,Hyper
GSE157341,Liver Cancer,liver,Hep,cg14014225,Hyper
GSE157341,Liver Cancer,liver,Hep,cg14022794,Hyper
GSE157341,Liver Cancer,liver,Hep,cg14052221,Hyper
GSE157341,Liver Cancer,liver,Hep,cg14129589,Hyper
GSE157341,Liver Cancer,liver,Hep,cg14131555,Hyper
GSE157341,Liver Cancer,liver,Hep,cg14207921,Hyper
GSE157341,Liver Cancer,liver,Hep,cg14232358,Hyper
GSE157341,Liver Cancer,liver,Hep,cg14239592,Hyper
GSE157341,Liver Cancer,liver,Hep,cg14290616,Hyper
GSE157341,Liver Cancer,liver,Hep,cg14334350,Hyper
GSE157341,Liver Cancer,liver,Hep,cg14344989,Hyper
GSE157341,Liver Cancer,liver,Hep,cg14349144,Hyper
GSE157341,Liver Cancer,liver,Hep,cg14354168,Hyper
GSE157341,Liver Cancer,liver,Hep,cg14360448,Hyper
GSE157341,Liver Cancer,liver,Hep,cg14550289,Hyper
GSE157341,Liver Cancer,liver,Hep,cg14685095,Hyper
GSE157341,Liver Cancer,liver,Hep,cg14694342,Hyper
GSE157341,Liver Cancer,liver,Hep,cg14988680,Hyper
GSE157341,Liver Cancer,liver,Hep,cg15110800,Hyper
GSE157341,Liver Cancer,liver,Hep,cg15120497,Hyper
GSE157341,Liver Cancer,liver,Hep,cg15152201,Hyper
GSE157341,Liver Cancer,liver,Hep,cg15225532,Hyper
GSE157341,Liver Cancer,liver,Hep,cg15229454,Hyper
GSE157341,Liver Cancer,liver,Hep,cg15291740,Hyper
GSE157341,Liver Cancer,liver,Hep,cg15433043,Hyper
GSE157341,Liver Cancer,liver,Hep,cg15506894,Hyper
GSE157341,Liver Cancer,liver,Hep,cg15551881,Hyper
GSE157341,Liver Cancer,liver,Hep,cg15555527,Hyper
GSE157341,Liver Cancer,liver,Hep,cg15619820,Hyper
GSE157341,Liver Cancer,liver,Hep,cg15708405,Hyper
GSE157341,Liver Cancer,liver,Hep,cg15787544,Hyper
GSE157341,Liver Cancer,liver,Hep,cg15821544,Hyper
GSE157341,Liver Cancer,liver,Hep,cg15847996,Hyper
GSE157341,Liver Cancer,liver,Hep,cg15959893,Hyper
GSE157341,Liver Cancer,liver,Hep,cg15992935,Hyper
GSE157341,Liver Cancer,liver,Hep,cg16096631,Hyper
GSE157341,Liver Cancer,liver,Hep,cg16208395,Hyper
GSE157341,Liver Cancer,liver,Hep,cg16222581,Hyper
GSE157341,Liver Cancer,liver,Hep,cg16233074,Hyper
GSE157341,Liver Cancer,liver,Hep,cg16245868,Hyper
GSE157341,Liver Cancer,liver,Hep,cg16362587,Hyper
GSE157341,Liver Cancer,liver,Hep,cg16515546,Hyper
GSE157341,Liver Cancer,liver,Hep,cg16521606,Hyper
GSE157341,Liver Cancer,liver,Hep,cg16547027,Hyper
GSE157341,Liver Cancer,liver,Hep,cg16594806,Hyper
GSE157341,Liver Cancer,liver,Hep,cg16612876,Hyper
GSE157341,Liver Cancer,liver,Hep,cg16616467,Hyper
GSE157341,Liver Cancer,liver,Hep,cg16616769,Hyper
GSE157341,Liver Cancer,liver,Hep,cg16663900,Hyper
GSE157341,Liver Cancer,liver,Hep,cg16732787,Hyper
GSE157341,Liver Cancer,liver,Hep,cg16791218,Hyper
GSE157341,Liver Cancer,liver,Hep,cg16893707,Hyper
GSE157341,Liver Cancer,liver,Hep,cg16955074,Hyper
GSE157341,Liver Cancer,liver,Hep,cg17052926,Hyper
GSE157341,Liver Cancer,liver,Hep,cg17112975,Hyper
GSE157341,Liver Cancer,liver,Hep,cg17165695,Hyper
GSE157341,Liver Cancer,liver,Hep,cg17187167,Hyper
GSE157341,Liver Cancer,liver,Hep,cg17196739,Hyper
GSE157341,Liver Cancer,liver,Hep,cg17196805,Hyper
GSE157341,Liver Cancer,liver,Hep,cg17250863,Hyper
GSE157341,Liver Cancer,liver,Hep,cg17279079,Hyper
GSE157341,Liver Cancer,liver,Hep,cg17305275,Hyper
GSE157341,Liver Cancer,liver,Hep,cg17335494,Hyper
GSE157341,Liver Cancer,liver,Hep,cg17347178,Hyper
GSE157341,Liver Cancer,liver,Hep,cg17365725,Hyper
GSE157341,Liver Cancer,liver,Hep,cg17629264,Hyper
GSE157341,Liver Cancer,liver,Hep,cg17760049,Hyper
GSE157341,Liver Cancer,liver,Hep,cg17830515,Hyper
GSE157341,Liver Cancer,liver,Hep,cg17923316,Hyper
GSE157341,Liver Cancer,liver,Hep,cg17962547,Hyper
GSE157341,Liver Cancer,liver,Hep,cg18015301,Hyper
GSE157341,Liver Cancer,liver,Hep,cg18086520,Hyper
GSE157341,Liver Cancer,liver,Hep,cg18100153,Hyper
GSE157341,Liver Cancer,liver,Hep,cg18110520,Hyper
GSE157341,Liver Cancer,liver,Hep,cg18119192,Hyper
GSE157341,Liver Cancer,liver,Hep,cg18152871,Hyper
GSE157341,Liver Cancer,liver,Hep,cg18247055,Hyper
GSE157341,Liver Cancer,liver,Hep,cg18254356,Hyper
GSE157341,Liver Cancer,liver,Hep,cg18299793,Hyper
GSE157341,Liver Cancer,liver,Hep,cg18315708,Hyper
GSE157341,Liver Cancer,liver,Hep,cg18405544,Hyper
GSE157341,Liver Cancer,liver,Hep,cg18442524,Hyper
GSE157341,Liver Cancer,liver,Hep,cg18693051,Hyper
GSE157341,Liver Cancer,liver,Hep,cg18708598,Hyper
GSE157341,Liver Cancer,liver,Hep,cg18809706,Hyper
GSE157341,Liver Cancer,liver,Hep,cg18917486,Hyper
GSE157341,Liver Cancer,liver,Hep,cg19021188,Hyper
GSE157341,Liver Cancer,liver,Hep,cg19022697,Hyper
GSE157341,Liver Cancer,liver,Hep,cg19101566,Hyper
GSE157341,Liver Cancer,liver,Hep,cg19172575,Hyper
GSE157341,Liver Cancer,liver,Hep,cg19216285,Hyper
GSE157341,Liver Cancer,liver,Hep,cg19216563,Hyper
GSE157341,Liver Cancer,liver,Hep,cg19249516,Hyper
GSE157341,Liver Cancer,liver,Hep,cg19265913,Hyper
GSE157341,Liver Cancer,liver,Hep,cg19350133,Hyper
GSE157341,Liver Cancer,liver,Hep,cg19389370,Hyper
GSE157341,Liver Cancer,liver,Hep,cg19619576,Hyper
GSE157341,Liver Cancer,liver,Hep,cg19742686,Hyper
GSE157341,Liver Cancer,liver,Hep,cg19768125,Hyper
GSE157341,Liver Cancer,liver,Hep,cg19821713,Hyper
GSE157341,Liver Cancer,liver,Hep,cg19883472,Hyper
GSE157341,Liver Cancer,liver,Hep,cg19895185,Hyper
GSE157341,Liver Cancer,liver,Hep,cg19904058,Hyper
GSE157341,Liver Cancer,liver,Hep,cg19978242,Hyper
GSE157341,Liver Cancer,liver,Hep,cg20029745,Hyper
GSE157341,Liver Cancer,liver,Hep,cg20097268,Hyper
GSE157341,Liver Cancer,liver,Hep,cg20227471,Hyper
GSE157341,Liver Cancer,liver,Hep,cg20256567,Hyper
GSE157341,Liver Cancer,liver,Hep,cg20282429,Hyper
GSE157341,Liver Cancer,liver,Hep,cg20319698,Hyper
GSE157341,Liver Cancer,liver,Hep,cg20322977,Hyper
GSE157341,Liver Cancer,liver,Hep,cg20325850,Hyper
GSE157341,Liver Cancer,liver,Hep,cg20417180,Hyper
GSE157341,Liver Cancer,liver,Hep,cg20703564,Hyper
GSE157341,Liver Cancer,liver,Hep,cg20726282,Hyper
GSE157341,Liver Cancer,liver,Hep,cg20785796,Hyper
GSE157341,Liver Cancer,liver,Hep,cg20874785,Hyper
GSE157341,Liver Cancer,liver,Hep,cg20936920,Hyper
GSE157341,Liver Cancer,liver,Hep,cg20950033,Hyper
GSE157341,Liver Cancer,liver,Hep,cg20957755,Hyper
GSE157341,Liver Cancer,liver,Hep,cg20962746,Hyper
GSE157341,Liver Cancer,liver,Hep,cg20981402,Hyper
GSE157341,Liver Cancer,liver,Hep,cg20998885,Hyper
GSE157341,Liver Cancer,liver,Hep,cg21027282,Hyper
GSE157341,Liver Cancer,liver,Hep,cg21169779,Hyper
GSE157341,Liver Cancer,liver,Hep,cg21229079,Hyper
GSE157341,Liver Cancer,liver,Hep,cg21239001,Hyper
GSE157341,Liver Cancer,liver,Hep,cg21258821,Hyper
GSE157341,Liver Cancer,liver,Hep,cg21268422,Hyper
GSE157341,Liver Cancer,liver,Hep,cg21332304,Hyper
GSE157341,Liver Cancer,liver,Hep,cg21457147,Hyper
GSE157341,Liver Cancer,liver,Hep,cg21496519,Hyper
GSE157341,Liver Cancer,liver,Hep,cg21575634,Hyper
GSE157341,Liver Cancer,liver,Hep,cg21667943,Hyper
GSE157341,Liver Cancer,liver,Hep,cg21671277,Hyper
GSE157341,Liver Cancer,liver,Hep,cg21811204,Hyper
GSE157341,Liver Cancer,liver,Hep,cg22037648,Hyper
GSE157341,Liver Cancer,liver,Hep,cg22049858,Hyper
GSE157341,Liver Cancer,liver,Hep,cg22050611,Hyper
GSE157341,Liver Cancer,liver,Hep,cg22111705,Hyper
GSE157341,Liver Cancer,liver,Hep,cg22191741,Hyper
GSE157341,Liver Cancer,liver,Hep,cg22220467,Hyper
GSE157341,Liver Cancer,liver,Hep,cg22257786,Hyper
GSE157341,Liver Cancer,liver,Hep,cg22303418,Hyper
GSE157341,Liver Cancer,liver,Hep,cg22487322,Hyper
GSE157341,Liver Cancer,liver,Hep,cg22512256,Hyper
GSE157341,Liver Cancer,liver,Hep,cg22550549,Hyper
GSE157341,Liver Cancer,liver,Hep,cg22591040,Hyper
GSE157341,Liver Cancer,liver,Hep,cg22720392,Hyper
GSE157341,Liver Cancer,liver,Hep,cg22732253,Hyper
GSE157341,Liver Cancer,liver,Hep,cg22821574,Hyper
GSE157341,Liver Cancer,liver,Hep,cg22873167,Hyper
GSE157341,Liver Cancer,liver,Hep,cg22973172,Hyper
GSE157341,Liver Cancer,liver,Hep,cg22977072,Hyper
GSE157341,Liver Cancer,liver,Hep,cg23044391,Hyper
GSE157341,Liver Cancer,liver,Hep,cg23045594,Hyper
GSE157341,Liver Cancer,liver,Hep,cg23131909,Hyper
GSE157341,Liver Cancer,liver,Hep,cg23142004,Hyper
GSE157341,Liver Cancer,liver,Hep,cg23143603,Hyper
GSE157341,Liver Cancer,liver,Hep,cg23288725,Hyper
GSE157341,Liver Cancer,liver,Hep,cg23344136,Hyper
GSE157341,Liver Cancer,liver,Hep,cg23347911,Hyper
GSE157341,Liver Cancer,liver,Hep,cg23362554,Hyper
GSE157341,Liver Cancer,liver,Hep,cg23371436,Hyper
GSE157341,Liver Cancer,liver,Hep,cg23457268,Hyper
GSE157341,Liver Cancer,liver,Hep,cg23465685,Hyper
GSE157341,Liver Cancer,liver,Hep,cg23625715,Hyper
GSE157341,Liver Cancer,liver,Hep,cg23711166,Hyper
GSE157341,Liver Cancer,liver,Hep,cg23731992,Hyper
GSE157341,Liver Cancer,liver,Hep,cg23737737,Hyper
GSE157341,Liver Cancer,liver,Hep,cg23757721,Hyper
GSE157341,Liver Cancer,liver,Hep,cg23761936,Hyper
GSE157341,Liver Cancer,liver,Hep,cg23932332,Hyper
GSE157341,Liver Cancer,liver,Hep,cg23934633,Hyper
GSE157341,Liver Cancer,liver,Hep,cg23962746,Hyper
GSE157341,Liver Cancer,liver,Hep,cg23971987,Hyper
GSE157341,Liver Cancer,liver,Hep,cg23990624,Hyper
GSE157341,Liver Cancer,liver,Hep,cg23994043,Hyper
GSE157341,Liver Cancer,liver,Hep,cg24023606,Hyper
GSE157341,Liver Cancer,liver,Hep,cg24035898,Hyper
GSE157341,Liver Cancer,liver,Hep,cg24186398,Hyper
GSE157341,Liver Cancer,liver,Hep,cg24367840,Hyper
GSE157341,Liver Cancer,liver,Hep,cg24405068,Hyper
GSE157341,Liver Cancer,liver,Hep,cg24430201,Hyper
GSE157341,Liver Cancer,liver,Hep,cg24555591,Hyper
GSE157341,Liver Cancer,liver,Hep,cg24629941,Hyper
GSE157341,Liver Cancer,liver,Hep,cg24691330,Hyper
GSE157341,Liver Cancer,liver,Hep,cg24700485,Hyper
GSE157341,Liver Cancer,liver,Hep,cg24707023,Hyper
GSE157341,Liver Cancer,liver,Hep,cg24708988,Hyper
GSE157341,Liver Cancer,liver,Hep,cg24815973,Hyper
GSE157341,Liver Cancer,liver,Hep,cg24850121,Hyper
GSE157341,Liver Cancer,liver,Hep,cg25026125,Hyper
GSE157341,Liver Cancer,liver,Hep,cg25045785,Hyper
GSE157341,Liver Cancer,liver,Hep,cg25048816,Hyper
GSE157341,Liver Cancer,liver,Hep,cg25083618,Hyper
GSE157341,Liver Cancer,liver,Hep,cg25142228,Hyper
GSE157341,Liver Cancer,liver,Hep,cg25214561,Hyper
GSE157341,Liver Cancer,liver,Hep,cg25216538,Hyper
GSE157341,Liver Cancer,liver,Hep,cg25358410,Hyper
GSE157341,Liver Cancer,liver,Hep,cg25372722,Hyper
GSE157341,Liver Cancer,liver,Hep,cg25397636,Hyper
GSE157341,Liver Cancer,liver,Hep,cg25403283,Hyper
GSE157341,Liver Cancer,liver,Hep,cg25461801,Hyper
GSE157341,Liver Cancer,liver,Hep,cg25509732,Hyper
GSE157341,Liver Cancer,liver,Hep,cg25754852,Hyper
GSE157341,Liver Cancer,liver,Hep,cg26099837,Hyper
GSE157341,Liver Cancer,liver,Hep,cg26138776,Hyper
GSE157341,Liver Cancer,liver,Hep,cg26231272,Hyper
GSE157341,Liver Cancer,liver,Hep,cg26234876,Hyper
GSE157341,Liver Cancer,liver,Hep,cg26320219,Hyper
GSE157341,Liver Cancer,liver,Hep,cg26472511,Hyper
GSE157341,Liver Cancer,liver,Hep,cg26472690,Hyper
GSE157341,Liver Cancer,liver,Hep,cg26541649,Hyper
GSE157341,Liver Cancer,liver,Hep,cg26568031,Hyper
GSE157341,Liver Cancer,liver,Hep,cg26689934,Hyper
GSE157341,Liver Cancer,liver,Hep,cg26697477,Hyper
GSE157341,Liver Cancer,liver,Hep,cg26698460,Hyper
GSE157341,Liver Cancer,liver,Hep,cg26812169,Hyper
GSE157341,Liver Cancer,liver,Hep,cg26833667,Hyper
GSE157341,Liver Cancer,liver,Hep,cg26858540,Hyper
GSE157341,Liver Cancer,liver,Hep,cg26877336,Hyper
GSE157341,Liver Cancer,liver,Hep,cg26878836,Hyper
GSE157341,Liver Cancer,liver,Hep,cg26884320,Hyper
GSE157341,Liver Cancer,liver,Hep,cg26923490,Hyper
GSE157341,Liver Cancer,liver,Hep,cg26949037,Hyper
GSE157341,Liver Cancer,liver,Hep,cg26979299,Hyper
GSE157341,Liver Cancer,liver,Hep,cg27055601,Hyper
GSE157341,Liver Cancer,liver,Hep,cg27095915,Hyper
GSE157341,Liver Cancer,liver,Hep,cg27142825,Hyper
GSE157341,Liver Cancer,liver,Hep,cg27221338,Hyper
GSE157341,Liver Cancer,liver,Hep,cg27222172,Hyper
GSE157341,Liver Cancer,liver,Hep,cg27226153,Hyper
GSE157341,Liver Cancer,liver,Hep,cg27258272,Hyper
GSE157341,Liver Cancer,liver,Hep,cg27272402,Hyper
GSE157341,Liver Cancer,liver,Hep,cg27393726,Hyper
GSE157341,Liver Cancer,liver,Hep,cg27410595,Hyper
GSE157341,Liver Cancer,liver,Hep,cg27445278,Hyper
GSE157341,Liver Cancer,liver,Hep,cg27475923,Hyper
GSE157341,Liver Cancer,liver,Hep,cg27478313,Hyper
GSE157341,Liver Cancer,liver,Hep,cg27517823,Hyper
GSE157341,Liver Cancer,liver,Hep,cg27549186,Hyper
GSE157341,Liver Cancer,liver,Hep,cg27561786,Hyper
GSE157341,Liver Cancer,liver,Hep,cg27568165,Hyper
GSE157341,Liver Cancer,liver,Hep,cg27607438,Hyper
GSE157341,Liver Cancer,liver,Hep,cg27618305,Hyper
GSE157341,Liver Cancer,liver,Hep,cg00023808,Hypo
GSE157341,Liver Cancer,liver,Hep,cg00051662,Hypo
GSE157341,Liver Cancer,liver,Hep,cg00114012,Hypo
GSE157341,Liver Cancer,liver,Hep,cg00145489,Hypo
GSE157341,Liver Cancer,liver,Hep,cg00225067,Hypo
GSE157341,Liver Cancer,liver,Hep,cg00261162,Hypo
GSE157341,Liver Cancer,liver,Hep,cg00371107,Hypo
GSE157341,Liver Cancer,liver,Hep,cg00419564,Hypo
GSE157341,Liver Cancer,liver,Hep,cg00423364,Hypo
GSE157341,Liver Cancer,liver,Hep,cg00432454,Hypo
GSE157341,Liver Cancer,liver,Hep,cg00471989,Hypo
GSE157341,Liver Cancer,liver,Hep,cg00516678,Hypo
GSE157341,Liver Cancer,liver,Hep,cg00541089,Hypo
GSE157341,Liver Cancer,liver,Hep,cg00607154,Hypo
GSE157341,Liver Cancer,liver,Hep,cg00618626,Hypo
GSE157341,Liver Cancer,liver,Hep,cg00624976,Hypo
GSE157341,Liver Cancer,liver,Hep,cg00679960,Hypo
GSE157341,Liver Cancer,liver,Hep,cg00731785,Hypo
GSE157341,Liver Cancer,liver,Hep,cg00750074,Hypo
GSE157341,Liver Cancer,liver,Hep,cg00759699,Hypo
GSE157341,Liver Cancer,liver,Hep,cg00871133,Hypo
GSE157341,Liver Cancer,liver,Hep,cg00876704,Hypo
GSE157341,Liver Cancer,liver,Hep,cg00922310,Hypo
GSE157341,Liver Cancer,liver,Hep,cg00933153,Hypo
GSE157341,Liver Cancer,liver,Hep,cg00992417,Hypo
GSE157341,Liver Cancer,liver,Hep,cg01002120,Hypo
GSE157341,Liver Cancer,liver,Hep,cg01032851,Hypo
GSE157341,Liver Cancer,liver,Hep,cg01053196,Hypo
GSE157341,Liver Cancer,liver,Hep,cg01133779,Hypo
GSE157341,Liver Cancer,liver,Hep,cg01181105,Hypo
GSE157341,Liver Cancer,liver,Hep,cg01184522,Hypo
GSE157341,Liver Cancer,liver,Hep,cg01291665,Hypo
GSE157341,Liver Cancer,liver,Hep,cg01302201,Hypo
GSE157341,Liver Cancer,liver,Hep,cg01311718,Hypo
GSE157341,Liver Cancer,liver,Hep,cg01311971,Hypo
GSE157341,Liver Cancer,liver,Hep,cg01313497,Hypo
GSE157341,Liver Cancer,liver,Hep,cg01330448,Hypo
GSE157341,Liver Cancer,liver,Hep,cg01382688,Hypo
GSE157341,Liver Cancer,liver,Hep,cg01428687,Hypo
GSE157341,Liver Cancer,liver,Hep,cg01453732,Hypo
GSE157341,Liver Cancer,liver,Hep,cg01515741,Hypo
GSE157341,Liver Cancer,liver,Hep,cg01607258,Hypo
GSE157341,Liver Cancer,liver,Hep,cg01714932,Hypo
GSE157341,Liver Cancer,liver,Hep,cg01752978,Hypo
GSE157341,Liver Cancer,liver,Hep,cg01816336,Hypo
GSE157341,Liver Cancer,liver,Hep,cg01817019,Hypo
GSE157341,Liver Cancer,liver,Hep,cg01981760,Hypo
GSE157341,Liver Cancer,liver,Hep,cg02053054,Hypo
GSE157341,Liver Cancer,liver,Hep,cg02066650,Hypo
GSE157341,Liver Cancer,liver,Hep,cg02080909,Hypo
GSE157341,Liver Cancer,liver,Hep,cg02097636,Hypo
GSE157341,Liver Cancer,liver,Hep,cg02256455,Hypo
GSE157341,Liver Cancer,liver,Hep,cg02277520,Hypo
GSE157341,Liver Cancer,liver,Hep,cg02296145,Hypo
GSE157341,Liver Cancer,liver,Hep,cg02301740,Hypo
GSE157341,Liver Cancer,liver,Hep,cg02311540,Hypo
GSE157341,Liver Cancer,liver,Hep,cg02335527,Hypo
GSE157341,Liver Cancer,liver,Hep,cg02421172,Hypo
GSE157341,Liver Cancer,liver,Hep,cg02481294,Hypo
GSE157341,Liver Cancer,liver,Hep,cg02490589,Hypo
GSE157341,Liver Cancer,liver,Hep,cg02532096,Hypo
GSE157341,Liver Cancer,liver,Hep,cg02614683,Hypo
GSE157341,Liver Cancer,liver,Hep,cg02675308,Hypo
GSE157341,Liver Cancer,liver,Hep,cg02760426,Hypo
GSE157341,Liver Cancer,liver,Hep,cg02790486,Hypo
GSE157341,Liver Cancer,liver,Hep,cg02867102,Hypo
GSE157341,Liver Cancer,liver,Hep,cg02893779,Hypo
GSE157341,Liver Cancer,liver,Hep,cg02900213,Hypo
GSE157341,Liver Cancer,liver,Hep,cg02984430,Hypo
GSE157341,Liver Cancer,liver,Hep,cg03065459,Hypo
GSE157341,Liver Cancer,liver,Hep,cg03078339,Hypo
GSE157341,Liver Cancer,liver,Hep,cg03093897,Hypo
GSE157341,Liver Cancer,liver,Hep,cg03132806,Hypo
GSE157341,Liver Cancer,liver,Hep,cg03180953,Hypo
GSE157341,Liver Cancer,liver,Hep,cg03231735,Hypo
GSE157341,Liver Cancer,liver,Hep,cg03238075,Hypo
GSE157341,Liver Cancer,liver,Hep,cg03307958,Hypo
GSE157341,Liver Cancer,liver,Hep,cg03324815,Hypo
GSE157341,Liver Cancer,liver,Hep,cg03330762,Hypo
GSE157341,Liver Cancer,liver,Hep,cg03347632,Hypo
GSE157341,Liver Cancer,liver,Hep,cg03347934,Hypo
GSE157341,Liver Cancer,liver,Hep,cg03400107,Hypo
GSE157341,Liver Cancer,liver,Hep,cg03404339,Hypo
GSE157341,Liver Cancer,liver,Hep,cg03455250,Hypo
GSE157341,Liver Cancer,liver,Hep,cg03459811,Hypo
GSE157341,Liver Cancer,liver,Hep,cg03513363,Hypo
GSE157341,Liver Cancer,liver,Hep,cg03572859,Hypo
GSE157341,Liver Cancer,liver,Hep,cg03730249,Hypo
GSE157341,Liver Cancer,liver,Hep,cg03760191,Hypo
GSE157341,Liver Cancer,liver,Hep,cg03771183,Hypo
GSE157341,Liver Cancer,liver,Hep,cg03803102,Hypo
GSE157341,Liver Cancer,liver,Hep,cg03823468,Hypo
GSE157341,Liver Cancer,liver,Hep,cg03928961,Hypo
GSE157341,Liver Cancer,liver,Hep,cg03948236,Hypo
GSE157341,Liver Cancer,liver,Hep,cg03950599,Hypo
GSE157341,Liver Cancer,liver,Hep,cg04122601,Hypo
GSE157341,Liver Cancer,liver,Hep,cg04153135,Hypo
GSE157341,Liver Cancer,liver,Hep,cg04177945,Hypo
GSE157341,Liver Cancer,liver,Hep,cg04189838,Hypo
GSE157341,Liver Cancer,liver,Hep,cg04194054,Hypo
GSE157341,Liver Cancer,liver,Hep,cg04215703,Hypo
GSE157341,Liver Cancer,liver,Hep,cg04281069,Hypo
GSE157341,Liver Cancer,liver,Hep,cg04290779,Hypo
GSE157341,Liver Cancer,liver,Hep,cg04470085,Hypo
GSE157341,Liver Cancer,liver,Hep,cg04489012,Hypo
GSE157341,Liver Cancer,liver,Hep,cg04612488,Hypo
GSE157341,Liver Cancer,liver,Hep,cg04670451,Hypo
GSE157341,Liver Cancer,liver,Hep,cg04803944,Hypo
GSE157341,Liver Cancer,liver,Hep,cg04835297,Hypo
GSE157341,Liver Cancer,liver,Hep,cg04837616,Hypo
GSE157341,Liver Cancer,liver,Hep,cg04930463,Hypo
GSE157341,Liver Cancer,liver,Hep,cg04949489,Hypo
GSE157341,Liver Cancer,liver,Hep,cg04984818,Hypo
GSE157341,Liver Cancer,liver,Hep,cg05091260,Hypo
GSE157341,Liver Cancer,liver,Hep,cg05162306,Hypo
GSE157341,Liver Cancer,liver,Hep,cg05163177,Hypo
GSE157341,Liver Cancer,liver,Hep,cg05207620,Hypo
GSE157341,Liver Cancer,liver,Hep,cg05229802,Hypo
GSE157341,Liver Cancer,liver,Hep,cg05253577,Hypo
GSE157341,Liver Cancer,liver,Hep,cg05337743,Hypo
GSE157341,Liver Cancer,liver,Hep,cg05381729,Hypo
GSE157341,Liver Cancer,liver,Hep,cg05391318,Hypo
GSE157341,Liver Cancer,liver,Hep,cg05479174,Hypo
GSE157341,Liver Cancer,liver,Hep,cg05534060,Hypo
GSE157341,Liver Cancer,liver,Hep,cg05575777,Hypo
GSE157341,Liver Cancer,liver,Hep,cg05618595,Hypo
GSE157341,Liver Cancer,liver,Hep,cg05623562,Hypo
GSE157341,Liver Cancer,liver,Hep,cg05647756,Hypo
GSE157341,Liver Cancer,liver,Hep,cg05660160,Hypo
GSE157341,Liver Cancer,liver,Hep,cg05914242,Hypo
GSE157341,Liver Cancer,liver,Hep,cg05985447,Hypo
GSE157341,Liver Cancer,liver,Hep,cg06035600,Hypo
GSE157341,Liver Cancer,liver,Hep,cg06124883,Hypo
GSE157341,Liver Cancer,liver,Hep,cg06165342,Hypo
GSE157341,Liver Cancer,liver,Hep,cg06241101,Hypo
GSE157341,Liver Cancer,liver,Hep,cg06419959,Hypo
GSE157341,Liver Cancer,liver,Hep,cg06479433,Hypo
GSE157341,Liver Cancer,liver,Hep,cg06552969,Hypo
GSE157341,Liver Cancer,liver,Hep,cg06689536,Hypo
GSE157341,Liver Cancer,liver,Hep,cg06741528,Hypo
GSE157341,Liver Cancer,liver,Hep,cg06811166,Hypo
GSE157341,Liver Cancer,liver,Hep,cg06815887,Hypo
GSE157341,Liver Cancer,liver,Hep,cg06841464,Hypo
GSE157341,Liver Cancer,liver,Hep,cg06855182,Hypo
GSE157341,Liver Cancer,liver,Hep,cg06877599,Hypo
GSE157341,Liver Cancer,liver,Hep,cg06888346,Hypo
GSE157341,Liver Cancer,liver,Hep,cg06989253,Hypo
GSE157341,Liver Cancer,liver,Hep,cg07044414,Hypo
GSE157341,Liver Cancer,liver,Hep,cg07135629,Hypo
GSE157341,Liver Cancer,liver,Hep,cg07394491,Hypo
GSE157341,Liver Cancer,liver,Hep,cg07454742,Hypo
GSE157341,Liver Cancer,liver,Hep,cg07475468,Hypo
GSE157341,Liver Cancer,liver,Hep,cg07485775,Hypo
GSE157341,Liver Cancer,liver,Hep,cg07500432,Hypo
GSE157341,Liver Cancer,liver,Hep,cg07507257,Hypo
GSE157341,Liver Cancer,liver,Hep,cg07515565,Hypo
GSE157341,Liver Cancer,liver,Hep,cg07549208,Hypo
GSE157341,Liver Cancer,liver,Hep,cg07554771,Hypo
GSE157341,Liver Cancer,liver,Hep,cg07636037,Hypo
GSE157341,Liver Cancer,liver,Hep,cg07753598,Hypo
GSE157341,Liver Cancer,liver,Hep,cg07774777,Hypo
GSE157341,Liver Cancer,liver,Hep,cg07866001,Hypo
GSE157341,Liver Cancer,liver,Hep,cg07905673,Hypo
GSE157341,Liver Cancer,liver,Hep,cg07921144,Hypo
GSE157341,Liver Cancer,liver,Hep,cg07982082,Hypo
GSE157341,Liver Cancer,liver,Hep,cg07985864,Hypo
GSE157341,Liver Cancer,liver,Hep,cg07999732,Hypo
GSE157341,Liver Cancer,liver,Hep,cg08139499,Hypo
GSE157341,Liver Cancer,liver,Hep,cg08220753,Hypo
GSE157341,Liver Cancer,liver,Hep,cg08233088,Hypo
GSE157341,Liver Cancer,liver,Hep,cg08284638,Hypo
GSE157341,Liver Cancer,liver,Hep,cg08358983,Hypo
GSE157341,Liver Cancer,liver,Hep,cg08362308,Hypo
GSE157341,Liver Cancer,liver,Hep,cg08410921,Hypo
GSE157341,Liver Cancer,liver,Hep,cg08543952,Hypo
GSE157341,Liver Cancer,liver,Hep,cg08560942,Hypo
GSE157341,Liver Cancer,liver,Hep,cg08626605,Hypo
GSE157341,Liver Cancer,liver,Hep,cg08640475,Hypo
GSE157341,Liver Cancer,liver,Hep,cg08825223,Hypo
GSE157341,Liver Cancer,liver,Hep,cg08840441,Hypo
GSE157341,Liver Cancer,liver,Hep,cg09039751,Hypo
GSE157341,Liver Cancer,liver,Hep,cg09041483,Hypo
GSE157341,Liver Cancer,liver,Hep,cg09044186,Hypo
GSE157341,Liver Cancer,liver,Hep,cg09075307,Hypo
GSE157341,Liver Cancer,liver,Hep,cg09128751,Hypo
GSE157341,Liver Cancer,liver,Hep,cg09214953,Hypo
GSE157341,Liver Cancer,liver,Hep,cg09243533,Hypo
GSE157341,Liver Cancer,liver,Hep,cg09246749,Hypo
GSE157341,Liver Cancer,liver,Hep,cg09269891,Hypo
GSE157341,Liver Cancer,liver,Hep,cg09286981,Hypo
GSE157341,Liver Cancer,liver,Hep,cg09362608,Hypo
GSE157341,Liver Cancer,liver,Hep,cg09395969,Hypo
GSE157341,Liver Cancer,liver,Hep,cg09417937,Hypo
GSE157341,Liver Cancer,liver,Hep,cg09435090,Hypo
GSE157341,Liver Cancer,liver,Hep,cg09486967,Hypo
GSE157341,Liver Cancer,liver,Hep,cg09533293,Hypo
GSE157341,Liver Cancer,liver,Hep,cg09538135,Hypo
GSE157341,Liver Cancer,liver,Hep,cg09767658,Hypo
GSE157341,Liver Cancer,liver,Hep,cg09802389,Hypo
GSE157341,Liver Cancer,liver,Hep,cg09820084,Hypo
GSE157341,Liver Cancer,liver,Hep,cg09896867,Hypo
GSE157341,Liver Cancer,liver,Hep,cg09951485,Hypo
GSE157341,Liver Cancer,liver,Hep,cg09954364,Hypo
GSE157341,Liver Cancer,liver,Hep,cg09962952,Hypo
GSE157341,Liver Cancer,liver,Hep,cg09973102,Hypo
GSE157341,Liver Cancer,liver,Hep,cg10002185,Hypo
GSE157341,Liver Cancer,liver,Hep,cg10037972,Hypo
GSE157341,Liver Cancer,liver,Hep,cg10057904,Hypo
GSE157341,Liver Cancer,liver,Hep,cg10096378,Hypo
GSE157341,Liver Cancer,liver,Hep,cg10099827,Hypo
GSE157341,Liver Cancer,liver,Hep,cg10132917,Hypo
GSE157341,Liver Cancer,liver,Hep,cg10149021,Hypo
GSE157341,Liver Cancer,liver,Hep,cg10152624,Hypo
GSE157341,Liver Cancer,liver,Hep,cg10374499,Hypo
GSE157341,Liver Cancer,liver,Hep,cg10380312,Hypo
GSE157341,Liver Cancer,liver,Hep,cg10387890,Hypo
GSE157341,Liver Cancer,liver,Hep,cg10401367,Hypo
GSE157341,Liver Cancer,liver,Hep,cg10404717,Hypo
GSE157341,Liver Cancer,liver,Hep,cg10476962,Hypo
GSE157341,Liver Cancer,liver,Hep,cg10498429,Hypo
GSE157341,Liver Cancer,liver,Hep,cg10614856,Hypo
GSE157341,Liver Cancer,liver,Hep,cg10644885,Hypo
GSE157341,Liver Cancer,liver,Hep,cg10656742,Hypo
GSE157341,Liver Cancer,liver,Hep,cg10695848,Hypo
GSE157341,Liver Cancer,liver,Hep,cg10701033,Hypo
GSE157341,Liver Cancer,liver,Hep,cg10722267,Hypo
GSE157341,Liver Cancer,liver,Hep,cg10740054,Hypo
GSE157341,Liver Cancer,liver,Hep,cg10763234,Hypo
GSE157341,Liver Cancer,liver,Hep,cg10811426,Hypo
GSE157341,Liver Cancer,liver,Hep,cg10863038,Hypo
GSE157341,Liver Cancer,liver,Hep,cg10905180,Hypo
GSE157341,Liver Cancer,liver,Hep,cg11102782,Hypo
GSE157341,Liver Cancer,liver,Hep,cg11131117,Hypo
GSE157341,Liver Cancer,liver,Hep,cg11152463,Hypo
GSE157341,Liver Cancer,liver,Hep,cg11206724,Hypo
GSE157341,Liver Cancer,liver,Hep,cg11206840,Hypo
GSE157341,Liver Cancer,liver,Hep,cg11277230,Hypo
GSE157341,Liver Cancer,liver,Hep,cg11398523,Hypo
GSE157341,Liver Cancer,liver,Hep,cg11576123,Hypo
GSE157341,Liver Cancer,liver,Hep,cg11827925,Hypo
GSE157341,Liver Cancer,liver,Hep,cg11846968,Hypo
GSE157341,Liver Cancer,liver,Hep,cg11884546,Hypo
GSE157341,Liver Cancer,liver,Hep,cg11919694,Hypo
GSE157341,Liver Cancer,liver,Hep,cg12031346,Hypo
GSE157341,Liver Cancer,liver,Hep,cg12065799,Hypo
GSE157341,Liver Cancer,liver,Hep,cg12085226,Hypo
GSE157341,Liver Cancer,liver,Hep,cg12095397,Hypo
GSE157341,Liver Cancer,liver,Hep,cg12140000,Hypo
GSE157341,Liver Cancer,liver,Hep,cg12159575,Hypo
GSE157341,Liver Cancer,liver,Hep,cg12179353,Hypo
GSE157341,Liver Cancer,liver,Hep,cg12206571,Hypo
GSE157341,Liver Cancer,liver,Hep,cg12220691,Hypo
GSE157341,Liver Cancer,liver,Hep,cg12222752,Hypo
GSE157341,Liver Cancer,liver,Hep,cg12281657,Hypo
GSE157341,Liver Cancer,liver,Hep,cg12290671,Hypo
GSE157341,Liver Cancer,liver,Hep,cg12315892,Hypo
GSE157341,Liver Cancer,liver,Hep,cg12557626,Hypo
GSE157341,Liver Cancer,liver,Hep,cg12564962,Hypo
GSE157341,Liver Cancer,liver,Hep,cg12581970,Hypo
GSE157341,Liver Cancer,liver,Hep,cg12610078,Hypo
GSE157341,Liver Cancer,liver,Hep,cg12640930,Hypo
GSE157341,Liver Cancer,liver,Hep,cg12641569,Hypo
GSE157341,Liver Cancer,liver,Hep,cg12649038,Hypo
GSE157341,Liver Cancer,liver,Hep,cg12706396,Hypo
GSE157341,Liver Cancer,liver,Hep,cg12739761,Hypo
GSE157341,Liver Cancer,liver,Hep,cg12869229,Hypo
GSE157341,Liver Cancer,liver,Hep,cg13033938,Hypo
GSE157341,Liver Cancer,liver,Hep,cg13158571,Hypo
GSE157341,Liver Cancer,liver,Hep,cg13359948,Hypo
GSE157341,Liver Cancer,liver,Hep,cg13378272,Hypo
GSE157341,Liver Cancer,liver,Hep,cg13438834,Hypo
GSE157341,Liver Cancer,liver,Hep,cg13484553,Hypo
GSE157341,Liver Cancer,liver,Hep,cg13491737,Hypo
GSE157341,Liver Cancer,liver,Hep,cg13551269,Hypo
GSE157341,Liver Cancer,liver,Hep,cg13562386,Hypo
GSE157341,Liver Cancer,liver,Hep,cg13565928,Hypo
GSE157341,Liver Cancer,liver,Hep,cg13570982,Hypo
GSE157341,Liver Cancer,liver,Hep,cg13580857,Hypo
GSE157341,Liver Cancer,liver,Hep,cg13617904,Hypo
GSE157341,Liver Cancer,liver,Hep,cg13618969,Hypo
GSE157341,Liver Cancer,liver,Hep,cg13678641,Hypo
GSE157341,Liver Cancer,liver,Hep,cg13686857,Hypo
GSE157341,Liver Cancer,liver,Hep,cg13706066,Hypo
GSE157341,Liver Cancer,liver,Hep,cg13775299,Hypo
GSE157341,Liver Cancer,liver,Hep,cg13800209,Hypo
GSE157341,Liver Cancer,liver,Hep,cg13814654,Hypo
GSE157341,Liver Cancer,liver,Hep,cg13826564,Hypo
GSE157341,Liver Cancer,liver,Hep,cg13876222,Hypo
GSE157341,Liver Cancer,liver,Hep,cg13923277,Hypo
GSE157341,Liver Cancer,liver,Hep,cg14039463,Hypo
GSE157341,Liver Cancer,liver,Hep,cg14118171,Hypo
GSE157341,Liver Cancer,liver,Hep,cg14131555,Hypo
GSE157341,Liver Cancer,liver,Hep,cg14173587,Hypo
GSE157341,Liver Cancer,liver,Hep,cg14222314,Hypo
GSE157341,Liver Cancer,liver,Hep,cg14242024,Hypo
GSE157341,Liver Cancer,liver,Hep,cg14250881,Hypo
GSE157341,Liver Cancer,liver,Hep,cg14264994,Hypo
GSE157341,Liver Cancer,liver,Hep,cg14369455,Hypo
GSE157341,Liver Cancer,liver,Hep,cg14404481,Hypo
GSE157341,Liver Cancer,liver,Hep,cg14525247,Hypo
GSE157341,Liver Cancer,liver,Hep,cg14550289,Hypo
GSE157341,Liver Cancer,liver,Hep,cg14565439,Hypo
GSE157341,Liver Cancer,liver,Hep,cg14567877,Hypo
GSE157341,Liver Cancer,liver,Hep,cg14592933,Hypo
GSE157341,Liver Cancer,liver,Hep,cg14690197,Hypo
GSE157341,Liver Cancer,liver,Hep,cg14752838,Hypo
GSE157341,Liver Cancer,liver,Hep,cg14784343,Hypo
GSE157341,Liver Cancer,liver,Hep,cg15112369,Hypo
GSE157341,Liver Cancer,liver,Hep,cg15120497,Hypo
GSE157341,Liver Cancer,liver,Hep,cg15219320,Hypo
GSE157341,Liver Cancer,liver,Hep,cg15302376,Hypo
GSE157341,Liver Cancer,liver,Hep,cg15365028,Hypo
GSE157341,Liver Cancer,liver,Hep,cg15433043,Hypo
GSE157341,Liver Cancer,liver,Hep,cg15550572,Hypo
GSE157341,Liver Cancer,liver,Hep,cg15565872,Hypo
GSE157341,Liver Cancer,liver,Hep,cg15587553,Hypo
GSE157341,Liver Cancer,liver,Hep,cg15593721,Hypo
GSE157341,Liver Cancer,liver,Hep,cg15601371,Hypo
GSE157341,Liver Cancer,liver,Hep,cg15710961,Hypo
GSE157341,Liver Cancer,liver,Hep,cg15866977,Hypo
GSE157341,Liver Cancer,liver,Hep,cg15959893,Hypo
GSE157341,Liver Cancer,liver,Hep,cg16068780,Hypo
GSE157341,Liver Cancer,liver,Hep,cg16126178,Hypo
GSE157341,Liver Cancer,liver,Hep,cg16154524,Hypo
GSE157341,Liver Cancer,liver,Hep,cg16180531,Hypo
GSE157341,Liver Cancer,liver,Hep,cg16208395,Hypo
GSE157341,Liver Cancer,liver,Hep,cg16254764,Hypo
GSE157341,Liver Cancer,liver,Hep,cg16316507,Hypo
GSE157341,Liver Cancer,liver,Hep,cg16433265,Hypo
GSE157341,Liver Cancer,liver,Hep,cg16457413,Hypo
GSE157341,Liver Cancer,liver,Hep,cg16478733,Hypo
GSE157341,Liver Cancer,liver,Hep,cg16617758,Hypo
GSE157341,Liver Cancer,liver,Hep,cg16689634,Hypo
GSE157341,Liver Cancer,liver,Hep,cg16754364,Hypo
GSE157341,Liver Cancer,liver,Hep,cg16793781,Hypo
GSE157341,Liver Cancer,liver,Hep,cg16831623,Hypo
GSE157341,Liver Cancer,liver,Hep,cg16982087,Hypo
GSE157341,Liver Cancer,liver,Hep,cg17128184,Hypo
GSE157341,Liver Cancer,liver,Hep,cg17133446,Hypo
GSE157341,Liver Cancer,liver,Hep,cg17217059,Hypo
GSE157341,Liver Cancer,liver,Hep,cg17279652,Hypo
GSE157341,Liver Cancer,liver,Hep,cg17296729,Hypo
GSE157341,Liver Cancer,liver,Hep,cg17314998,Hypo
GSE157341,Liver Cancer,liver,Hep,cg17342709,Hypo
GSE157341,Liver Cancer,liver,Hep,cg17427675,Hypo
GSE157341,Liver Cancer,liver,Hep,cg17436370,Hypo
GSE157341,Liver Cancer,liver,Hep,cg17557160,Hypo
GSE157341,Liver Cancer,liver,Hep,cg17580613,Hypo
GSE157341,Liver Cancer,liver,Hep,cg17743250,Hypo
GSE157341,Liver Cancer,liver,Hep,cg17813310,Hypo
GSE157341,Liver Cancer,liver,Hep,cg17818220,Hypo
GSE157341,Liver Cancer,liver,Hep,cg17923316,Hypo
GSE157341,Liver Cancer,liver,Hep,cg17930034,Hypo
GSE157341,Liver Cancer,liver,Hep,cg18025409,Hypo
GSE157341,Liver Cancer,liver,Hep,cg18080604,Hypo
GSE157341,Liver Cancer,liver,Hep,cg18152871,Hypo
GSE157341,Liver Cancer,liver,Hep,cg18183406,Hypo
GSE157341,Liver Cancer,liver,Hep,cg18209835,Hypo
GSE157341,Liver Cancer,liver,Hep,cg18252855,Hypo
GSE157341,Liver Cancer,liver,Hep,cg18254364,Hypo
GSE157341,Liver Cancer,liver,Hep,cg18272377,Hypo
GSE157341,Liver Cancer,liver,Hep,cg18293555,Hypo
GSE157341,Liver Cancer,liver,Hep,cg18331880,Hypo
GSE157341,Liver Cancer,liver,Hep,cg18376817,Hypo
GSE157341,Liver Cancer,liver,Hep,cg18442524,Hypo
GSE157341,Liver Cancer,liver,Hep,cg18479711,Hypo
GSE157341,Liver Cancer,liver,Hep,cg18581669,Hypo
GSE157341,Liver Cancer,liver,Hep,cg18750049,Hypo
GSE157341,Liver Cancer,liver,Hep,cg18751958,Hypo
GSE157341,Liver Cancer,liver,Hep,cg18754389,Hypo
GSE157341,Liver Cancer,liver,Hep,cg18792131,Hypo
GSE157341,Liver Cancer,liver,Hep,cg18953784,Hypo
GSE157341,Liver Cancer,liver,Hep,cg19104757,Hypo
GSE157341,Liver Cancer,liver,Hep,cg19115690,Hypo
GSE157341,Liver Cancer,liver,Hep,cg19131736,Hypo
GSE157341,Liver Cancer,liver,Hep,cg19197236,Hypo
GSE157341,Liver Cancer,liver,Hep,cg19265913,Hypo
GSE157341,Liver Cancer,liver,Hep,cg19289969,Hypo
GSE157341,Liver Cancer,liver,Hep,cg19492632,Hypo
GSE157341,Liver Cancer,liver,Hep,cg19507489,Hypo
GSE157341,Liver Cancer,liver,Hep,cg19640789,Hypo
GSE157341,Liver Cancer,liver,Hep,cg19680672,Hypo
GSE157341,Liver Cancer,liver,Hep,cg19706516,Hypo
GSE157341,Liver Cancer,liver,Hep,cg19736671,Hypo
GSE157341,Liver Cancer,liver,Hep,cg19772907,Hypo
GSE157341,Liver Cancer,liver,Hep,cg19858280,Hypo
GSE157341,Liver Cancer,liver,Hep,cg20036915,Hypo
GSE157341,Liver Cancer,liver,Hep,cg20075683,Hypo
GSE157341,Liver Cancer,liver,Hep,cg20097268,Hypo
GSE157341,Liver Cancer,liver,Hep,cg20256567,Hypo
GSE157341,Liver Cancer,liver,Hep,cg20287790,Hypo
GSE157341,Liver Cancer,liver,Hep,cg20311501,Hypo
GSE157341,Liver Cancer,liver,Hep,cg20402747,Hypo
GSE157341,Liver Cancer,liver,Hep,cg20490341,Hypo
GSE157341,Liver Cancer,liver,Hep,cg20544808,Hypo
GSE157341,Liver Cancer,liver,Hep,cg20568227,Hypo
GSE157341,Liver Cancer,liver,Hep,cg20636559,Hypo
GSE157341,Liver Cancer,liver,Hep,cg20702802,Hypo
GSE157341,Liver Cancer,liver,Hep,cg20707786,Hypo
GSE157341,Liver Cancer,liver,Hep,cg20730432,Hypo
GSE157341,Liver Cancer,liver,Hep,cg20750606,Hypo
GSE157341,Liver Cancer,liver,Hep,cg20898283,Hypo
GSE157341,Liver Cancer,liver,Hep,cg20998885,Hypo
GSE157341,Liver Cancer,liver,Hep,cg21038957,Hypo
GSE157341,Liver Cancer,liver,Hep,cg21104276,Hypo
GSE157341,Liver Cancer,liver,Hep,cg21131796,Hypo
GSE157341,Liver Cancer,liver,Hep,cg21225170,Hypo
GSE157341,Liver Cancer,liver,Hep,cg21238257,Hypo
GSE157341,Liver Cancer,liver,Hep,cg21548464,Hypo
GSE157341,Liver Cancer,liver,Hep,cg21554217,Hypo
GSE157341,Liver Cancer,liver,Hep,cg21605238,Hypo
GSE157341,Liver Cancer,liver,Hep,cg21655280,Hypo
GSE157341,Liver Cancer,liver,Hep,cg21658235,Hypo
GSE157341,Liver Cancer,liver,Hep,cg21724796,Hypo
GSE157341,Liver Cancer,liver,Hep,cg21745320,Hypo
GSE157341,Liver Cancer,liver,Hep,cg21856645,Hypo
GSE157341,Liver Cancer,liver,Hep,cg21906866,Hypo
GSE157341,Liver Cancer,liver,Hep,cg21941223,Hypo
GSE157341,Liver Cancer,liver,Hep,cg22068093,Hypo
GSE157341,Liver Cancer,liver,Hep,cg22070462,Hypo
GSE157341,Liver Cancer,liver,Hep,cg22127901,Hypo
GSE157341,Liver Cancer,liver,Hep,cg22257786,Hypo
GSE157341,Liver Cancer,liver,Hep,cg22274251,Hypo
GSE157341,Liver Cancer,liver,Hep,cg22280682,Hypo
GSE157341,Liver Cancer,liver,Hep,cg22358276,Hypo
GSE157341,Liver Cancer,liver,Hep,cg22382021,Hypo
GSE157341,Liver Cancer,liver,Hep,cg22476542,Hypo
GSE157341,Liver Cancer,liver,Hep,cg22491379,Hypo
GSE157341,Liver Cancer,liver,Hep,cg22751264,Hypo
GSE157341,Liver Cancer,liver,Hep,cg22799110,Hypo
GSE157341,Liver Cancer,liver,Hep,cg23005227,Hypo
GSE157341,Liver Cancer,liver,Hep,cg23090159,Hypo
GSE157341,Liver Cancer,liver,Hep,cg23093589,Hypo
GSE157341,Liver Cancer,liver,Hep,cg23265500,Hypo
GSE157341,Liver Cancer,liver,Hep,cg23272978,Hypo
GSE157341,Liver Cancer,liver,Hep,cg23339230,Hypo
GSE157341,Liver Cancer,liver,Hep,cg23344136,Hypo
GSE157341,Liver Cancer,liver,Hep,cg23347911,Hypo
GSE157341,Liver Cancer,liver,Hep,cg23442621,Hypo
GSE157341,Liver Cancer,liver,Hep,cg23457268,Hypo
GSE157341,Liver Cancer,liver,Hep,cg23486853,Hypo
GSE157341,Liver Cancer,liver,Hep,cg23586996,Hypo
GSE157341,Liver Cancer,liver,Hep,cg23677584,Hypo
GSE157341,Liver Cancer,liver,Hep,cg23687288,Hypo
GSE157341,Liver Cancer,liver,Hep,cg23694371,Hypo
GSE157341,Liver Cancer,liver,Hep,cg23711166,Hypo
GSE157341,Liver Cancer,liver,Hep,cg23731992,Hypo
GSE157341,Liver Cancer,liver,Hep,cg23784046,Hypo
GSE157341,Liver Cancer,liver,Hep,cg23807215,Hypo
GSE157341,Liver Cancer,liver,Hep,cg23843398,Hypo
GSE157341,Liver Cancer,liver,Hep,cg24024660,Hypo
GSE157341,Liver Cancer,liver,Hep,cg24096540,Hypo
GSE157341,Liver Cancer,liver,Hep,cg24133771,Hypo
GSE157341,Liver Cancer,liver,Hep,cg24165921,Hypo
GSE157341,Liver Cancer,liver,Hep,cg24219128,Hypo
GSE157341,Liver Cancer,liver,Hep,cg24244270,Hypo
GSE157341,Liver Cancer,liver,Hep,cg24361896,Hypo
GSE157341,Liver Cancer,liver,Hep,cg24462247,Hypo
GSE157341,Liver Cancer,liver,Hep,cg24555591,Hypo
GSE157341,Liver Cancer,liver,Hep,cg24703125,Hypo
GSE157341,Liver Cancer,liver,Hep,cg24721350,Hypo
GSE157341,Liver Cancer,liver,Hep,cg24726121,Hypo
GSE157341,Liver Cancer,liver,Hep,cg24831879,Hypo
GSE157341,Liver Cancer,liver,Hep,cg24911924,Hypo
GSE157341,Liver Cancer,liver,Hep,cg24921186,Hypo
GSE157341,Liver Cancer,liver,Hep,cg25183082,Hypo
GSE157341,Liver Cancer,liver,Hep,cg25193073,Hypo
GSE157341,Liver Cancer,liver,Hep,cg25241038,Hypo
GSE157341,Liver Cancer,liver,Hep,cg25380171,Hypo
GSE157341,Liver Cancer,liver,Hep,cg25478037,Hypo
GSE157341,Liver Cancer,liver,Hep,cg25483854,Hypo
GSE157341,Liver Cancer,liver,Hep,cg25485956,Hypo
GSE157341,Liver Cancer,liver,Hep,cg25503559,Hypo
GSE157341,Liver Cancer,liver,Hep,cg25561904,Hypo
GSE157341,Liver Cancer,liver,Hep,cg25566730,Hypo
GSE157341,Liver Cancer,liver,Hep,cg25748357,Hypo
GSE157341,Liver Cancer,liver,Hep,cg26003814,Hypo
GSE157341,Liver Cancer,liver,Hep,cg26148904,Hypo
GSE157341,Liver Cancer,liver,Hep,cg26239495,Hypo
GSE157341,Liver Cancer,liver,Hep,cg26394055,Hypo
GSE157341,Liver Cancer,liver,Hep,cg26467269,Hypo
GSE157341,Liver Cancer,liver,Hep,cg26558485,Hypo
GSE157341,Liver Cancer,liver,Hep,cg26600753,Hypo
GSE157341,Liver Cancer,liver,Hep,cg26621408,Hypo
GSE157341,Liver Cancer,liver,Hep,cg26956535,Hypo
GSE157341,Liver Cancer,liver,Hep,cg27017251,Hypo
GSE157341,Liver Cancer,liver,Hep,cg27138223,Hypo
GSE157341,Liver Cancer,liver,Hep,cg27170260,Hypo
GSE157341,Liver Cancer,liver,Hep,cg27205904,Hypo
GSE157341,Liver Cancer,liver,Hep,cg27235337,Hypo
GSE157341,Liver Cancer,liver,Hep,cg27239168,Hypo
GSE157341,Liver Cancer,liver,Hep,cg27272402,Hypo
GSE157341,Liver Cancer,liver,Hep,cg27300804,Hypo
GSE157341,Liver Cancer,liver,Hep,cg27360992,Hypo
GSE157341,Liver Cancer,liver,Hep,cg27367235,Hypo
GSE157341,Liver Cancer,liver,Hep,cg27657926,Hypo
GSE157341,Liver Cancer,liver,Kup,cg01538769,Hyper
GSE157341,Liver Cancer,liver,Kup,cg06826710,Hyper
GSE157341,Liver Cancer,liver,Kup,cg07058027,Hyper
GSE157341,Liver Cancer,liver,Kup,cg07135469,Hyper
GSE157341,Liver Cancer,liver,Kup,cg08519853,Hyper
GSE157341,Liver Cancer,liver,Kup,cg11274233,Hyper
GSE157341,Liver Cancer,liver,Kup,cg15476227,Hyper
GSE157341,Liver Cancer,liver,Kup,cg15524224,Hyper
GSE157341,Liver Cancer,liver,Kup,cg15702838,Hyper
GSE157341,Liver Cancer,liver,Kup,cg16133964,Hyper
GSE157341,Liver Cancer,liver,Kup,cg16550651,Hyper
GSE157341,Liver Cancer,liver,Kup,cg23423230,Hyper
GSE157341,Liver Cancer,liver,Kup,cg04568355,Hypo
GSE157341,Liver Cancer,liver,Kup,cg05004228,Hypo
GSE157341,Liver Cancer,liver,Kup,cg05965417,Hypo
GSE157341,Liver Cancer,liver,Kup,cg08056863,Hypo
GSE157341,Liver Cancer,liver,Kup,cg09455182,Hypo
GSE157341,Liver Cancer,liver,Kup,cg09896867,Hypo
GSE157341,Liver Cancer,liver,Kup,cg10832495,Hypo
GSE157341,Liver Cancer,liver,Kup,cg11274233,Hypo
GSE157341,Liver Cancer,liver,Kup,cg11518359,Hypo
GSE157341,Liver Cancer,liver,Kup,cg15400532,Hypo
GSE157341,Liver Cancer,liver,Kup,cg15524224,Hypo
GSE157341,Liver Cancer,liver,Kup,cg16370660,Hypo
GSE157341,Liver Cancer,liver,Kup,cg25149428,Hypo
GSE157341,Liver Cancer,liver,Lym,cg00316828,Hyper
GSE157341,Liver Cancer,liver,Lym,cg00415665,Hyper
GSE157341,Liver Cancer,liver,Lym,cg00488747,Hyper
GSE157341,Liver Cancer,liver,Lym,cg00489467,Hyper
GSE157341,Liver Cancer,liver,Lym,cg00618865,Hyper
GSE157341,Liver Cancer,liver,Lym,cg00639041,Hyper
GSE157341,Liver Cancer,liver,Lym,cg00776026,Hyper
GSE157341,Liver Cancer,liver,Lym,cg00821413,Hyper
GSE157341,Liver Cancer,liver,Lym,cg00990377,Hyper
GSE157341,Liver Cancer,liver,Lym,cg01077795,Hyper
GSE157341,Liver Cancer,liver,Lym,cg01158079,Hyper
GSE157341,Liver Cancer,liver,Lym,cg01178703,Hyper
GSE157341,Liver Cancer,liver,Lym,cg01288210,Hyper
GSE157341,Liver Cancer,liver,Lym,cg01363736,Hyper
GSE157341,Liver Cancer,liver,Lym,cg01433468,Hyper
GSE157341,Liver Cancer,liver,Lym,cg01433520,Hyper
GSE157341,Liver Cancer,liver,Lym,cg01658509,Hyper
GSE157341,Liver Cancer,liver,Lym,cg02004789,Hyper
GSE157341,Liver Cancer,liver,Lym,cg02079111,Hyper
GSE157341,Liver Cancer,liver,Lym,cg02277520,Hyper
GSE157341,Liver Cancer,liver,Lym,cg02335912,Hyper
GSE157341,Liver Cancer,liver,Lym,cg02418175,Hyper
GSE157341,Liver Cancer,liver,Lym,cg02504211,Hyper
GSE157341,Liver Cancer,liver,Lym,cg02528154,Hyper
GSE157341,Liver Cancer,liver,Lym,cg02551130,Hyper
GSE157341,Liver Cancer,liver,Lym,cg02555727,Hyper
GSE157341,Liver Cancer,liver,Lym,cg02968760,Hyper
GSE157341,Liver Cancer,liver,Lym,cg03358980,Hyper
GSE157341,Liver Cancer,liver,Lym,cg03440426,Hyper
GSE157341,Liver Cancer,liver,Lym,cg03476862,Hyper
GSE157341,Liver Cancer,liver,Lym,cg03549024,Hyper
GSE157341,Liver Cancer,liver,Lym,cg03579058,Hyper
GSE157341,Liver Cancer,liver,Lym,cg03612722,Hyper
GSE157341,Liver Cancer,liver,Lym,cg03656092,Hyper
GSE157341,Liver Cancer,liver,Lym,cg03752060,Hyper
GSE157341,Liver Cancer,liver,Lym,cg03873930,Hyper
GSE157341,Liver Cancer,liver,Lym,cg03907278,Hyper
GSE157341,Liver Cancer,liver,Lym,cg03928961,Hyper
GSE157341,Liver Cancer,liver,Lym,cg03938353,Hyper
GSE157341,Liver Cancer,liver,Lym,cg03941531,Hyper
GSE157341,Liver Cancer,liver,Lym,cg04025879,Hyper
GSE157341,Liver Cancer,liver,Lym,cg04286195,Hyper
GSE157341,Liver Cancer,liver,Lym,cg04305082,Hyper
GSE157341,Liver Cancer,liver,Lym,cg04326337,Hyper
GSE157341,Liver Cancer,liver,Lym,cg04343292,Hyper
GSE157341,Liver Cancer,liver,Lym,cg04345366,Hyper
GSE157341,Liver Cancer,liver,Lym,cg04428185,Hyper
GSE157341,Liver Cancer,liver,Lym,cg04486282,Hyper
GSE157341,Liver Cancer,liver,Lym,cg04546061,Hyper
GSE157341,Liver Cancer,liver,Lym,cg04884319,Hyper
GSE157341,Liver Cancer,liver,Lym,cg05157961,Hyper
GSE157341,Liver Cancer,liver,Lym,cg05212664,Hyper
GSE157341,Liver Cancer,liver,Lym,cg05396178,Hyper
GSE157341,Liver Cancer,liver,Lym,cg05614952,Hyper
GSE157341,Liver Cancer,liver,Lym,cg05618595,Hyper
GSE157341,Liver Cancer,liver,Lym,cg05842762,Hyper
GSE157341,Liver Cancer,liver,Lym,cg05885023,Hyper
GSE157341,Liver Cancer,liver,Lym,cg05895868,Hyper
GSE157341,Liver Cancer,liver,Lym,cg05899224,Hyper
GSE157341,Liver Cancer,liver,Lym,cg05972047,Hyper
GSE157341,Liver Cancer,liver,Lym,cg06094815,Hyper
GSE157341,Liver Cancer,liver,Lym,cg06133722,Hyper
GSE157341,Liver Cancer,liver,Lym,cg06264663,Hyper
GSE157341,Liver Cancer,liver,Lym,cg06609182,Hyper
GSE157341,Liver Cancer,liver,Lym,cg06732667,Hyper
GSE157341,Liver Cancer,liver,Lym,cg07016060,Hyper
GSE157341,Liver Cancer,liver,Lym,cg07105409,Hyper
GSE157341,Liver Cancer,liver,Lym,cg07379888,Hyper
GSE157341,Liver Cancer,liver,Lym,cg07462954,Hyper
GSE157341,Liver Cancer,liver,Lym,cg07553108,Hyper
GSE157341,Liver Cancer,liver,Lym,cg07566790,Hyper
GSE157341,Liver Cancer,liver,Lym,cg07642035,Hyper
GSE157341,Liver Cancer,liver,Lym,cg08009184,Hyper
GSE157341,Liver Cancer,liver,Lym,cg08307039,Hyper
GSE157341,Liver Cancer,liver,Lym,cg08421983,Hyper
GSE157341,Liver Cancer,liver,Lym,cg08477574,Hyper
GSE157341,Liver Cancer,liver,Lym,cg08701659,Hyper
GSE157341,Liver Cancer,liver,Lym,cg09114672,Hyper
GSE157341,Liver Cancer,liver,Lym,cg09449611,Hyper
GSE157341,Liver Cancer,liver,Lym,cg09561351,Hyper
GSE157341,Liver Cancer,liver,Lym,cg09636263,Hyper
GSE157341,Liver Cancer,liver,Lym,cg09705457,Hyper
GSE157341,Liver Cancer,liver,Lym,cg09762612,Hyper
GSE157341,Liver Cancer,liver,Lym,cg09804178,Hyper
GSE157341,Liver Cancer,liver,Lym,cg09905687,Hyper
GSE157341,Liver Cancer,liver,Lym,cg10040710,Hyper
GSE157341,Liver Cancer,liver,Lym,cg10080401,Hyper
GSE157341,Liver Cancer,liver,Lym,cg10433918,Hyper
GSE157341,Liver Cancer,liver,Lym,cg10556264,Hyper
GSE157341,Liver Cancer,liver,Lym,cg10590861,Hyper
GSE157341,Liver Cancer,liver,Lym,cg10724576,Hyper
GSE157341,Liver Cancer,liver,Lym,cg11013544,Hyper
GSE157341,Liver Cancer,liver,Lym,cg11195733,Hyper
GSE157341,Liver Cancer,liver,Lym,cg11252555,Hyper
GSE157341,Liver Cancer,liver,Lym,cg11347730,Hyper
GSE157341,Liver Cancer,liver,Lym,cg11570575,Hyper
GSE157341,Liver Cancer,liver,Lym,cg11826201,Hyper
GSE157341,Liver Cancer,liver,Lym,cg11857033,Hyper
GSE157341,Liver Cancer,liver,Lym,cg11890301,Hyper
GSE157341,Liver Cancer,liver,Lym,cg11944324,Hyper
GSE157341,Liver Cancer,liver,Lym,cg12092484,Hyper
GSE157341,Liver Cancer,liver,Lym,cg12198633,Hyper
GSE157341,Liver Cancer,liver,Lym,cg12381188,Hyper
GSE157341,Liver Cancer,liver,Lym,cg12403329,Hyper
GSE157341,Liver Cancer,liver,Lym,cg12549573,Hyper
GSE157341,Liver Cancer,liver,Lym,cg12557254,Hyper
GSE157341,Liver Cancer,liver,Lym,cg12633739,Hyper
GSE157341,Liver Cancer,liver,Lym,cg12634360,Hyper
GSE157341,Liver Cancer,liver,Lym,cg12659287,Hyper
GSE157341,Liver Cancer,liver,Lym,cg12682392,Hyper
GSE157341,Liver Cancer,liver,Lym,cg12762862,Hyper
GSE157341,Liver Cancer,liver,Lym,cg12918275,Hyper
GSE157341,Liver Cancer,liver,Lym,cg13039271,Hyper
GSE157341,Liver Cancer,liver,Lym,cg13159929,Hyper
GSE157341,Liver Cancer,liver,Lym,cg13260916,Hyper
GSE157341,Liver Cancer,liver,Lym,cg13273562,Hyper
GSE157341,Liver Cancer,liver,Lym,cg13402624,Hyper
GSE157341,Liver Cancer,liver,Lym,cg13504105,Hyper
GSE157341,Liver Cancer,liver,Lym,cg13762244,Hyper
GSE157341,Liver Cancer,liver,Lym,cg13920838,Hyper
GSE157341,Liver Cancer,liver,Lym,cg13972711,Hyper
GSE157341,Liver Cancer,liver,Lym,cg14127958,Hyper
GSE157341,Liver Cancer,liver,Lym,cg14153126,Hyper
GSE157341,Liver Cancer,liver,Lym,cg14219485,Hyper
GSE157341,Liver Cancer,liver,Lym,cg14297332,Hyper
GSE157341,Liver Cancer,liver,Lym,cg14504586,Hyper
GSE157341,Liver Cancer,liver,Lym,cg14519501,Hyper
GSE157341,Liver Cancer,liver,Lym,cg14578366,Hyper
GSE157341,Liver Cancer,liver,Lym,cg14616284,Hyper
GSE157341,Liver Cancer,liver,Lym,cg14638988,Hyper
GSE157341,Liver Cancer,liver,Lym,cg14835423,Hyper
GSE157341,Liver Cancer,liver,Lym,cg15689967,Hyper
GSE157341,Liver Cancer,liver,Lym,cg15739835,Hyper
GSE157341,Liver Cancer,liver,Lym,cg15998961,Hyper
GSE157341,Liver Cancer,liver,Lym,cg15999099,Hyper
GSE157341,Liver Cancer,liver,Lym,cg16362587,Hyper
GSE157341,Liver Cancer,liver,Lym,cg16521606,Hyper
GSE157341,Liver Cancer,liver,Lym,cg16612876,Hyper
GSE157341,Liver Cancer,liver,Lym,cg16664233,Hyper
GSE157341,Liver Cancer,liver,Lym,cg16791218,Hyper
GSE157341,Liver Cancer,liver,Lym,cg16911819,Hyper
GSE157341,Liver Cancer,liver,Lym,cg17158059,Hyper
GSE157341,Liver Cancer,liver,Lym,cg17167303,Hyper
GSE157341,Liver Cancer,liver,Lym,cg17209507,Hyper
GSE157341,Liver Cancer,liver,Lym,cg17319795,Hyper
GSE157341,Liver Cancer,liver,Lym,cg17925026,Hyper
GSE157341,Liver Cancer,liver,Lym,cg18062128,Hyper
GSE157341,Liver Cancer,liver,Lym,cg18093064,Hyper
GSE157341,Liver Cancer,liver,Lym,cg18121190,Hyper
GSE157341,Liver Cancer,liver,Lym,cg18149119,Hyper
GSE157341,Liver Cancer,liver,Lym,cg18245230,Hyper
GSE157341,Liver Cancer,liver,Lym,cg18342939,Hyper
GSE157341,Liver Cancer,liver,Lym,cg18579475,Hyper
GSE157341,Liver Cancer,liver,Lym,cg18786515,Hyper
GSE157341,Liver Cancer,liver,Lym,cg19354255,Hyper
GSE157341,Liver Cancer,liver,Lym,cg19455368,Hyper
GSE157341,Liver Cancer,liver,Lym,cg19671650,Hyper
GSE157341,Liver Cancer,liver,Lym,cg19759366,Hyper
GSE157341,Liver Cancer,liver,Lym,cg19912332,Hyper
GSE157341,Liver Cancer,liver,Lym,cg19957503,Hyper
GSE157341,Liver Cancer,liver,Lym,cg20203971,Hyper
GSE157341,Liver Cancer,liver,Lym,cg20255817,Hyper
GSE157341,Liver Cancer,liver,Lym,cg20351405,Hyper
GSE157341,Liver Cancer,liver,Lym,cg20417180,Hyper
GSE157341,Liver Cancer,liver,Lym,cg20463995,Hyper
GSE157341,Liver Cancer,liver,Lym,cg20715885,Hyper
GSE157341,Liver Cancer,liver,Lym,cg20958959,Hyper
GSE157341,Liver Cancer,liver,Lym,cg21462970,Hyper
GSE157341,Liver Cancer,liver,Lym,cg21559747,Hyper
GSE157341,Liver Cancer,liver,Lym,cg21580746,Hyper
GSE157341,Liver Cancer,liver,Lym,cg22000938,Hyper
GSE157341,Liver Cancer,liver,Lym,cg22053620,Hyper
GSE157341,Liver Cancer,liver,Lym,cg22166144,Hyper
GSE157341,Liver Cancer,liver,Lym,cg22620614,Hyper
GSE157341,Liver Cancer,liver,Lym,cg22831978,Hyper
GSE157341,Liver Cancer,liver,Lym,cg22845723,Hyper
GSE157341,Liver Cancer,liver,Lym,cg22876106,Hyper
GSE157341,Liver Cancer,liver,Lym,cg22943875,Hyper
GSE157341,Liver Cancer,liver,Lym,cg22991596,Hyper
GSE157341,Liver Cancer,liver,Lym,cg22994582,Hyper
GSE157341,Liver Cancer,liver,Lym,cg23090060,Hyper
GSE157341,Liver Cancer,liver,Lym,cg23350132,Hyper
GSE157341,Liver Cancer,liver,Lym,cg23581656,Hyper
GSE157341,Liver Cancer,liver,Lym,cg23621463,Hyper
GSE157341,Liver Cancer,liver,Lym,cg23761936,Hyper
GSE157341,Liver Cancer,liver,Lym,cg23886424,Hyper
GSE157341,Liver Cancer,liver,Lym,cg23904249,Hyper
GSE157341,Liver Cancer,liver,Lym,cg23934633,Hyper
GSE157341,Liver Cancer,liver,Lym,cg24003835,Hyper
GSE157341,Liver Cancer,liver,Lym,cg24353706,Hyper
GSE157341,Liver Cancer,liver,Lym,cg24401187,Hyper
GSE157341,Liver Cancer,liver,Lym,cg24517323,Hyper
GSE157341,Liver Cancer,liver,Lym,cg24927465,Hyper
GSE157341,Liver Cancer,liver,Lym,cg25249670,Hyper
GSE157341,Liver Cancer,liver,Lym,cg25372722,Hyper
GSE157341,Liver Cancer,liver,Lym,cg25479499,Hyper
GSE157341,Liver Cancer,liver,Lym,cg25528916,Hyper
GSE157341,Liver Cancer,liver,Lym,cg25545088,Hyper
GSE157341,Liver Cancer,liver,Lym,cg25782778,Hyper
GSE157341,Liver Cancer,liver,Lym,cg25787300,Hyper
GSE157341,Liver Cancer,liver,Lym,cg25800356,Hyper
GSE157341,Liver Cancer,liver,Lym,cg26234081,Hyper
GSE157341,Liver Cancer,liver,Lym,cg26472511,Hyper
GSE157341,Liver Cancer,liver,Lym,cg26556008,Hyper
GSE157341,Liver Cancer,liver,Lym,cg26564768,Hyper
GSE157341,Liver Cancer,liver,Lym,cg26631454,Hyper
GSE157341,Liver Cancer,liver,Lym,cg26648488,Hyper
GSE157341,Liver Cancer,liver,Lym,cg26721890,Hyper
GSE157341,Liver Cancer,liver,Lym,cg26812169,Hyper
GSE157341,Liver Cancer,liver,Lym,cg26877336,Hyper
GSE157341,Liver Cancer,liver,Lym,cg26922780,Hyper
GSE157341,Liver Cancer,liver,Lym,cg26949037,Hyper
GSE157341,Liver Cancer,liver,Lym,cg27056559,Hyper
GSE157341,Liver Cancer,liver,Lym,cg27142825,Hyper
GSE157341,Liver Cancer,liver,Lym,cg27295742,Hyper
GSE157341,Liver Cancer,liver,Lym,cg00170973,Hypo
GSE157341,Liver Cancer,liver,Lym,cg01561777,Hypo
GSE157341,Liver Cancer,liver,Lym,cg01604628,Hypo
GSE157341,Liver Cancer,liver,Lym,cg02130040,Hypo
GSE157341,Liver Cancer,liver,Lym,cg03208093,Hypo
GSE157341,Liver Cancer,liver,Lym,cg03781262,Hypo
GSE157341,Liver Cancer,liver,Lym,cg05391318,Hypo
GSE157341,Liver Cancer,liver,Lym,cg07600533,Hypo
GSE157341,Liver Cancer,liver,Lym,cg07850604,Hypo
GSE157341,Liver Cancer,liver,Lym,cg08055924,Hypo
GSE157341,Liver Cancer,liver,Lym,cg08686425,Hypo
GSE157341,Liver Cancer,liver,Lym,cg08877142,Hypo
GSE157341,Liver Cancer,liver,Lym,cg10107322,Hypo
GSE157341,Liver Cancer,liver,Lym,cg10601761,Hypo
GSE157341,Liver Cancer,liver,Lym,cg11082362,Hypo
GSE157341,Liver Cancer,liver,Lym,cg11609366,Hypo
GSE157341,Liver Cancer,liver,Lym,cg12180123,Hypo
GSE157341,Liver Cancer,liver,Lym,cg12528394,Hypo
GSE157341,Liver Cancer,liver,Lym,cg12618546,Hypo
GSE157341,Liver Cancer,liver,Lym,cg12812048,Hypo
GSE157341,Liver Cancer,liver,Lym,cg13359948,Hypo
GSE157341,Liver Cancer,liver,Lym,cg13803559,Hypo
GSE157341,Liver Cancer,liver,Lym,cg14705099,Hypo
GSE157341,Liver Cancer,liver,Lym,cg15998961,Hypo
GSE157341,Liver Cancer,liver,Lym,cg16248783,Hypo
GSE157341,Liver Cancer,liver,Lym,cg17157275,Hypo
GSE157341,Liver Cancer,liver,Lym,cg18086520,Hypo
GSE157341,Liver Cancer,liver,Lym,cg18162091,Hypo
GSE157341,Liver Cancer,liver,Lym,cg18768157,Hypo
GSE157341,Liver Cancer,liver,Lym,cg18853010,Hypo
GSE157341,Liver Cancer,liver,Lym,cg19050351,Hypo
GSE157341,Liver Cancer,liver,Lym,cg19112804,Hypo
GSE157341,Liver Cancer,liver,Lym,cg19737037,Hypo
GSE157341,Liver Cancer,liver,Lym,cg20080616,Hypo
GSE157341,Liver Cancer,liver,Lym,cg20743868,Hypo
GSE157341,Liver Cancer,liver,Lym,cg20858341,Hypo
GSE157341,Liver Cancer,liver,Lym,cg21104276,Hypo
GSE157341,Liver Cancer,liver,Lym,cg21229079,Hypo
GSE157341,Liver Cancer,liver,Lym,cg21750545,Hypo
GSE157341,Liver Cancer,liver,Lym,cg27205904,Hypo
