CpG,Discovery_group
cg00018128,EWAS-specific
cg00025044,EWAS-specific
cg00035268,EWAS-specific
cg00042325,EWAS-specific
cg00055555,EWAS-specific
cg00063909,EWAS-specific
cg00083042,EWAS-specific
cg00085448,EWAS-specific
cg00124375,EWAS-specific
cg00127167,EWAS-specific
cg00127408,EWAS-specific
cg00138101,EWAS-specific
cg00139244,EWAS-specific
cg00143527,EWAS-specific
cg00147286,EWAS-specific
cg00162859,EWAS-specific
cg00188298,EWAS-specific
cg00203284,EWAS-specific
cg00211496,EWAS-specific
cg00234961,EWAS-specific
cg00236302,EWAS-specific
cg00251358,EWAS-specific
cg00259742,EWAS-specific
cg00261942,EWAS-specific
cg00294956,EWAS-specific
cg00296158,EWAS-specific
cg00299070,EWAS-specific
cg00301239,EWAS-specific
cg00306578,EWAS-specific
cg00315837,EWAS-specific
cg00317879,EWAS-specific
cg00320035,EWAS-specific
cg00336320,EWAS-specific
cg00338479,EWAS-specific
cg00344422,EWAS-specific
cg00346985,EWAS-specific
cg00347643,EWAS-specific
cg00350932,EWAS-specific
cg00357176,EWAS-specific
cg00367863,EWAS-specific
cg00400104,EWAS-specific
cg00414898,EWAS-specific
cg00430036,EWAS-specific
cg00446123,EWAS-specific
cg00491255,EWAS-specific
cg00499237,EWAS-specific
cg00502597,EWAS-specific
cg00504902,EWAS-specific
cg00512602,EWAS-specific
cg00517080,EWAS-specific
cg00537203,EWAS-specific
cg00558645,EWAS-specific
cg00560072,EWAS-specific
cg00571033,EWAS-specific
cg00581043,EWAS-specific
cg00583068,EWAS-specific
cg00649827,EWAS-specific
cg00659421,EWAS-specific
cg00664697,EWAS-specific
cg00675940,EWAS-specific
cg00711291,EWAS-specific
cg00712146,EWAS-specific
cg00753747,EWAS-specific
cg00777968,EWAS-specific
cg00780805,EWAS-specific
cg00785193,EWAS-specific
cg00802478,EWAS-specific
cg00821567,EWAS-specific
cg00822591,EWAS-specific
cg00832928,EWAS-specific
cg00865429,EWAS-specific
cg00887547,EWAS-specific
cg00906908,EWAS-specific
cg00911370,EWAS-specific
cg00926926,EWAS-specific
cg00934624,EWAS-specific
cg00946491,EWAS-specific
cg00957325,EWAS-specific
cg00974629,EWAS-specific
cg00979704,EWAS-specific
cg00985117,EWAS-specific
cg00985388,EWAS-specific
cg00987558,EWAS-specific
cg01006802,EWAS-specific
cg01024458,EWAS-specific
cg01043669,EWAS-specific
cg01058932,EWAS-specific
cg01059100,EWAS-specific
cg01073178,EWAS-specific
cg01090433,EWAS-specific
cg01108815,EWAS-specific
cg01113530,EWAS-specific
cg01148441,EWAS-specific
cg01148728,EWAS-specific
cg01160818,EWAS-specific
cg01161055,EWAS-specific
cg01193554,EWAS-specific
cg01202639,EWAS-specific
cg01209599,EWAS-specific
cg01221216,EWAS-specific
cg01222684,EWAS-specific
cg01257345,EWAS-specific
cg01264106,EWAS-specific
cg01272081,EWAS-specific
cg01279413,EWAS-specific
cg01291863,EWAS-specific
cg01305539,EWAS-specific
cg01312167,EWAS-specific
cg01325271,EWAS-specific
cg01358444,EWAS-specific
cg01368219,EWAS-specific
cg01381374,EWAS-specific
cg01410440,EWAS-specific
cg01413632,EWAS-specific
cg01426041,EWAS-specific
cg01428095,EWAS-specific
cg01432329,EWAS-specific
cg01458336,EWAS-specific
cg01477253,EWAS-specific
cg01514538,EWAS-specific
cg01554357,EWAS-specific
cg01564902,EWAS-specific
cg01576496,EWAS-specific
cg01577114,EWAS-specific
cg01578632,EWAS-specific
cg01590338,EWAS-specific
cg01604592,EWAS-specific
cg01604883,EWAS-specific
cg01626434,EWAS-specific
cg01635346,EWAS-specific
cg01638311,EWAS-specific
cg01657408,EWAS-specific
cg01669374,EWAS-specific
cg01673307,EWAS-specific
cg01710147,EWAS-specific
cg01712159,EWAS-specific
cg01730064,EWAS-specific
cg01735277,EWAS-specific
cg01759672,EWAS-specific
cg01764713,EWAS-specific
cg01768328,EWAS-specific
cg01768697,EWAS-specific
cg01783679,EWAS-specific
cg01802344,EWAS-specific
cg01806261,EWAS-specific
cg01850889,EWAS-specific
cg01879898,EWAS-specific
cg01891497,EWAS-specific
cg01917852,EWAS-specific
cg01919885,EWAS-specific
cg01941278,EWAS-specific
cg01943221,EWAS-specific
cg01963059,EWAS-specific
cg01971181,EWAS-specific
cg01973778,EWAS-specific
cg02001200,EWAS-specific
cg02009103,EWAS-specific
cg02011074,EWAS-specific
cg02017926,EWAS-specific
cg02018400,EWAS-specific
cg02030908,EWAS-specific
cg02054252,EWAS-specific
cg02087565,EWAS-specific
cg02096792,EWAS-specific
cg02121773,EWAS-specific
cg02123262,EWAS-specific
cg02144518,EWAS-specific
cg02150018,EWAS-specific
cg02162144,EWAS-specific
cg02163215,EWAS-specific
cg02167757,EWAS-specific
cg02184772,EWAS-specific
cg02186409,EWAS-specific
cg02206157,EWAS-specific
cg02208529,EWAS-specific
cg02233197,EWAS-specific
cg02244263,EWAS-specific
cg02283042,EWAS-specific
cg02289020,EWAS-specific
cg02318932,EWAS-specific
cg02320740,EWAS-specific
cg02349866,EWAS-specific
cg02351674,EWAS-specific
cg02403239,EWAS-specific
cg02406096,EWAS-specific
cg02431531,EWAS-specific
cg02434314,EWAS-specific
cg02442572,EWAS-specific
cg02458141,EWAS-specific
cg02459569,EWAS-specific
cg02506353,EWAS-specific
cg02515899,EWAS-specific
cg02531439,EWAS-specific
cg02532293,EWAS-specific
cg02534657,EWAS-specific
cg02541582,EWAS-specific
cg02542748,EWAS-specific
cg02563530,EWAS-specific
cg02564523,EWAS-specific
cg02573234,EWAS-specific
cg02573873,EWAS-specific
cg02580209,EWAS-specific
cg02600394,EWAS-specific
cg02613300,EWAS-specific
cg02627747,EWAS-specific
cg02637530,EWAS-specific
cg02640173,EWAS-specific
cg02643343,EWAS-specific
cg02666257,EWAS-specific
cg02712546,EWAS-specific
cg02716218,EWAS-specific
cg02720566,EWAS-specific
cg02722214,EWAS-specific
cg02736280,EWAS-specific
cg02752529,EWAS-specific
cg02792521,EWAS-specific
cg02801114,EWAS-specific
cg02806715,EWAS-specific
cg02816367,EWAS-specific
cg02819992,EWAS-specific
cg02822745,EWAS-specific
cg02824817,EWAS-specific
cg02834765,EWAS-specific
cg02857557,EWAS-specific
cg02858843,EWAS-specific
cg02864626,EWAS-specific
cg02897537,EWAS-specific
cg02900356,EWAS-specific
cg02923972,EWAS-specific
cg02925039,EWAS-specific
cg02927346,EWAS-specific
cg02949258,EWAS-specific
cg02953302,EWAS-specific
cg02973961,EWAS-specific
cg02996801,EWAS-specific
cg03014634,EWAS-specific
cg03036167,EWAS-specific
cg03061916,EWAS-specific
cg03081743,EWAS-specific
cg03101580,EWAS-specific
cg03101664,EWAS-specific
cg03142458,EWAS-specific
cg03145924,EWAS-specific
cg03146377,EWAS-specific
cg03149245,EWAS-specific
cg03155027,EWAS-specific
cg03169527,EWAS-specific
cg03173722,EWAS-specific
cg03187301,EWAS-specific
cg03196766,EWAS-specific
cg03216043,EWAS-specific
cg03242344,EWAS-specific
cg03258927,EWAS-specific
cg03271650,EWAS-specific
cg03271827,EWAS-specific
cg03274800,EWAS-specific
cg03283235,EWAS-specific
cg03295554,EWAS-specific
cg03306374,EWAS-specific
cg03319315,EWAS-specific
cg03320170,EWAS-specific
cg03331715,EWAS-specific
cg03341377,EWAS-specific
cg03354476,EWAS-specific
cg03362871,EWAS-specific
cg03370077,EWAS-specific
cg03388266,EWAS-specific
cg03393238,EWAS-specific
cg03404279,EWAS-specific
cg03404572,EWAS-specific
cg03407184,EWAS-specific
cg03434262,EWAS-specific
cg03466522,EWAS-specific
cg03487027,EWAS-specific
cg03489907,EWAS-specific
cg03517918,EWAS-specific
cg03529662,EWAS-specific
cg03534031,EWAS-specific
cg03536961,EWAS-specific
cg03537386,EWAS-specific
cg03549582,EWAS-specific
cg03567939,EWAS-specific
cg03585795,EWAS-specific
cg03586379,EWAS-specific
cg03586390,EWAS-specific
cg03606214,EWAS-specific
cg03646474,EWAS-specific
cg03651769,EWAS-specific
cg03661324,EWAS-specific
cg03662997,EWAS-specific
cg03682872,EWAS-specific
cg03688707,EWAS-specific
cg03704006,EWAS-specific
cg03723716,EWAS-specific
cg03724368,EWAS-specific
cg03744975,EWAS-specific
cg03762505,EWAS-specific
cg03773198,EWAS-specific
cg03785107,EWAS-specific
cg03788239,EWAS-specific
cg03803858,EWAS-specific
cg03811891,EWAS-specific
cg03825332,EWAS-specific
cg03826642,EWAS-specific
cg03828109,EWAS-specific
cg03856723,EWAS-specific
cg03869448,EWAS-specific
cg03878515,EWAS-specific
cg03891929,EWAS-specific
cg03907855,EWAS-specific
cg03915752,EWAS-specific
cg03930474,EWAS-specific
cg03940848,EWAS-specific
cg03964233,EWAS-specific
cg03979258,EWAS-specific
cg03987648,EWAS-specific
cg04002454,EWAS-specific
cg04011173,EWAS-specific
cg04020944,EWAS-specific
cg04034685,EWAS-specific
cg04073840,EWAS-specific
cg04077141,EWAS-specific
cg04082769,EWAS-specific
cg04084348,EWAS-specific
cg04089887,EWAS-specific
cg04098194,EWAS-specific
cg04108706,EWAS-specific
cg04111344,EWAS-specific
cg04117375,EWAS-specific
cg04135372,EWAS-specific
cg04144222,EWAS-specific
cg04144533,EWAS-specific
cg04149578,EWAS-specific
cg04164415,EWAS-specific
cg04173992,EWAS-specific
cg04175833,EWAS-specific
cg04177287,EWAS-specific
cg04201253,EWAS-specific
cg04211309,EWAS-specific
cg04226276,EWAS-specific
cg04236786,EWAS-specific
cg04276005,EWAS-specific
cg04301738,EWAS-specific
cg04307083,EWAS-specific
cg04330597,EWAS-specific
cg04396112,EWAS-specific
cg04400940,EWAS-specific
cg04424721,EWAS-specific
cg04434593,EWAS-specific
cg04437966,EWAS-specific
cg04447756,EWAS-specific
cg04476764,EWAS-specific
cg04508379,EWAS-specific
cg04558973,EWAS-specific
cg04594378,EWAS-specific
cg04598420,EWAS-specific
cg04599946,EWAS-specific
cg04617936,EWAS-specific
cg04626721,EWAS-specific
cg04657000,EWAS-specific
cg04671742,EWAS-specific
cg04678315,EWAS-specific
cg04681525,EWAS-specific
cg04703867,EWAS-specific
cg04706995,EWAS-specific
cg04707074,EWAS-specific
cg04707408,EWAS-specific
cg04722675,EWAS-specific
cg04724866,EWAS-specific
cg04798796,EWAS-specific
cg04798919,EWAS-specific
cg04799210,EWAS-specific
cg04800394,EWAS-specific
cg04806887,EWAS-specific
cg04815713,EWAS-specific
cg04839706,EWAS-specific
cg04842472,EWAS-specific
cg04886672,EWAS-specific
cg04908960,EWAS-specific
cg04920385,EWAS-specific
cg04923875,EWAS-specific
cg04935109,EWAS-specific
cg04958252,EWAS-specific
cg04964845,EWAS-specific
cg04970064,EWAS-specific
cg04972459,EWAS-specific
cg04975227,EWAS-specific
cg04986015,EWAS-specific
cg04988487,EWAS-specific
cg04990420,EWAS-specific
cg04991805,EWAS-specific
cg05004818,EWAS-specific
cg05028555,EWAS-specific
cg05068156,EWAS-specific
cg05073568,EWAS-specific
cg05112070,EWAS-specific
cg05114606,EWAS-specific
cg05131646,EWAS-specific
cg05150697,EWAS-specific
cg05162523,EWAS-specific
cg05170711,EWAS-specific
cg05177590,EWAS-specific
cg05207068,EWAS-specific
cg05231509,EWAS-specific
cg05245319,EWAS-specific
cg05267955,EWAS-specific
cg05271255,EWAS-specific
cg05290695,EWAS-specific
cg05294455,EWAS-specific
cg05302531,EWAS-specific
cg05315321,EWAS-specific
cg05334032,EWAS-specific
cg05337387,EWAS-specific
cg05350036,EWAS-specific
cg05371791,EWAS-specific
cg05372549,EWAS-specific
cg05391884,EWAS-specific
cg05413199,EWAS-specific
cg05448715,EWAS-specific
cg05451722,EWAS-specific
cg05462339,EWAS-specific
cg05471484,EWAS-specific
cg05489143,EWAS-specific
cg05491001,EWAS-specific
cg05492502,EWAS-specific
cg05502478,EWAS-specific
cg05514680,EWAS-specific
cg05524767,EWAS-specific
cg05538980,EWAS-specific
cg05551003,EWAS-specific
cg05573412,EWAS-specific
cg05591126,EWAS-specific
cg05594356,EWAS-specific
cg05640533,EWAS-specific
cg05655281,EWAS-specific
cg05656364,EWAS-specific
cg05661093,EWAS-specific
cg05662664,EWAS-specific
cg05664352,EWAS-specific
cg05670865,EWAS-specific
cg05714732,EWAS-specific
cg05721476,EWAS-specific
cg05737007,EWAS-specific
cg05755779,EWAS-specific
cg05760053,EWAS-specific
cg05809890,EWAS-specific
cg05812269,EWAS-specific
cg05844977,EWAS-specific
cg05860723,EWAS-specific
cg05909475,EWAS-specific
cg05909891,EWAS-specific
cg05932042,EWAS-specific
cg05945608,EWAS-specific
cg05945984,EWAS-specific
cg05955675,EWAS-specific
cg05956452,EWAS-specific
cg05970768,EWAS-specific
cg05973455,EWAS-specific
cg05994690,EWAS-specific
cg05999364,EWAS-specific
cg06000732,EWAS-specific
cg06010459,EWAS-specific
cg06031011,EWAS-specific
cg06034255,EWAS-specific
cg06035600,EWAS-specific
cg06037631,EWAS-specific
cg06038864,EWAS-specific
cg06050495,EWAS-specific
cg06059147,EWAS-specific
cg06062378,EWAS-specific
cg06077741,EWAS-specific
cg06088324,EWAS-specific
cg06100368,EWAS-specific
cg06114556,EWAS-specific
cg06126721,EWAS-specific
cg06134471,EWAS-specific
cg06203976,EWAS-specific
cg06210447,EWAS-specific
cg06210783,EWAS-specific
cg06271067,EWAS-specific
cg06283052,EWAS-specific
cg06296169,EWAS-specific
cg06320175,EWAS-specific
cg06350853,EWAS-specific
cg06353720,EWAS-specific
cg06359931,EWAS-specific
cg06374185,EWAS-specific
cg06379435,EWAS-specific
cg06382344,EWAS-specific
cg06425881,EWAS-specific
cg06454226,EWAS-specific
cg06454983,EWAS-specific
cg06456031,EWAS-specific
cg06477423,EWAS-specific
cg06486124,EWAS-specific
cg06533700,EWAS-specific
cg06550951,EWAS-specific
cg06585907,EWAS-specific
cg06601266,EWAS-specific
cg06604146,EWAS-specific
cg06633543,EWAS-specific
cg06664254,EWAS-specific
cg06673651,EWAS-specific
cg06691343,EWAS-specific
cg06697339,EWAS-specific
cg06720048,EWAS-specific
cg06727233,EWAS-specific
cg06731865,EWAS-specific
cg06766636,EWAS-specific
cg06783429,EWAS-specific
cg06787622,EWAS-specific
cg06789500,EWAS-specific
cg06793849,EWAS-specific
cg06812309,EWAS-specific
cg06826039,EWAS-specific
cg06839213,EWAS-specific
cg06839424,EWAS-specific
cg06856687,EWAS-specific
cg06875179,EWAS-specific
cg06876053,EWAS-specific
cg06884352,EWAS-specific
cg06895436,EWAS-specific
cg06896044,EWAS-specific
cg06917727,EWAS-specific
cg06944758,EWAS-specific
cg06961086,EWAS-specific
cg06979342,EWAS-specific
cg07009284,EWAS-specific
cg07011778,EWAS-specific
cg07017135,EWAS-specific
cg07025274,EWAS-specific
cg07060074,EWAS-specific
cg07072463,EWAS-specific
cg07077507,EWAS-specific
cg07093324,EWAS-specific
cg07097184,EWAS-specific
cg07097725,EWAS-specific
cg07101208,EWAS-specific
cg07105891,EWAS-specific
cg07136646,EWAS-specific
cg07137955,EWAS-specific
cg07139527,EWAS-specific
cg07151443,EWAS-specific
cg07161061,EWAS-specific
cg07164581,EWAS-specific
cg07177860,EWAS-specific
cg07190450,EWAS-specific
cg07209550,EWAS-specific
cg07209987,EWAS-specific
cg07211292,EWAS-specific
cg07215298,EWAS-specific
cg07225641,EWAS-specific
cg07232711,EWAS-specific
cg07243405,EWAS-specific
cg07249224,EWAS-specific
cg07254055,EWAS-specific
cg07280593,EWAS-specific
cg07288476,EWAS-specific
cg07296835,EWAS-specific
cg07300534,EWAS-specific
cg07342108,EWAS-specific
cg07342322,EWAS-specific
cg07363543,EWAS-specific
cg07364927,EWAS-specific
cg07368127,EWAS-specific
cg07379703,EWAS-specific
cg07382998,EWAS-specific
cg07392740,EWAS-specific
cg07395000,EWAS-specific
cg07414097,EWAS-specific
cg07421287,EWAS-specific
cg07445246,EWAS-specific
cg07450698,EWAS-specific
cg07488141,EWAS-specific
cg07505515,EWAS-specific
cg07505932,EWAS-specific
cg07524505,EWAS-specific
cg07563611,EWAS-specific
cg07564233,EWAS-specific
cg07568314,EWAS-specific
cg07568588,EWAS-specific
cg07574896,EWAS-specific
cg07576135,EWAS-specific
cg07577121,EWAS-specific
cg07583756,EWAS-specific
cg07591620,EWAS-specific
cg07596065,EWAS-specific
cg07613391,EWAS-specific
cg07622687,EWAS-specific
cg07631309,EWAS-specific
cg07696514,EWAS-specific
cg07710971,EWAS-specific
cg07723659,EWAS-specific
cg07729537,EWAS-specific
cg07730329,EWAS-specific
cg07759162,EWAS-specific
cg07781701,EWAS-specific
cg07789792,EWAS-specific
cg07789940,EWAS-specific
cg07793207,EWAS-specific
cg07814318,EWAS-specific
cg07830103,EWAS-specific
cg07860673,EWAS-specific
cg07861968,EWAS-specific
cg07864189,EWAS-specific
cg07866001,EWAS-specific
cg07866131,EWAS-specific
cg07895576,EWAS-specific
cg07897659,EWAS-specific
cg07905054,EWAS-specific
cg07920376,EWAS-specific
cg07972322,EWAS-specific
cg07985890,EWAS-specific
cg08024992,EWAS-specific
cg08036172,EWAS-specific
cg08036764,EWAS-specific
cg08062273,EWAS-specific
cg08082788,EWAS-specific
cg08122070,EWAS-specific
cg08165960,EWAS-specific
cg08166729,EWAS-specific
cg08167846,EWAS-specific
cg08201451,EWAS-specific
cg08202836,EWAS-specific
cg08229360,EWAS-specific
cg08255475,EWAS-specific
cg08262162,EWAS-specific
cg08263361,EWAS-specific
cg08266772,EWAS-specific
cg08271318,EWAS-specific
cg08287334,EWAS-specific
cg08291487,EWAS-specific
cg08291506,EWAS-specific
cg08308801,EWAS-specific
cg08314208,EWAS-specific
cg08318365,EWAS-specific
cg08333606,EWAS-specific
cg08338216,EWAS-specific
cg08340453,EWAS-specific
cg08341278,EWAS-specific
cg08342763,EWAS-specific
cg08344081,EWAS-specific
cg08351019,EWAS-specific
cg08352774,EWAS-specific
cg08376828,EWAS-specific
cg08377398,EWAS-specific
cg08395904,EWAS-specific
cg08398005,EWAS-specific
cg08415592,EWAS-specific
cg08439930,EWAS-specific
cg08456281,EWAS-specific
cg08458637,EWAS-specific
cg08466082,EWAS-specific
cg08521677,EWAS-specific
cg08540622,EWAS-specific
cg08583277,EWAS-specific
cg08586216,EWAS-specific
cg08602214,EWAS-specific
cg08618173,EWAS-specific
cg08622923,EWAS-specific
cg08648047,EWAS-specific
cg08659179,EWAS-specific
cg08663890,EWAS-specific
cg08675092,EWAS-specific
cg08680048,EWAS-specific
cg08695337,EWAS-specific
cg08696931,EWAS-specific
cg08701134,EWAS-specific
cg08715431,EWAS-specific
cg08734988,EWAS-specific
cg08766211,EWAS-specific
cg08780166,EWAS-specific
cg08799997,EWAS-specific
cg08802482,EWAS-specific
cg08808615,EWAS-specific
cg08818207,EWAS-specific
cg08824221,EWAS-specific
cg08829841,EWAS-specific
cg08832745,EWAS-specific
cg08835221,EWAS-specific
cg08839186,EWAS-specific
cg08840665,EWAS-specific
cg08844325,EWAS-specific
cg08846272,EWAS-specific
cg08917022,EWAS-specific
cg08937102,EWAS-specific
cg08971859,EWAS-specific
cg08979136,EWAS-specific
cg09030187,EWAS-specific
cg09047884,EWAS-specific
cg09094964,EWAS-specific
cg09102329,EWAS-specific
cg09119776,EWAS-specific
cg09127325,EWAS-specific
cg09129976,EWAS-specific
cg09165441,EWAS-specific
cg09174690,EWAS-specific
cg09187338,EWAS-specific
cg09198200,EWAS-specific
cg09207077,EWAS-specific
cg09212610,EWAS-specific
cg09259797,EWAS-specific
cg09264065,EWAS-specific
cg09274826,EWAS-specific
cg09275602,EWAS-specific
cg09293816,EWAS-specific
cg09304381,EWAS-specific
cg09307985,EWAS-specific
cg09360044,EWAS-specific
cg09362047,EWAS-specific
cg09386420,EWAS-specific
cg09402314,EWAS-specific
cg09416521,EWAS-specific
cg09417683,EWAS-specific
cg09419444,EWAS-specific
cg09421083,EWAS-specific
cg09424348,EWAS-specific
cg09425926,EWAS-specific
cg09432775,EWAS-specific
cg09435861,EWAS-specific
cg09440788,EWAS-specific
cg09489567,EWAS-specific
cg09508362,EWAS-specific
cg09523472,EWAS-specific
cg09539239,EWAS-specific
cg09583024,EWAS-specific
cg09610286,EWAS-specific
cg09610766,EWAS-specific
cg09614956,EWAS-specific
cg09635667,EWAS-specific
cg09642408,EWAS-specific
cg09674867,EWAS-specific
cg09676484,EWAS-specific
cg09703123,EWAS-specific
cg09728393,EWAS-specific
cg09735579,EWAS-specific
cg09749225,EWAS-specific
cg09755939,EWAS-specific
cg09756109,EWAS-specific
cg09783253,EWAS-specific
cg09803764,EWAS-specific
cg09811393,EWAS-specific
cg09820673,EWAS-specific
cg09827902,EWAS-specific
cg09853936,EWAS-specific
cg09856611,EWAS-specific
cg09887867,EWAS-specific
cg09937039,EWAS-specific
cg09960724,EWAS-specific
cg09965939,EWAS-specific
cg09970590,EWAS-specific
cg09970593,EWAS-specific
cg09990481,EWAS-specific
cg10040131,EWAS-specific
cg10057295,EWAS-specific
cg10071595,EWAS-specific
cg10071824,EWAS-specific
cg10088320,EWAS-specific
cg10090158,EWAS-specific
cg10090861,EWAS-specific
cg10094238,EWAS-specific
cg10095247,EWAS-specific
cg10127415,EWAS-specific
cg10132348,EWAS-specific
cg10138352,EWAS-specific
cg10158280,EWAS-specific
cg10161638,EWAS-specific
cg10163377,EWAS-specific
cg10177154,EWAS-specific
cg10196532,EWAS-specific
cg10201671,EWAS-specific
cg10207362,EWAS-specific
cg10207510,EWAS-specific
cg10259701,EWAS-specific
cg10274108,EWAS-specific
cg10293542,EWAS-specific
cg10300814,EWAS-specific
cg10309609,EWAS-specific
cg10311417,EWAS-specific
cg10317175,EWAS-specific
cg10318678,EWAS-specific
cg10335543,EWAS-specific
cg10356767,EWAS-specific
cg10359157,EWAS-specific
cg10377921,EWAS-specific
cg10381888,EWAS-specific
cg10402417,EWAS-specific
cg10435928,EWAS-specific
cg10441628,EWAS-specific
cg10453419,EWAS-specific
cg10460033,EWAS-specific
cg10471544,EWAS-specific
cg10475489,EWAS-specific
cg10503298,EWAS-specific
cg10506318,EWAS-specific
cg10513943,EWAS-specific
cg10517281,EWAS-specific
cg10540679,EWAS-specific
cg10586672,EWAS-specific
cg10588135,EWAS-specific
cg10600534,EWAS-specific
cg10626896,EWAS-specific
cg10661769,EWAS-specific
cg10666909,EWAS-specific
cg10667970,EWAS-specific
cg10674805,EWAS-specific
cg10688500,EWAS-specific
cg10713839,EWAS-specific
cg10744200,EWAS-specific
cg10745498,EWAS-specific
cg10771851,EWAS-specific
cg10843210,EWAS-specific
cg10861333,EWAS-specific
cg10867947,EWAS-specific
cg10878998,EWAS-specific
cg10898310,EWAS-specific
cg10923838,EWAS-specific
cg10959999,EWAS-specific
cg10961486,EWAS-specific
cg10976218,EWAS-specific
cg10977734,EWAS-specific
cg10981907,EWAS-specific
cg11013714,EWAS-specific
cg11059873,EWAS-specific
cg11060943,EWAS-specific
cg11076902,EWAS-specific
cg11079619,EWAS-specific
cg11084020,EWAS-specific
cg11089595,EWAS-specific
cg11108890,EWAS-specific
cg11109966,EWAS-specific
cg11118778,EWAS-specific
cg11133895,EWAS-specific
cg11148817,EWAS-specific
cg11155784,EWAS-specific
cg11172682,EWAS-specific
cg11185991,EWAS-specific
cg11202345,EWAS-specific
cg11204444,EWAS-specific
cg11211259,EWAS-specific
cg11229543,EWAS-specific
cg11234688,EWAS-specific
cg11237207,EWAS-specific
cg11254522,EWAS-specific
cg11304383,EWAS-specific
cg11311053,EWAS-specific
cg11317254,EWAS-specific
cg11321371,EWAS-specific
cg11322849,EWAS-specific
cg11336294,EWAS-specific
cg11344566,EWAS-specific
cg11381792,EWAS-specific
cg11394785,EWAS-specific
cg11397301,EWAS-specific
cg11405544,EWAS-specific
cg11423684,EWAS-specific
cg11430718,EWAS-specific
cg11439535,EWAS-specific
cg11443568,EWAS-specific
cg11461670,EWAS-specific
cg11487187,EWAS-specific
cg11511443,EWAS-specific
cg11516606,EWAS-specific
cg11541547,EWAS-specific
cg11573308,EWAS-specific
cg11577898,EWAS-specific
cg11582189,EWAS-specific
cg11593337,EWAS-specific
cg11601443,EWAS-specific
cg11604216,EWAS-specific
cg11610614,EWAS-specific
cg11611580,EWAS-specific
cg11622162,EWAS-specific
cg11702866,EWAS-specific
cg11704114,EWAS-specific
cg11711121,EWAS-specific
cg11728145,EWAS-specific
cg11742103,EWAS-specific
cg11765205,EWAS-specific
cg11782714,EWAS-specific
cg11794728,EWAS-specific
cg11801524,EWAS-specific
cg11801842,EWAS-specific
cg11806762,EWAS-specific
cg11808699,EWAS-specific
cg11809614,EWAS-specific
cg11815105,EWAS-specific
cg11839863,EWAS-specific
cg11844042,EWAS-specific
cg11856002,EWAS-specific
cg11864337,EWAS-specific
cg11864574,EWAS-specific
cg11911122,EWAS-specific
cg11912215,EWAS-specific
cg11928453,EWAS-specific
cg11946459,EWAS-specific
cg11953516,EWAS-specific
cg11962640,EWAS-specific
cg11978873,EWAS-specific
cg11994630,EWAS-specific
cg12003463,EWAS-specific
cg12006375,EWAS-specific
cg12035880,EWAS-specific
cg12046677,EWAS-specific
cg12071073,EWAS-specific
cg12076543,EWAS-specific
cg12077963,EWAS-specific
cg12090003,EWAS-specific
cg12134633,EWAS-specific
cg12140000,EWAS-specific
cg12151446,EWAS-specific
cg12180613,EWAS-specific
cg12180984,EWAS-specific
cg12194055,EWAS-specific
cg12202228,EWAS-specific
cg12216054,EWAS-specific
cg12230983,EWAS-specific
cg12250761,EWAS-specific
cg12250896,EWAS-specific
cg12262070,EWAS-specific
cg12281328,EWAS-specific
cg12360123,EWAS-specific
cg12406363,EWAS-specific
cg12424646,EWAS-specific
cg12439852,EWAS-specific
cg12447398,EWAS-specific
cg12459759,EWAS-specific
cg12479705,EWAS-specific
cg12507869,EWAS-specific
cg12514734,EWAS-specific
cg12523691,EWAS-specific
cg12536279,EWAS-specific
cg12542933,EWAS-specific
cg12584394,EWAS-specific
cg12588917,EWAS-specific
cg12596243,EWAS-specific
cg12597309,EWAS-specific
cg12610917,EWAS-specific
cg12616484,EWAS-specific
cg12647837,EWAS-specific
cg12663253,EWAS-specific
cg12669088,EWAS-specific
cg12682133,EWAS-specific
cg12695612,EWAS-specific
cg12703269,EWAS-specific
cg12708287,EWAS-specific
cg12717533,EWAS-specific
cg12728791,EWAS-specific
cg12738764,EWAS-specific
cg12761101,EWAS-specific
cg12776156,EWAS-specific
cg12799677,EWAS-specific
cg12804677,EWAS-specific
cg12808347,EWAS-specific
cg12820627,EWAS-specific
cg12850793,EWAS-specific
cg12885484,EWAS-specific
cg12911556,EWAS-specific
cg13008935,EWAS-specific
cg13047989,EWAS-specific
cg13075295,EWAS-specific
cg13196204,EWAS-specific
cg13208438,EWAS-specific
cg13209613,EWAS-specific
cg13213810,EWAS-specific
cg13276502,EWAS-specific
cg13278004,EWAS-specific
cg13283765,EWAS-specific
cg13287247,EWAS-specific
cg13291836,EWAS-specific
cg13296485,EWAS-specific
cg13301368,EWAS-specific
cg13314778,EWAS-specific
cg13334727,EWAS-specific
cg13351621,EWAS-specific
cg13354046,EWAS-specific
cg13363748,EWAS-specific
cg13365524,EWAS-specific
cg13371705,EWAS-specific
cg13376143,EWAS-specific
cg13377102,EWAS-specific
cg13382516,EWAS-specific
cg13470462,EWAS-specific
cg13527735,EWAS-specific
cg13528463,EWAS-specific
cg13537237,EWAS-specific
cg13545909,EWAS-specific
cg13554018,EWAS-specific
cg13559409,EWAS-specific
cg13599131,EWAS-specific
cg13618741,EWAS-specific
cg13631852,EWAS-specific
cg13633497,EWAS-specific
cg13653153,EWAS-specific
cg13681468,EWAS-specific
cg13683219,EWAS-specific
cg13690588,EWAS-specific
cg13694664,EWAS-specific
cg13716323,EWAS-specific
cg13725803,EWAS-specific
cg13740185,EWAS-specific
cg13758054,EWAS-specific
cg13758780,EWAS-specific
cg13772055,EWAS-specific
cg13778519,EWAS-specific
cg13783764,EWAS-specific
cg13789457,EWAS-specific
cg13803071,EWAS-specific
cg13817265,EWAS-specific
cg13818830,EWAS-specific
cg13840174,EWAS-specific
cg13852093,EWAS-specific
cg13852536,EWAS-specific
cg13860281,EWAS-specific
cg13872326,EWAS-specific
cg13875133,EWAS-specific
cg13880565,EWAS-specific
cg13885043,EWAS-specific
cg13888226,EWAS-specific
cg13889508,EWAS-specific
cg13894444,EWAS-specific
cg13897222,EWAS-specific
cg13928759,EWAS-specific
cg13929065,EWAS-specific
cg13941474,EWAS-specific
cg13965612,EWAS-specific
cg13981545,EWAS-specific
cg13996003,EWAS-specific
cg13998369,EWAS-specific
cg13998890,EWAS-specific
cg13999330,EWAS-specific
cg14004161,EWAS-specific
cg14022778,EWAS-specific
cg14087413,EWAS-specific
cg14088282,EWAS-specific
cg14097568,EWAS-specific
cg14098737,EWAS-specific
cg14099685,EWAS-specific
cg14108978,EWAS-specific
cg14117874,EWAS-specific
cg14149492,EWAS-specific
cg14157947,EWAS-specific
cg14176942,EWAS-specific
cg14222879,EWAS-specific
cg14230238,EWAS-specific
cg14237069,EWAS-specific
cg14266436,EWAS-specific
cg14282050,EWAS-specific
cg14285050,EWAS-specific
cg14299883,EWAS-specific
cg14330078,EWAS-specific
cg14352298,EWAS-specific
cg14397820,EWAS-specific
cg14418633,EWAS-specific
cg14421582,EWAS-specific
cg14440640,EWAS-specific
cg14453949,EWAS-specific
cg14459059,EWAS-specific
cg14460195,EWAS-specific
cg14470792,EWAS-specific
cg14475966,EWAS-specific
cg14496799,EWAS-specific
cg14507146,EWAS-specific
cg14523734,EWAS-specific
cg14533595,EWAS-specific
cg14535274,EWAS-specific
cg14584961,EWAS-specific
cg14591805,EWAS-specific
cg14600824,EWAS-specific
cg14606286,EWAS-specific
cg14606858,EWAS-specific
cg14618634,EWAS-specific
cg14621053,EWAS-specific
cg14679780,EWAS-specific
cg14699253,EWAS-specific
cg14707886,EWAS-specific
cg14708360,EWAS-specific
cg14733936,EWAS-specific
cg14743748,EWAS-specific
cg14777509,EWAS-specific
cg14789818,EWAS-specific
cg14793596,EWAS-specific
cg14802355,EWAS-specific
cg14811030,EWAS-specific
cg14837148,EWAS-specific
cg14838970,EWAS-specific
cg14857024,EWAS-specific
cg14862260,EWAS-specific
cg14876586,EWAS-specific
cg14878471,EWAS-specific
cg14904363,EWAS-specific
cg14913610,EWAS-specific
cg14924176,EWAS-specific
cg14926093,EWAS-specific
cg14992101,EWAS-specific
cg15022354,EWAS-specific
cg15059548,EWAS-specific
cg15068180,EWAS-specific
cg15080939,EWAS-specific
cg15086474,EWAS-specific
cg15109449,EWAS-specific
cg15141853,EWAS-specific
cg15145767,EWAS-specific
cg15171063,EWAS-specific
cg15177195,EWAS-specific
cg15203566,EWAS-specific
cg15212712,EWAS-specific
cg15249119,EWAS-specific
cg15269516,EWAS-specific
cg15282709,EWAS-specific
cg15283950,EWAS-specific
cg15293063,EWAS-specific
cg15293582,EWAS-specific
cg15310583,EWAS-specific
cg15331332,EWAS-specific
cg15359390,EWAS-specific
cg15375424,EWAS-specific
cg15383520,EWAS-specific
cg15416877,EWAS-specific
cg15424989,EWAS-specific
cg15436606,EWAS-specific
cg15454374,EWAS-specific
cg15478767,EWAS-specific
cg15482882,EWAS-specific
cg15529509,EWAS-specific
cg15584221,EWAS-specific
cg15602298,EWAS-specific
cg15640503,EWAS-specific
cg15653209,EWAS-specific
cg15657686,EWAS-specific
cg15660517,EWAS-specific
cg15687138,EWAS-specific
cg15701237,EWAS-specific
cg15701713,EWAS-specific
cg15712974,EWAS-specific
cg15727252,EWAS-specific
cg15733007,EWAS-specific
cg15748555,EWAS-specific
cg15755265,EWAS-specific
cg15827101,EWAS-specific
cg15838142,EWAS-specific
cg15839431,EWAS-specific
cg15856454,EWAS-specific
cg15892784,EWAS-specific
cg15899032,EWAS-specific
cg15905656,EWAS-specific
cg15909933,EWAS-specific
cg15911612,EWAS-specific
cg15935121,EWAS-specific
cg15941159,EWAS-specific
cg15946571,EWAS-specific
cg15951188,EWAS-specific
cg15955522,EWAS-specific
cg15956273,EWAS-specific
cg15991104,EWAS-specific
cg16017979,EWAS-specific
cg16018921,EWAS-specific
cg16034168,EWAS-specific
cg16042943,EWAS-specific
cg16046375,EWAS-specific
cg16079958,EWAS-specific
cg16080958,EWAS-specific
cg16090330,EWAS-specific
cg16112226,EWAS-specific
cg16118678,EWAS-specific
cg16120196,EWAS-specific
cg16122628,EWAS-specific
cg16130600,EWAS-specific
cg16170708,EWAS-specific
cg16198723,EWAS-specific
cg16204205,EWAS-specific
cg16234907,EWAS-specific
cg16248515,EWAS-specific
cg16257029,EWAS-specific
cg16278877,EWAS-specific
cg16296829,EWAS-specific
cg16317947,EWAS-specific
cg16323491,EWAS-specific
cg16345114,EWAS-specific
cg16357353,EWAS-specific
cg16358565,EWAS-specific
cg16363985,EWAS-specific
cg16379513,EWAS-specific
cg16383109,EWAS-specific
cg16393935,EWAS-specific
cg16454495,EWAS-specific
cg16488953,EWAS-specific
cg16497018,EWAS-specific
cg16508600,EWAS-specific
cg16511985,EWAS-specific
cg16514214,EWAS-specific
cg16515974,EWAS-specific
cg16549644,EWAS-specific
cg16553297,EWAS-specific
cg16562724,EWAS-specific
cg16581738,EWAS-specific
cg16602097,EWAS-specific
cg16608636,EWAS-specific
cg16630369,EWAS-specific
cg16641055,EWAS-specific
cg16649298,EWAS-specific
cg16651780,EWAS-specific
cg16657924,EWAS-specific
cg16663142,EWAS-specific
cg16745033,EWAS-specific
cg16755833,EWAS-specific
cg16809806,EWAS-specific
cg16824584,EWAS-specific
cg16830479,EWAS-specific
cg16873684,EWAS-specific
cg16880424,EWAS-specific
cg16887264,EWAS-specific
cg16907101,EWAS-specific
cg16907934,EWAS-specific
cg16908740,EWAS-specific
cg16929775,EWAS-specific
cg16946439,EWAS-specific
cg17031198,EWAS-specific
cg17041511,EWAS-specific
cg17042439,EWAS-specific
cg17073859,EWAS-specific
cg17099889,EWAS-specific
cg17102674,EWAS-specific
cg17107156,EWAS-specific
cg17108958,EWAS-specific
cg17134153,EWAS-specific
cg17152465,EWAS-specific
cg17156491,EWAS-specific
cg17164954,EWAS-specific
cg17168630,EWAS-specific
cg17182817,EWAS-specific
cg17187559,EWAS-specific
cg17289222,EWAS-specific
cg17301902,EWAS-specific
cg17316966,EWAS-specific
cg17332198,EWAS-specific
cg17338146,EWAS-specific
cg17347389,EWAS-specific
cg17384889,EWAS-specific
cg17417291,EWAS-specific
cg17446339,EWAS-specific
cg17449235,EWAS-specific
cg17455088,EWAS-specific
cg17475456,EWAS-specific
cg17477578,EWAS-specific
cg17499826,EWAS-specific
cg17537466,EWAS-specific
cg17550566,EWAS-specific
cg17564205,EWAS-specific
cg17565478,EWAS-specific
cg17626301,EWAS-specific
cg17628867,EWAS-specific
cg17631184,EWAS-specific
cg17641904,EWAS-specific
cg17654419,EWAS-specific
cg17686236,EWAS-specific
cg17711870,EWAS-specific
cg17712224,EWAS-specific
cg17717866,EWAS-specific
cg17717972,EWAS-specific
cg17718074,EWAS-specific
cg17719360,EWAS-specific
cg17730048,EWAS-specific
cg17758048,EWAS-specific
cg17782848,EWAS-specific
cg17793286,EWAS-specific
cg17798192,EWAS-specific
cg17805068,EWAS-specific
cg17806482,EWAS-specific
cg17827017,EWAS-specific
cg17839721,EWAS-specific
cg17849128,EWAS-specific
cg17859502,EWAS-specific
cg17864091,EWAS-specific
cg17890828,EWAS-specific
cg17941579,EWAS-specific
cg17943672,EWAS-specific
cg17973115,EWAS-specific
cg17991206,EWAS-specific
cg17999319,EWAS-specific
cg18021393,EWAS-specific
cg18033416,EWAS-specific
cg18048217,EWAS-specific
cg18067644,EWAS-specific
cg18081863,EWAS-specific
cg18086521,EWAS-specific
cg18109537,EWAS-specific
cg18112681,EWAS-specific
cg18122501,EWAS-specific
cg18125510,EWAS-specific
cg18147280,EWAS-specific
cg18151345,EWAS-specific
cg18156686,EWAS-specific
cg18167466,EWAS-specific
cg18226478,EWAS-specific
cg18234224,EWAS-specific
cg18240814,EWAS-specific
cg18247239,EWAS-specific
cg18257574,EWAS-specific
cg18269493,EWAS-specific
cg18285492,EWAS-specific
cg18285819,EWAS-specific
cg18286080,EWAS-specific
cg18297960,EWAS-specific
cg18321423,EWAS-specific
cg18333041,EWAS-specific
cg18361185,EWAS-specific
cg18375610,EWAS-specific
cg18378551,EWAS-specific
cg18395935,EWAS-specific
cg18397073,EWAS-specific
cg18403852,EWAS-specific
cg18404513,EWAS-specific
cg18413237,EWAS-specific
cg18440230,EWAS-specific
cg18455390,EWAS-specific
cg18457438,EWAS-specific
cg18479798,EWAS-specific
cg18516619,EWAS-specific
cg18561976,EWAS-specific
cg18599081,EWAS-specific
cg18616908,EWAS-specific
cg18625627,EWAS-specific
cg18625916,EWAS-specific
cg18630748,EWAS-specific
cg18636558,EWAS-specific
cg18676803,EWAS-specific
cg18731055,EWAS-specific
cg18752854,EWAS-specific
cg18794473,EWAS-specific
cg18795116,EWAS-specific
cg18813177,EWAS-specific
cg18816996,EWAS-specific
cg18817900,EWAS-specific
cg18817970,EWAS-specific
cg18825221,EWAS-specific
cg18838431,EWAS-specific
cg18850728,EWAS-specific
cg18851100,EWAS-specific
cg18855356,EWAS-specific
cg18867653,EWAS-specific
cg18892169,EWAS-specific
cg18921764,EWAS-specific
cg18925726,EWAS-specific
cg18932798,EWAS-specific
cg19002131,EWAS-specific
cg19005319,EWAS-specific
cg19023977,EWAS-specific
cg19057882,EWAS-specific
cg19075506,EWAS-specific
cg19086124,EWAS-specific
cg19092837,EWAS-specific
cg19104032,EWAS-specific
cg19118533,EWAS-specific
cg19133903,EWAS-specific
cg19171161,EWAS-specific
cg19248557,EWAS-specific
cg19270827,EWAS-specific
cg19273883,EWAS-specific
cg19280586,EWAS-specific
cg19294448,EWAS-specific
cg19313408,EWAS-specific
cg19335437,EWAS-specific
cg19339179,EWAS-specific
cg19375810,EWAS-specific
cg19381766,EWAS-specific
cg19381792,EWAS-specific
cg19383430,EWAS-specific
cg19403943,EWAS-specific
cg19428722,EWAS-specific
cg19449286,EWAS-specific
cg19456540,EWAS-specific
cg19459094,EWAS-specific
cg19464524,EWAS-specific
cg19478983,EWAS-specific
cg19492446,EWAS-specific
cg19497031,EWAS-specific
cg19497523,EWAS-specific
cg19518672,EWAS-specific
cg19586702,EWAS-specific
cg19589427,EWAS-specific
cg19611193,EWAS-specific
cg19630681,EWAS-specific
cg19702771,EWAS-specific
cg19707735,EWAS-specific
cg19716125,EWAS-specific
cg19717216,EWAS-specific
cg19720265,EWAS-specific
cg19754208,EWAS-specific
cg19791637,EWAS-specific
cg19793809,EWAS-specific
cg19815327,EWAS-specific
cg19827923,EWAS-specific
cg19837124,EWAS-specific
cg19856606,EWAS-specific
cg19896591,EWAS-specific
cg19923650,EWAS-specific
cg19927816,EWAS-specific
cg19955849,EWAS-specific
cg19966212,EWAS-specific
cg19979643,EWAS-specific
cg19998289,EWAS-specific
cg19999682,EWAS-specific
cg20000847,EWAS-specific
cg20006825,EWAS-specific
cg20051292,EWAS-specific
cg20052079,EWAS-specific
cg20089077,EWAS-specific
cg20092736,EWAS-specific
cg20141549,EWAS-specific
cg20173011,EWAS-specific
cg20177285,EWAS-specific
cg20215769,EWAS-specific
cg20238978,EWAS-specific
cg20304750,EWAS-specific
cg20339843,EWAS-specific
cg20384325,EWAS-specific
cg20392616,EWAS-specific
cg20410995,EWAS-specific
cg20432384,EWAS-specific
cg20446824,EWAS-specific
cg20447568,EWAS-specific
cg20460166,EWAS-specific
cg20464151,EWAS-specific
cg20464884,EWAS-specific
cg20471927,EWAS-specific
cg20495009,EWAS-specific
cg20495333,EWAS-specific
cg20549080,EWAS-specific
cg20606759,EWAS-specific
cg20651453,EWAS-specific
cg20652822,EWAS-specific
cg20669292,EWAS-specific
cg20671781,EWAS-specific
cg20674014,EWAS-specific
cg20699586,EWAS-specific
cg20707774,EWAS-specific
cg20722637,EWAS-specific
cg20724257,EWAS-specific
cg20768122,EWAS-specific
cg20790056,EWAS-specific
cg20835659,EWAS-specific
cg20848441,EWAS-specific
cg20901684,EWAS-specific
cg20927242,EWAS-specific
cg20929545,EWAS-specific
cg20981615,EWAS-specific
cg21050416,EWAS-specific
cg21114390,EWAS-specific
cg21119375,EWAS-specific
cg21131343,EWAS-specific
cg21133433,EWAS-specific
cg21142398,EWAS-specific
cg21170041,EWAS-specific
cg21181562,EWAS-specific
cg21182694,EWAS-specific
cg21186263,EWAS-specific
cg21199093,EWAS-specific
cg21204530,EWAS-specific
cg21215767,EWAS-specific
cg21223094,EWAS-specific
cg21223341,EWAS-specific
cg21223983,EWAS-specific
cg21245652,EWAS-specific
cg21309379,EWAS-specific
cg21325802,EWAS-specific
cg21328779,EWAS-specific
cg21356535,EWAS-specific
cg21357247,EWAS-specific
cg21369812,EWAS-specific
cg21370856,EWAS-specific
cg21370924,EWAS-specific
cg21373145,EWAS-specific
cg21380024,EWAS-specific
cg21382567,EWAS-specific
cg21384854,EWAS-specific
cg21384857,EWAS-specific
cg21405929,EWAS-specific
cg21413797,EWAS-specific
cg21441507,EWAS-specific
cg21452188,EWAS-specific
cg21474062,EWAS-specific
cg21478967,EWAS-specific
cg21494132,EWAS-specific
cg21500354,EWAS-specific
cg21504624,EWAS-specific
cg21518151,EWAS-specific
cg21533897,EWAS-specific
cg21538450,EWAS-specific
cg21566635,EWAS-specific
cg21618273,EWAS-specific
cg21633052,EWAS-specific
cg21634993,EWAS-specific
cg21637392,EWAS-specific
cg21684411,EWAS-specific
cg21715751,EWAS-specific
cg21719492,EWAS-specific
cg21762820,EWAS-specific
cg21770436,EWAS-specific
cg21773162,EWAS-specific
cg21796430,EWAS-specific
cg21805118,EWAS-specific
cg21805179,EWAS-specific
cg21807522,EWAS-specific
cg21815063,EWAS-specific
cg21817668,EWAS-specific
cg21819129,EWAS-specific
cg21831183,EWAS-specific
cg21840908,EWAS-specific
cg21848981,EWAS-specific
cg21854895,EWAS-specific
cg21862081,EWAS-specific
cg21869027,EWAS-specific
cg21874005,EWAS-specific
cg21890646,EWAS-specific
cg21915799,EWAS-specific
cg21944234,EWAS-specific
cg21957813,EWAS-specific
cg21963925,EWAS-specific
cg21982420,EWAS-specific
cg22016649,EWAS-specific
cg22068044,EWAS-specific
cg22083335,EWAS-specific
cg22102703,EWAS-specific
cg22110158,EWAS-specific
cg22175624,EWAS-specific
cg22212250,EWAS-specific
cg22235821,EWAS-specific
cg22258045,EWAS-specific
cg22260016,EWAS-specific
cg22281505,EWAS-specific
cg22311200,EWAS-specific
cg22329743,EWAS-specific
cg22347370,EWAS-specific
cg22384395,EWAS-specific
cg22385702,EWAS-specific
cg22389871,EWAS-specific
cg22420044,EWAS-specific
cg22427797,EWAS-specific
cg22450927,EWAS-specific
cg22479226,EWAS-specific
cg22494725,EWAS-specific
cg22545168,EWAS-specific
cg22551145,EWAS-specific
cg22561727,EWAS-specific
cg22580629,EWAS-specific
cg22618405,EWAS-specific
cg22620363,EWAS-specific
cg22678092,EWAS-specific
cg22681001,EWAS-specific
cg22689904,EWAS-specific
cg22700246,EWAS-specific
cg22704780,EWAS-specific
cg22716234,EWAS-specific
cg22729539,EWAS-specific
cg22731763,EWAS-specific
cg22735419,EWAS-specific
cg22761077,EWAS-specific
cg22777249,EWAS-specific
cg22790257,EWAS-specific
cg22805381,EWAS-specific
cg22810423,EWAS-specific
cg22827986,EWAS-specific
cg22846109,EWAS-specific
cg22846914,EWAS-specific
cg22862319,EWAS-specific
cg22864500,EWAS-specific
cg22871227,EWAS-specific
cg22875872,EWAS-specific
cg22931002,EWAS-specific
cg22970357,EWAS-specific
cg22975695,EWAS-specific
cg22995449,EWAS-specific
cg23014747,EWAS-specific
cg23016129,EWAS-specific
cg23026754,EWAS-specific
cg23028721,EWAS-specific
cg23036668,EWAS-specific
cg23043205,EWAS-specific
cg23045908,EWAS-specific
cg23081855,EWAS-specific
cg23087153,EWAS-specific
cg23090632,EWAS-specific
cg23105338,EWAS-specific
cg23110471,EWAS-specific
cg23126152,EWAS-specific
cg23156348,EWAS-specific
cg23174148,EWAS-specific
cg23225748,EWAS-specific
cg23243038,EWAS-specific
cg23253961,EWAS-specific
cg23254045,EWAS-specific
cg23280294,EWAS-specific
cg23303685,EWAS-specific
cg23308047,EWAS-specific
cg23331238,EWAS-specific
cg23389023,EWAS-specific
cg23391785,EWAS-specific
cg23425280,EWAS-specific
cg23427362,EWAS-specific
cg23446939,EWAS-specific
cg23481246,EWAS-specific
cg23528488,EWAS-specific
cg23529699,EWAS-specific
cg23550704,EWAS-specific
cg23554164,EWAS-specific
cg23572944,EWAS-specific
cg23575603,EWAS-specific
cg23586138,EWAS-specific
cg23663547,EWAS-specific
cg23695504,EWAS-specific
cg23723410,EWAS-specific
cg23752198,EWAS-specific
cg23759554,EWAS-specific
cg23795633,EWAS-specific
cg23797411,EWAS-specific
cg23807559,EWAS-specific
cg23813257,EWAS-specific
cg23845009,EWAS-specific
cg23896514,EWAS-specific
cg23897083,EWAS-specific
cg23898827,EWAS-specific
cg23908488,EWAS-specific
cg23923934,EWAS-specific
cg23925540,EWAS-specific
cg23989110,EWAS-specific
cg24086040,EWAS-specific
cg24107852,EWAS-specific
cg24108508,EWAS-specific
cg24111025,EWAS-specific
cg24129356,EWAS-specific
cg24141382,EWAS-specific
cg24172986,EWAS-specific
cg24178897,EWAS-specific
cg24185397,EWAS-specific
cg24192846,EWAS-specific
cg24250902,EWAS-specific
cg24307587,EWAS-specific
cg24309962,EWAS-specific
cg24311643,EWAS-specific
cg24315421,EWAS-specific
cg24316949,EWAS-specific
cg24317086,EWAS-specific
cg24324584,EWAS-specific
cg24327307,EWAS-specific
cg24337818,EWAS-specific
cg24357849,EWAS-specific
cg24358467,EWAS-specific
cg24389730,EWAS-specific
cg24393844,EWAS-specific
cg24401049,EWAS-specific
cg24409566,EWAS-specific
cg24424219,EWAS-specific
cg24436264,EWAS-specific
cg24449091,EWAS-specific
cg24458300,EWAS-specific
cg24461063,EWAS-specific
cg24476033,EWAS-specific
cg24478129,EWAS-specific
cg24480859,EWAS-specific
cg24494577,EWAS-specific
cg24506394,EWAS-specific
cg24516139,EWAS-specific
cg24536529,EWAS-specific
cg24554839,EWAS-specific
cg24561348,EWAS-specific
cg24601480,EWAS-specific
cg24611970,EWAS-specific
cg24620797,EWAS-specific
cg24645447,EWAS-specific
cg24662789,EWAS-specific
cg24680586,EWAS-specific
cg24699021,EWAS-specific
cg24701267,EWAS-specific
cg24704177,EWAS-specific
cg24713940,EWAS-specific
cg24743155,EWAS-specific
cg24766109,EWAS-specific
cg24770798,EWAS-specific
cg24783499,EWAS-specific
cg24786875,EWAS-specific
cg24808280,EWAS-specific
cg24826527,EWAS-specific
cg24865110,EWAS-specific
cg24877616,EWAS-specific
cg24900244,EWAS-specific
cg24939194,EWAS-specific
cg24945552,EWAS-specific
cg24965502,EWAS-specific
cg24973591,EWAS-specific
cg24979203,EWAS-specific
cg24980551,EWAS-specific
cg24999973,EWAS-specific
cg25006194,EWAS-specific
cg25024734,EWAS-specific
cg25033076,EWAS-specific
cg25084101,EWAS-specific
cg25098660,EWAS-specific
cg25101225,EWAS-specific
cg25112877,EWAS-specific
cg25140385,EWAS-specific
cg25148674,EWAS-specific
cg25178683,EWAS-specific
cg25208291,EWAS-specific
cg25232795,EWAS-specific
cg25248415,EWAS-specific
cg25268422,EWAS-specific
cg25268718,EWAS-specific
cg25286579,EWAS-specific
cg25291698,EWAS-specific
cg25317313,EWAS-specific
cg25325322,EWAS-specific
cg25334215,EWAS-specific
cg25350986,EWAS-specific
cg25352940,EWAS-specific
cg25356393,EWAS-specific
cg25368651,EWAS-specific
cg25385322,EWAS-specific
cg25442022,EWAS-specific
cg25444386,EWAS-specific
cg25447717,EWAS-specific
cg25456477,EWAS-specific
cg25476243,EWAS-specific
cg25487405,EWAS-specific
cg25507803,EWAS-specific
cg25561140,EWAS-specific
cg25561875,EWAS-specific
cg25586410,EWAS-specific
cg25607920,EWAS-specific
cg25621182,EWAS-specific
cg25625968,EWAS-specific
cg25636441,EWAS-specific
cg25636833,EWAS-specific
cg25662041,EWAS-specific
cg25685510,EWAS-specific
cg25693769,EWAS-specific
cg25708982,EWAS-specific
cg25720825,EWAS-specific
cg25727520,EWAS-specific
cg25727952,EWAS-specific
cg25749341,EWAS-specific
cg25751732,EWAS-specific
cg25771113,EWAS-specific
cg25776440,EWAS-specific
cg25779127,EWAS-specific
cg25782682,EWAS-specific
cg25821781,EWAS-specific
cg25845992,EWAS-specific
cg25872855,EWAS-specific
cg25930161,EWAS-specific
cg25946605,EWAS-specific
cg25948031,EWAS-specific
cg25956483,EWAS-specific
cg25959527,EWAS-specific
cg25970120,EWAS-specific
cg26001125,EWAS-specific
cg26016074,EWAS-specific
cg26034375,EWAS-specific
cg26038589,EWAS-specific
cg26067096,EWAS-specific
cg26069562,EWAS-specific
cg26075830,EWAS-specific
cg26089007,EWAS-specific
cg26119731,EWAS-specific
cg26144629,EWAS-specific
cg26171871,EWAS-specific
cg26180015,EWAS-specific
cg26189983,EWAS-specific
cg26193427,EWAS-specific
cg26205175,EWAS-specific
cg26218577,EWAS-specific
cg26220725,EWAS-specific
cg26258399,EWAS-specific
cg26262232,EWAS-specific
cg26306994,EWAS-specific
cg26309511,EWAS-specific
cg26321644,EWAS-specific
cg26330088,EWAS-specific
cg26333564,EWAS-specific
cg26337312,EWAS-specific
cg26342078,EWAS-specific
cg26349416,EWAS-specific
cg26364903,EWAS-specific
cg26380116,EWAS-specific
cg26385126,EWAS-specific
cg26403241,EWAS-specific
cg26501450,EWAS-specific
cg26514942,EWAS-specific
cg26542302,EWAS-specific
cg26544201,EWAS-specific
cg26548134,EWAS-specific
cg26567249,EWAS-specific
cg26612409,EWAS-specific
cg26628476,EWAS-specific
cg26630171,EWAS-specific
cg26636054,EWAS-specific
cg26640077,EWAS-specific
cg26651784,EWAS-specific
cg26665246,EWAS-specific
cg26668747,EWAS-specific
cg26671873,EWAS-specific
cg26675664,EWAS-specific
cg26705574,EWAS-specific
cg26720913,EWAS-specific
cg26724070,EWAS-specific
cg26808747,EWAS-specific
cg26821540,EWAS-specific
cg26824216,EWAS-specific
cg26838949,EWAS-specific
cg26846943,EWAS-specific
cg26921612,EWAS-specific
cg26927232,EWAS-specific
cg26932693,EWAS-specific
cg26938118,EWAS-specific
cg26944526,EWAS-specific
cg26950514,EWAS-specific
cg26980692,EWAS-specific
cg26993102,EWAS-specific
cg26994484,EWAS-specific
cg27004760,EWAS-specific
cg27007717,EWAS-specific
cg27015773,EWAS-specific
cg27027478,EWAS-specific
cg27036462,EWAS-specific
cg27044455,EWAS-specific
cg27044986,EWAS-specific
cg27048639,EWAS-specific
cg27051129,EWAS-specific
cg27096477,EWAS-specific
cg27110206,EWAS-specific
cg27119612,EWAS-specific
cg27121661,EWAS-specific
cg27123256,EWAS-specific
cg27129755,EWAS-specific
cg27135788,EWAS-specific
cg27138390,EWAS-specific
cg27152661,EWAS-specific
cg27154627,EWAS-specific
cg27161550,EWAS-specific
cg27162435,EWAS-specific
cg27175509,EWAS-specific
cg27179041,EWAS-specific
cg27183113,EWAS-specific
cg27214030,EWAS-specific
cg27217742,EWAS-specific
cg27228272,EWAS-specific
cg27243624,EWAS-specific
cg27260174,EWAS-specific
cg27284331,EWAS-specific
cg27291710,EWAS-specific
cg27295434,EWAS-specific
cg27312961,EWAS-specific
cg27353308,EWAS-specific
cg27383562,EWAS-specific
cg27405626,EWAS-specific
cg27407935,EWAS-specific
cg27415032,EWAS-specific
cg27417294,EWAS-specific
cg27424995,EWAS-specific
cg27431877,EWAS-specific
cg27433395,EWAS-specific
cg27457284,EWAS-specific
cg27482619,EWAS-specific
cg27506210,EWAS-specific
cg27508960,EWAS-specific
cg27514105,EWAS-specific
cg27518993,EWAS-specific
cg27519145,EWAS-specific
cg27529346,EWAS-specific
cg27553890,EWAS-specific
cg27572927,EWAS-specific
cg27573344,EWAS-specific
cg27583671,EWAS-specific
cg27590407,EWAS-specific
cg27592331,EWAS-specific
cg27604620,EWAS-specific
cg27608032,EWAS-specific
cg27622610,EWAS-specific
cg27628849,EWAS-specific
cg27641628,EWAS-specific
cg27645228,EWAS-specific
cg27645858,EWAS-specific
cg27647370,EWAS-specific
cg27650171,EWAS-specific
cg27665823,EWAS-specific
cg00169897,Common
cg00231875,Common
cg00251610,Common
cg00252149,Common
cg00437360,Common
cg00507477,Common
cg00674395,Common
cg00689534,Common
cg00850996,Common
cg00908813,Common
cg01103207,Common
cg01128736,Common
cg01156844,Common
cg01171706,Common
cg01229943,Common
cg01246617,Common
cg01247693,Common
cg01315201,Common
cg01388565,Common
cg01389506,Common
cg01447350,Common
cg01604480,Common
cg01612656,Common
cg02155048,Common
cg02169859,Common
cg02196651,Common
cg02237875,Common
cg02389084,Common
cg02474195,Common
cg02560380,Common
cg02711147,Common
cg02745636,Common
cg02753187,Common
cg02776664,Common
cg02849956,Common
cg03093897,Common
cg03159396,Common
cg03185144,Common
cg03239970,Common
cg03441279,Common
cg03514770,Common
cg03562044,Common
cg03613625,Common
cg03632782,Common
cg03784628,Common
cg03849851,Common
cg03861065,Common
cg04276536,Common
cg04284320,Common
cg04318855,Common
cg04471192,Common
cg04563438,Common
cg04714939,Common
cg04862289,Common
cg04904815,Common
cg04998375,Common
cg05129477,Common
cg05279291,Common
cg05305078,Common
cg05370101,Common
cg05407778,Common
cg05945425,Common
cg05964557,Common
cg06106312,Common
cg06122697,Common
cg06419432,Common
cg06467951,Common
cg06488443,Common
cg06518714,Common
cg06647928,Common
cg06653045,Common
cg06736148,Common
cg06750802,Common
cg06846898,Common
cg06898823,Common
cg07008343,Common
cg07074666,Common
cg07078732,Common
cg07143462,Common
cg07230581,Common
cg07552707,Common
cg07570723,Common
cg07586285,Common
cg07601148,Common
cg07713361,Common
cg08081259,Common
cg08179485,Common
cg08214995,Common
cg08371947,Common
cg08383160,Common
cg08450554,Common
cg08480996,Common
cg08871356,Common
cg09236323,Common
cg09428349,Common
cg09431058,Common
cg09537620,Common
cg09538401,Common
cg09558463,Common
cg09765302,Common
cg09788693,Common
cg09876683,Common
cg09967329,Common
cg09989727,Common
cg10158598,Common
cg10218000,Common
cg10350828,Common
cg10454246,Common
cg10560561,Common
cg10712476,Common
cg10721030,Common
cg10811178,Common
cg10942078,Common
cg10999670,Common
cg11050603,Common
cg11165667,Common
cg11328541,Common
cg11640008,Common
cg11716106,Common
cg11825899,Common
cg11830605,Common
cg11870561,Common
cg11958128,Common
cg12055316,Common
cg12061357,Common
cg12081372,Common
cg12221087,Common
cg12362118,Common
cg12384572,Common
cg12431891,Common
cg12476754,Common
cg12483476,Common
cg12513686,Common
cg12525707,Common
cg12661262,Common
cg12726190,Common
cg12752647,Common
cg12965553,Common
cg13009608,Common
cg13270350,Common
cg13372658,Common
cg13373085,Common
cg13402865,Common
cg13546240,Common
cg13696490,Common
cg13783238,Common
cg13796823,Common
cg14121301,Common
cg14175304,Common
cg14192573,Common
cg14228885,Common
cg14338062,Common
cg14343652,Common
cg14370595,Common
cg14424070,Common
cg14508696,Common
cg14563196,Common
cg14580443,Common
cg14612133,Common
cg14651210,Common
cg14665366,Common
cg14678430,Common
cg14780446,Common
cg14789529,Common
cg14870271,Common
cg14951497,Common
cg15190149,Common
cg15378605,Common
cg15381259,Common
cg15429629,Common
cg15439078,Common
cg15600935,Common
cg15644671,Common
cg15675184,Common
cg15715853,Common
cg15810508,Common
cg15831285,Common
cg15920669,Common
cg16065021,Common
cg16328369,Common
cg16404157,Common
cg16465882,Common
cg16471167,Common
cg16485800,Common
cg16508627,Common
cg16539433,Common
cg16704797,Common
cg16724720,Common
cg16768018,Common
cg16796458,Common
cg16843243,Common
cg16978168,Common
cg17084937,Common
cg17373442,Common
cg17504641,Common
cg17508816,Common
cg17545805,Common
cg17763019,Common
cg17801765,Common
cg17933226,Common
cg17940268,Common
cg17970176,Common
cg18117347,Common
cg18175779,Common
cg18352710,Common
cg18411237,Common
cg18592964,Common
cg18721420,Common
cg19319037,Common
cg19516279,Common
cg19585100,Common
cg19588016,Common
cg19664290,Common
cg19861486,Common
cg20065905,Common
cg20122586,Common
cg20138458,Common
cg20198242,Common
cg20229734,Common
cg20778071,Common
cg20817661,Common
cg20995564,Common
cg21216944,Common
cg21304833,Common
cg21443143,Common
cg21500064,Common
cg21531300,Common
cg21642988,Common
cg21859053,Common
cg22122098,Common
cg22185977,Common
cg22335261,Common
cg22352818,Common
cg22366375,Common
cg22382854,Common
cg22473620,Common
cg22629111,Common
cg22758834,Common
cg22874188,Common
cg22908616,Common
cg23083424,Common
cg23100365,Common
cg23206160,Common
cg23211535,Common
cg23254163,Common
cg23356310,Common
cg23391288,Common
cg23522194,Common
cg23610994,Common
cg23652172,Common
cg23695131,Common
cg23730027,Common
cg23843022,Common
cg23931381,Common
cg23973162,Common
cg24033558,Common
cg24067118,Common
cg24154839,Common
cg24174232,Common
cg24234651,Common
cg24251448,Common
cg24328095,Common
cg24346659,Common
cg24530116,Common
cg24753988,Common
cg25254910,Common
cg25357825,Common
cg25369262,Common
cg25423573,Common
cg25444339,Common
cg25453797,Common
cg25570522,Common
cg25821783,Common
cg25848339,Common
cg25884711,Common
cg25951981,Common
cg26302190,Common
cg26354221,Common
cg26436579,Common
cg26640424,Common
cg26661785,Common
cg26814835,Common
cg26839871,Common
cg26904406,Common
cg27079194,Common
cg27106909,Common
cg27137887,Common
cg27412093,Common
cg27418434,Common
cg27443693,Common
cg27518240,Common
cg00007644,haEWAS-specific
cg00011924,haEWAS-specific
cg00016934,haEWAS-specific
cg00029246,haEWAS-specific
cg00033490,haEWAS-specific
cg00045607,haEWAS-specific
cg00050294,haEWAS-specific
cg00050336,haEWAS-specific
cg00056578,haEWAS-specific
cg00057667,haEWAS-specific
cg00058786,haEWAS-specific
cg00061185,haEWAS-specific
cg00081799,haEWAS-specific
cg00099427,haEWAS-specific
cg00113675,haEWAS-specific
cg00123055,haEWAS-specific
cg00146805,haEWAS-specific
cg00146951,haEWAS-specific
cg00152008,haEWAS-specific
cg00152768,haEWAS-specific
cg00168967,haEWAS-specific
cg00170236,haEWAS-specific
cg00172849,haEWAS-specific
cg00178897,haEWAS-specific
cg00181834,haEWAS-specific
cg00189389,haEWAS-specific
cg00193613,haEWAS-specific
cg00203463,haEWAS-specific
cg00206356,haEWAS-specific
cg00209038,haEWAS-specific
cg00210538,haEWAS-specific
cg00215432,haEWAS-specific
cg00221650,haEWAS-specific
cg00227584,haEWAS-specific
cg00228689,haEWAS-specific
cg00231644,haEWAS-specific
cg00255799,haEWAS-specific
cg00257455,haEWAS-specific
cg00258976,haEWAS-specific
cg00288327,haEWAS-specific
cg00290974,haEWAS-specific
cg00297584,haEWAS-specific
cg00311654,haEWAS-specific
cg00311984,haEWAS-specific
cg00321638,haEWAS-specific
cg00324366,haEWAS-specific
cg00330170,haEWAS-specific
cg00333843,haEWAS-specific
cg00346266,haEWAS-specific
cg00360794,haEWAS-specific
cg00368356,haEWAS-specific
cg00369658,haEWAS-specific
cg00390259,haEWAS-specific
cg00418216,haEWAS-specific
cg00418999,haEWAS-specific
cg00442646,haEWAS-specific
cg00459623,haEWAS-specific
cg00459816,haEWAS-specific
cg00465319,haEWAS-specific
cg00478064,haEWAS-specific
cg00480115,haEWAS-specific
cg00485312,haEWAS-specific
cg00491180,haEWAS-specific
cg00498591,haEWAS-specific
cg00499707,haEWAS-specific
cg00500705,haEWAS-specific
cg00505045,haEWAS-specific
cg00506862,haEWAS-specific
cg00510447,haEWAS-specific
cg00514609,haEWAS-specific
cg00546491,haEWAS-specific
cg00552087,haEWAS-specific
cg00554631,haEWAS-specific
cg00559845,haEWAS-specific
cg00565412,haEWAS-specific
cg00574742,haEWAS-specific
cg00575005,haEWAS-specific
cg00589251,haEWAS-specific
cg00594300,haEWAS-specific
cg00595086,haEWAS-specific
cg00619126,haEWAS-specific
cg00636427,haEWAS-specific
cg00641632,haEWAS-specific
cg00651488,haEWAS-specific
cg00662556,haEWAS-specific
cg00665420,haEWAS-specific
cg00697703,haEWAS-specific
cg00701571,haEWAS-specific
cg00707317,haEWAS-specific
cg00708678,haEWAS-specific
cg00718336,haEWAS-specific
cg00718513,haEWAS-specific
cg00719685,haEWAS-specific
cg00734904,haEWAS-specific
cg00735923,haEWAS-specific
cg00736299,haEWAS-specific
cg00739667,haEWAS-specific
cg00745389,haEWAS-specific
cg00750684,haEWAS-specific
cg00753442,haEWAS-specific
cg00766729,haEWAS-specific
cg00785738,haEWAS-specific
cg00791406,haEWAS-specific
cg00793591,haEWAS-specific
cg00794881,haEWAS-specific
cg00800229,haEWAS-specific
cg00800512,haEWAS-specific
cg00812438,haEWAS-specific
cg00812833,haEWAS-specific
cg00817367,haEWAS-specific
cg00824018,haEWAS-specific
cg00827893,haEWAS-specific
cg00832555,haEWAS-specific
cg00839844,haEWAS-specific
cg00848728,haEWAS-specific
cg00874051,haEWAS-specific
cg00874581,haEWAS-specific
cg00875636,haEWAS-specific
cg00883493,haEWAS-specific
cg00892804,haEWAS-specific
cg00909706,haEWAS-specific
cg00912772,haEWAS-specific
cg00913032,haEWAS-specific
cg00918944,haEWAS-specific
cg00920139,haEWAS-specific
cg00921350,haEWAS-specific
cg00924622,haEWAS-specific
cg00941836,haEWAS-specific
cg00950856,haEWAS-specific
cg00952162,haEWAS-specific
cg00952576,haEWAS-specific
cg00960138,haEWAS-specific
cg00968536,haEWAS-specific
cg00970396,haEWAS-specific
cg00988129,haEWAS-specific
cg01008117,haEWAS-specific
cg01032119,haEWAS-specific
cg01033160,haEWAS-specific
cg01046104,haEWAS-specific
cg01047555,haEWAS-specific
cg01064363,haEWAS-specific
cg01069043,haEWAS-specific
cg01071159,haEWAS-specific
cg01072076,haEWAS-specific
cg01077469,haEWAS-specific
cg01088528,haEWAS-specific
cg01091156,haEWAS-specific
cg01093138,haEWAS-specific
cg01097872,haEWAS-specific
cg01101903,haEWAS-specific
cg01106338,haEWAS-specific
cg01109219,haEWAS-specific
cg01110955,haEWAS-specific
cg01116021,haEWAS-specific
cg01117384,haEWAS-specific
cg01123035,haEWAS-specific
cg01129641,haEWAS-specific
cg01131866,haEWAS-specific
cg01135546,haEWAS-specific
cg01135780,haEWAS-specific
cg01139031,haEWAS-specific
cg01142317,haEWAS-specific
cg01142710,haEWAS-specific
cg01144592,haEWAS-specific
cg01152073,haEWAS-specific
cg01172419,haEWAS-specific
cg01185921,haEWAS-specific
cg01187920,haEWAS-specific
cg01203588,haEWAS-specific
cg01222298,haEWAS-specific
cg01232492,haEWAS-specific
cg01233306,haEWAS-specific
cg01236166,haEWAS-specific
cg01239922,haEWAS-specific
cg01241450,haEWAS-specific
cg01255509,haEWAS-specific
cg01266390,haEWAS-specific
cg01269191,haEWAS-specific
cg01271455,haEWAS-specific
cg01289965,haEWAS-specific
cg01292299,haEWAS-specific
cg01296889,haEWAS-specific
cg01315919,haEWAS-specific
cg01342746,haEWAS-specific
cg01343729,haEWAS-specific
cg01344813,haEWAS-specific
cg01349368,haEWAS-specific
cg01349489,haEWAS-specific
cg01357292,haEWAS-specific
cg01371799,haEWAS-specific
cg01380747,haEWAS-specific
cg01382864,haEWAS-specific
cg01385157,haEWAS-specific
cg01395402,haEWAS-specific
cg01398050,haEWAS-specific
cg01407062,haEWAS-specific
cg01410801,haEWAS-specific
cg01419831,haEWAS-specific
cg01441699,haEWAS-specific
cg01442200,haEWAS-specific
cg01445580,haEWAS-specific
cg01447112,haEWAS-specific
cg01448544,haEWAS-specific
cg01467882,haEWAS-specific
cg01468193,haEWAS-specific
cg01471428,haEWAS-specific
cg01477473,haEWAS-specific
cg01486558,haEWAS-specific
cg01493685,haEWAS-specific
cg01513538,haEWAS-specific
cg01518279,haEWAS-specific
cg01519261,haEWAS-specific
cg01532284,haEWAS-specific
cg01534808,haEWAS-specific
cg01537995,haEWAS-specific
cg01544777,haEWAS-specific
cg01549227,haEWAS-specific
cg01557330,haEWAS-specific
cg01557792,haEWAS-specific
cg01567051,haEWAS-specific
cg01567634,haEWAS-specific
cg01571169,haEWAS-specific
cg01574673,haEWAS-specific
cg01583131,haEWAS-specific
cg01588475,haEWAS-specific
cg01602001,haEWAS-specific
cg01606029,haEWAS-specific
cg01609214,haEWAS-specific
cg01624414,haEWAS-specific
cg01636582,haEWAS-specific
cg01663469,haEWAS-specific
cg01664925,haEWAS-specific
cg01668008,haEWAS-specific
cg01681098,haEWAS-specific
cg01686553,haEWAS-specific
cg01688536,haEWAS-specific
cg01688776,haEWAS-specific
cg01692757,haEWAS-specific
cg01699217,haEWAS-specific
cg01702225,haEWAS-specific
cg01705587,haEWAS-specific
cg01706991,haEWAS-specific
cg01714284,haEWAS-specific
cg01723606,haEWAS-specific
cg01741038,haEWAS-specific
cg01745789,haEWAS-specific
cg01747969,haEWAS-specific
cg01750157,haEWAS-specific
cg01757116,haEWAS-specific
cg01763051,haEWAS-specific
cg01763692,haEWAS-specific
cg01764198,haEWAS-specific
cg01774019,haEWAS-specific
cg01782486,haEWAS-specific
cg01794853,haEWAS-specific
cg01795694,haEWAS-specific
cg01797899,haEWAS-specific
cg01798375,haEWAS-specific
cg01808969,haEWAS-specific
cg01821088,haEWAS-specific
cg01830294,haEWAS-specific
cg01833417,haEWAS-specific
cg01836137,haEWAS-specific
cg01855010,haEWAS-specific
cg01855245,haEWAS-specific
cg01866431,haEWAS-specific
cg01874730,haEWAS-specific
cg01881590,haEWAS-specific
cg01896341,haEWAS-specific
cg01901101,haEWAS-specific
cg01901579,haEWAS-specific
cg01921432,haEWAS-specific
cg01924435,haEWAS-specific
cg01925156,haEWAS-specific
cg01927000,haEWAS-specific
cg01939477,haEWAS-specific
cg01950665,haEWAS-specific
cg01957384,haEWAS-specific
cg01966117,haEWAS-specific
cg01972751,haEWAS-specific
cg01981762,haEWAS-specific
cg01988285,haEWAS-specific
cg01994205,haEWAS-specific
cg01994275,haEWAS-specific
cg01995743,haEWAS-specific
cg02010342,haEWAS-specific
cg02010682,haEWAS-specific
cg02010763,haEWAS-specific
cg02011476,haEWAS-specific
cg02020675,haEWAS-specific
cg02029926,haEWAS-specific
cg02043105,haEWAS-specific
cg02045745,haEWAS-specific
cg02054108,haEWAS-specific
cg02069390,haEWAS-specific
cg02072400,haEWAS-specific
cg02073224,haEWAS-specific
cg02073304,haEWAS-specific
cg02075324,haEWAS-specific
cg02078758,haEWAS-specific
cg02082083,haEWAS-specific
cg02082642,haEWAS-specific
cg02085942,haEWAS-specific
cg02101773,haEWAS-specific
cg02108796,haEWAS-specific
cg02113449,haEWAS-specific
cg02118564,haEWAS-specific
cg02119577,haEWAS-specific
cg02131870,haEWAS-specific
cg02144647,haEWAS-specific
cg02147194,haEWAS-specific
cg02147980,haEWAS-specific
cg02150135,haEWAS-specific
cg02152351,haEWAS-specific
cg02152631,haEWAS-specific
cg02152992,haEWAS-specific
cg02156680,haEWAS-specific
cg02157467,haEWAS-specific
cg02164046,haEWAS-specific
cg02172150,haEWAS-specific
cg02177231,haEWAS-specific
cg02182795,haEWAS-specific
cg02186782,haEWAS-specific
cg02187522,haEWAS-specific
cg02216727,haEWAS-specific
cg02216731,haEWAS-specific
cg02223905,haEWAS-specific
cg02237342,haEWAS-specific
cg02237629,haEWAS-specific
cg02239968,haEWAS-specific
cg02240622,haEWAS-specific
cg02257700,haEWAS-specific
cg02260098,haEWAS-specific
cg02261294,haEWAS-specific
cg02291472,haEWAS-specific
cg02292042,haEWAS-specific
cg02293775,haEWAS-specific
cg02297967,haEWAS-specific
cg02300154,haEWAS-specific
cg02304092,haEWAS-specific
cg02313589,haEWAS-specific
cg02324291,haEWAS-specific
cg02338778,haEWAS-specific
cg02340083,haEWAS-specific
cg02343275,haEWAS-specific
cg02344497,haEWAS-specific
cg02347002,haEWAS-specific
cg02366100,haEWAS-specific
cg02371464,haEWAS-specific
cg02379427,haEWAS-specific
cg02384859,haEWAS-specific
cg02387326,haEWAS-specific
cg02392124,haEWAS-specific
cg02392634,haEWAS-specific
cg02397768,haEWAS-specific
cg02401454,haEWAS-specific
cg02409815,haEWAS-specific
cg02453146,haEWAS-specific
cg02454476,haEWAS-specific
cg02455615,haEWAS-specific
cg02456406,haEWAS-specific
cg02456804,haEWAS-specific
cg02464093,haEWAS-specific
cg02467956,haEWAS-specific
cg02467990,haEWAS-specific
cg02468627,haEWAS-specific
cg02487026,haEWAS-specific
cg02493644,haEWAS-specific
cg02501166,haEWAS-specific
cg02521750,haEWAS-specific
cg02532577,haEWAS-specific
cg02539882,haEWAS-specific
cg02550950,haEWAS-specific
cg02566157,haEWAS-specific
cg02566789,haEWAS-specific
cg02571055,haEWAS-specific
cg02574861,haEWAS-specific
cg02576468,haEWAS-specific
cg02582355,haEWAS-specific
cg02586730,haEWAS-specific
cg02593932,haEWAS-specific
cg02617428,haEWAS-specific
cg02618061,haEWAS-specific
cg02633817,haEWAS-specific
cg02639366,haEWAS-specific
cg02643667,haEWAS-specific
cg02644510,haEWAS-specific
cg02661258,haEWAS-specific
cg02674324,haEWAS-specific
cg02676052,haEWAS-specific
cg02680086,haEWAS-specific
cg02680669,haEWAS-specific
cg02689640,haEWAS-specific
cg02693910,haEWAS-specific
cg02694099,haEWAS-specific
cg02698770,haEWAS-specific
cg02700891,haEWAS-specific
cg02732202,haEWAS-specific
cg02735446,haEWAS-specific
cg02742906,haEWAS-specific
cg02744216,haEWAS-specific
cg02747319,haEWAS-specific
cg02748419,haEWAS-specific
cg02760445,haEWAS-specific
cg02769781,haEWAS-specific
cg02792792,haEWAS-specific
cg02800810,haEWAS-specific
cg02801786,haEWAS-specific
cg02805810,haEWAS-specific
cg02811222,haEWAS-specific
cg02816525,haEWAS-specific
cg02834311,haEWAS-specific
cg02840199,haEWAS-specific
cg02841844,haEWAS-specific
cg02874376,haEWAS-specific
cg02874908,haEWAS-specific
cg02878244,haEWAS-specific
cg02903822,haEWAS-specific
cg02909688,haEWAS-specific
cg02914422,haEWAS-specific
cg02926298,haEWAS-specific
cg02928365,haEWAS-specific
cg02947498,haEWAS-specific
cg02959112,haEWAS-specific
cg02962499,haEWAS-specific
cg02962944,haEWAS-specific
cg02966841,haEWAS-specific
cg02968276,haEWAS-specific
cg02970384,haEWAS-specific
cg02974898,haEWAS-specific
cg02998206,haEWAS-specific
cg03002688,haEWAS-specific
cg03004126,haEWAS-specific
cg03007511,haEWAS-specific
cg03011535,haEWAS-specific
cg03016975,haEWAS-specific
cg03032053,haEWAS-specific
cg03038245,haEWAS-specific
cg03044249,haEWAS-specific
cg03054713,haEWAS-specific
cg03096732,haEWAS-specific
cg03106413,haEWAS-specific
cg03130910,haEWAS-specific
cg03133408,haEWAS-specific
cg03139204,haEWAS-specific
cg03160135,haEWAS-specific
cg03165378,haEWAS-specific
cg03167883,haEWAS-specific
cg03177042,haEWAS-specific
cg03196485,haEWAS-specific
cg03199564,haEWAS-specific
cg03205103,haEWAS-specific
cg03210464,haEWAS-specific
cg03215714,haEWAS-specific
cg03223734,haEWAS-specific
cg03224627,haEWAS-specific
cg03227184,haEWAS-specific
cg03233885,haEWAS-specific
cg03234732,haEWAS-specific
cg03242265,haEWAS-specific
cg03242666,haEWAS-specific
cg03243902,haEWAS-specific
cg03245590,haEWAS-specific
cg03261408,haEWAS-specific
cg03262627,haEWAS-specific
cg03276022,haEWAS-specific
cg03293976,haEWAS-specific
cg03297163,haEWAS-specific
cg03301200,haEWAS-specific
cg03303633,haEWAS-specific
cg03311274,haEWAS-specific
cg03315432,haEWAS-specific
cg03328299,haEWAS-specific
cg03356900,haEWAS-specific
cg03359362,haEWAS-specific
cg03363743,haEWAS-specific
cg03367757,haEWAS-specific
cg03384318,haEWAS-specific
cg03413328,haEWAS-specific
cg03413465,haEWAS-specific
cg03419151,haEWAS-specific
cg03420670,haEWAS-specific
cg03425110,haEWAS-specific
cg03458344,haEWAS-specific
cg03460001,haEWAS-specific
cg03461430,haEWAS-specific
cg03486485,haEWAS-specific
cg03495773,haEWAS-specific
cg03524083,haEWAS-specific
cg03525467,haEWAS-specific
cg03536664,haEWAS-specific
cg03541587,haEWAS-specific
cg03553587,haEWAS-specific
cg03559682,haEWAS-specific
cg03564201,haEWAS-specific
cg03565659,haEWAS-specific
cg03582419,haEWAS-specific
cg03589898,haEWAS-specific
cg03602823,haEWAS-specific
cg03606772,haEWAS-specific
cg03614193,haEWAS-specific
cg03629926,haEWAS-specific
cg03661164,haEWAS-specific
cg03665078,haEWAS-specific
cg03667091,haEWAS-specific
cg03668556,haEWAS-specific
cg03681057,haEWAS-specific
cg03699566,haEWAS-specific
cg03701759,haEWAS-specific
cg03709663,haEWAS-specific
cg03722185,haEWAS-specific
cg03723510,haEWAS-specific
cg03726532,haEWAS-specific
cg03731458,haEWAS-specific
cg03738384,haEWAS-specific
cg03743675,haEWAS-specific
cg03750034,haEWAS-specific
cg03751527,haEWAS-specific
cg03757784,haEWAS-specific
cg03771739,haEWAS-specific
cg03796890,haEWAS-specific
cg03801691,haEWAS-specific
cg03803789,haEWAS-specific
cg03811533,haEWAS-specific
cg03821121,haEWAS-specific
cg03844380,haEWAS-specific
cg03853620,haEWAS-specific
cg03862854,haEWAS-specific
cg03875195,haEWAS-specific
cg03884018,haEWAS-specific
cg03885271,haEWAS-specific
cg03886192,haEWAS-specific
cg03889700,haEWAS-specific
cg03893271,haEWAS-specific
cg03893701,haEWAS-specific
cg03910557,haEWAS-specific
cg03943218,haEWAS-specific
cg03945538,haEWAS-specific
cg03950614,haEWAS-specific
cg03955375,haEWAS-specific
cg03966751,haEWAS-specific
cg03975694,haEWAS-specific
cg03982537,haEWAS-specific
cg03997145,haEWAS-specific
cg04001668,haEWAS-specific
cg04003357,haEWAS-specific
cg04006323,haEWAS-specific
cg04008888,haEWAS-specific
cg04009456,haEWAS-specific
cg04013561,haEWAS-specific
cg04014062,haEWAS-specific
cg04018288,haEWAS-specific
cg04032066,haEWAS-specific
cg04037038,haEWAS-specific
cg04046889,haEWAS-specific
cg04050898,haEWAS-specific
cg04053798,haEWAS-specific
cg04054731,haEWAS-specific
cg04055490,haEWAS-specific
cg04057858,haEWAS-specific
cg04064050,haEWAS-specific
cg04069771,haEWAS-specific
cg04074945,haEWAS-specific
cg04079215,haEWAS-specific
cg04079399,haEWAS-specific
cg04079760,haEWAS-specific
cg04105230,haEWAS-specific
cg04105760,haEWAS-specific
cg04110918,haEWAS-specific
cg04111064,haEWAS-specific
cg04118306,haEWAS-specific
cg04127342,haEWAS-specific
cg04141813,haEWAS-specific
cg04150055,haEWAS-specific
cg04158862,haEWAS-specific
cg04161294,haEWAS-specific
cg04163638,haEWAS-specific
cg04167018,haEWAS-specific
cg04168474,haEWAS-specific
cg04176888,haEWAS-specific
cg04178787,haEWAS-specific
cg04213854,haEWAS-specific
cg04222409,haEWAS-specific
cg04223548,haEWAS-specific
cg04239863,haEWAS-specific
cg04242728,haEWAS-specific
cg04244985,haEWAS-specific
cg04249541,haEWAS-specific
cg04252203,haEWAS-specific
cg04267526,haEWAS-specific
cg04273811,haEWAS-specific
cg04275947,haEWAS-specific
cg04279973,haEWAS-specific
cg04280772,haEWAS-specific
cg04281464,haEWAS-specific
cg04290171,haEWAS-specific
cg04291888,haEWAS-specific
cg04294894,haEWAS-specific
cg04321618,haEWAS-specific
cg04324666,haEWAS-specific
cg04337403,haEWAS-specific
cg04339360,haEWAS-specific
cg04343891,haEWAS-specific
cg04343971,haEWAS-specific
cg04362586,haEWAS-specific
cg04366994,haEWAS-specific
cg04377609,haEWAS-specific
cg04379738,haEWAS-specific
cg04380519,haEWAS-specific
cg04389398,haEWAS-specific
cg04398893,haEWAS-specific
cg04399108,haEWAS-specific
cg04399751,haEWAS-specific
cg04407215,haEWAS-specific
cg04414451,haEWAS-specific
cg04432594,haEWAS-specific
cg04446722,haEWAS-specific
cg04452959,haEWAS-specific
cg04455430,haEWAS-specific
cg04458139,haEWAS-specific
cg04477005,haEWAS-specific
cg04488145,haEWAS-specific
cg04493316,haEWAS-specific
cg04500909,haEWAS-specific
cg04508114,haEWAS-specific
cg04518304,haEWAS-specific
cg04525757,haEWAS-specific
cg04528445,haEWAS-specific
cg04549460,haEWAS-specific
cg04552852,haEWAS-specific
cg04561937,haEWAS-specific
cg04564515,haEWAS-specific
cg04574034,haEWAS-specific
cg04586299,haEWAS-specific
cg04599612,haEWAS-specific
cg04611203,haEWAS-specific
cg04616571,haEWAS-specific
cg04620418,haEWAS-specific
cg04621042,haEWAS-specific
cg04622802,haEWAS-specific
cg04640250,haEWAS-specific
cg04641787,haEWAS-specific
cg04652943,haEWAS-specific
cg04667664,haEWAS-specific
cg04673590,haEWAS-specific
cg04674590,haEWAS-specific
cg04684014,haEWAS-specific
cg04711162,haEWAS-specific
cg04723534,haEWAS-specific
cg04733537,haEWAS-specific
cg04738237,haEWAS-specific
cg04739647,haEWAS-specific
cg04747824,haEWAS-specific
cg04765848,haEWAS-specific
cg04766061,haEWAS-specific
cg04766136,haEWAS-specific
cg04768884,haEWAS-specific
cg04770577,haEWAS-specific
cg04791456,haEWAS-specific
cg04793813,haEWAS-specific
cg04794420,haEWAS-specific
cg04796525,haEWAS-specific
cg04805181,haEWAS-specific
cg04816013,haEWAS-specific
cg04816803,haEWAS-specific
cg04820773,haEWAS-specific
cg04830316,haEWAS-specific
cg04848570,haEWAS-specific
cg04859466,haEWAS-specific
cg04865491,haEWAS-specific
cg04874286,haEWAS-specific
cg04877287,haEWAS-specific
cg04879561,haEWAS-specific
cg04879722,haEWAS-specific
cg04889043,haEWAS-specific
cg04891053,haEWAS-specific
cg04895225,haEWAS-specific
cg04896620,haEWAS-specific
cg04900080,haEWAS-specific
cg04900186,haEWAS-specific
cg04914281,haEWAS-specific
cg04915566,haEWAS-specific
cg04917208,haEWAS-specific
cg04922810,haEWAS-specific
cg04927502,haEWAS-specific
cg04938966,haEWAS-specific
cg04945331,haEWAS-specific
cg04945634,haEWAS-specific
cg04946948,haEWAS-specific
cg04968127,haEWAS-specific
cg04972979,haEWAS-specific
cg04976324,haEWAS-specific
cg04977602,haEWAS-specific
cg04977749,haEWAS-specific
cg04984039,haEWAS-specific
cg04988978,haEWAS-specific
cg04989085,haEWAS-specific
cg04996020,haEWAS-specific
cg04996277,haEWAS-specific
cg04997045,haEWAS-specific
cg05003322,haEWAS-specific
cg05016408,haEWAS-specific
cg05021896,haEWAS-specific
cg05022306,haEWAS-specific
cg05024927,haEWAS-specific
cg05035165,haEWAS-specific
cg05048377,haEWAS-specific
cg05062333,haEWAS-specific
cg05062418,haEWAS-specific
cg05067377,haEWAS-specific
cg05068866,haEWAS-specific
cg05072547,haEWAS-specific
cg05085500,haEWAS-specific
cg05093113,haEWAS-specific
cg05095591,haEWAS-specific
cg05100419,haEWAS-specific
cg05121790,haEWAS-specific
cg05133009,haEWAS-specific
cg05138768,haEWAS-specific
cg05141709,haEWAS-specific
cg05145297,haEWAS-specific
cg05147273,haEWAS-specific
cg05162166,haEWAS-specific
cg05180560,haEWAS-specific
cg05193470,haEWAS-specific
cg05194726,haEWAS-specific
cg05196366,haEWAS-specific
cg05196969,haEWAS-specific
cg05200057,haEWAS-specific
cg05215304,haEWAS-specific
cg05227549,haEWAS-specific
cg05229649,haEWAS-specific
cg05231542,haEWAS-specific
cg05236677,haEWAS-specific
cg05241091,haEWAS-specific
cg05243438,haEWAS-specific
cg05244720,haEWAS-specific
cg05245533,haEWAS-specific
cg05248004,haEWAS-specific
cg05270535,haEWAS-specific
cg05284751,haEWAS-specific
cg05287917,haEWAS-specific
cg05290904,haEWAS-specific
cg05292404,haEWAS-specific
cg05304729,haEWAS-specific
cg05312962,haEWAS-specific
cg05329578,haEWAS-specific
cg05334416,haEWAS-specific
cg05348852,haEWAS-specific
cg05350224,haEWAS-specific
cg05358168,haEWAS-specific
cg05375728,haEWAS-specific
cg05376374,haEWAS-specific
cg05386570,haEWAS-specific
cg05387269,haEWAS-specific
cg05390307,haEWAS-specific
cg05396987,haEWAS-specific
cg05399115,haEWAS-specific
cg05399225,haEWAS-specific
cg05404847,haEWAS-specific
cg05436658,haEWAS-specific
cg05437476,haEWAS-specific
cg05439665,haEWAS-specific
cg05461841,haEWAS-specific
cg05467523,haEWAS-specific
cg05482942,haEWAS-specific
cg05489054,haEWAS-specific
cg05500734,haEWAS-specific
cg05506365,haEWAS-specific
cg05511924,haEWAS-specific
cg05516617,haEWAS-specific
cg05517791,haEWAS-specific
cg05520409,haEWAS-specific
cg05547140,haEWAS-specific
cg05571619,haEWAS-specific
cg05586701,haEWAS-specific
cg05590706,haEWAS-specific
cg05600044,haEWAS-specific
cg05610097,haEWAS-specific
cg05616550,haEWAS-specific
cg05622882,haEWAS-specific
cg05627103,haEWAS-specific
cg05633523,haEWAS-specific
cg05644223,haEWAS-specific
cg05647733,haEWAS-specific
cg05650238,haEWAS-specific
cg05654290,haEWAS-specific
cg05667311,haEWAS-specific
cg05683504,haEWAS-specific
cg05687660,haEWAS-specific
cg05688618,haEWAS-specific
cg05697274,haEWAS-specific
cg05698082,haEWAS-specific
cg05718253,haEWAS-specific
cg05721093,haEWAS-specific
cg05725148,haEWAS-specific
cg05728754,haEWAS-specific
cg05731218,haEWAS-specific
cg05731808,haEWAS-specific
cg05732750,haEWAS-specific
cg05733181,haEWAS-specific
cg05733463,haEWAS-specific
cg05736768,haEWAS-specific
cg05740157,haEWAS-specific
cg05746014,haEWAS-specific
cg05755889,haEWAS-specific
cg05756220,haEWAS-specific
cg05764691,haEWAS-specific
cg05768041,haEWAS-specific
cg05768427,haEWAS-specific
cg05768922,haEWAS-specific
cg05774614,haEWAS-specific
cg05779441,haEWAS-specific
cg05783139,haEWAS-specific
cg05796331,haEWAS-specific
cg05800416,haEWAS-specific
cg05803237,haEWAS-specific
cg05809668,haEWAS-specific
cg05813995,haEWAS-specific
cg05825928,haEWAS-specific
cg05847038,haEWAS-specific
cg05876069,haEWAS-specific
cg05885577,haEWAS-specific
cg05890855,haEWAS-specific
cg05892213,haEWAS-specific
cg05896682,haEWAS-specific
cg05901193,haEWAS-specific
cg05917460,haEWAS-specific
cg05923226,haEWAS-specific
cg05923595,haEWAS-specific
cg05924540,haEWAS-specific
cg05928362,haEWAS-specific
cg05936441,haEWAS-specific
cg05940122,haEWAS-specific
cg05945615,haEWAS-specific
cg05954780,haEWAS-specific
cg05977781,haEWAS-specific
cg05979619,haEWAS-specific
cg05997801,haEWAS-specific
cg06005396,haEWAS-specific
cg06021447,haEWAS-specific
cg06021880,haEWAS-specific
cg06024391,haEWAS-specific
cg06042608,haEWAS-specific
cg06043792,haEWAS-specific
cg06069457,haEWAS-specific
cg06080169,haEWAS-specific
cg06092654,haEWAS-specific
cg06095065,haEWAS-specific
cg06116704,haEWAS-specific
cg06118384,haEWAS-specific
cg06120945,haEWAS-specific
cg06122825,haEWAS-specific
cg06134860,haEWAS-specific
cg06147196,haEWAS-specific
cg06149034,haEWAS-specific
cg06173663,haEWAS-specific
cg06174296,haEWAS-specific
cg06177446,haEWAS-specific
cg06179011,haEWAS-specific
cg06186245,haEWAS-specific
cg06192555,haEWAS-specific
cg06200449,haEWAS-specific
cg06223926,haEWAS-specific
cg06228763,haEWAS-specific
cg06285340,haEWAS-specific
cg06301139,haEWAS-specific
cg06304401,haEWAS-specific
cg06305891,haEWAS-specific
cg06312813,haEWAS-specific
cg06316121,haEWAS-specific
cg06326493,haEWAS-specific
cg06347896,haEWAS-specific
cg06347943,haEWAS-specific
cg06358322,haEWAS-specific
cg06360427,haEWAS-specific
cg06364757,haEWAS-specific
cg06372145,haEWAS-specific
cg06372475,haEWAS-specific
cg06374748,haEWAS-specific
cg06377256,haEWAS-specific
cg06381864,haEWAS-specific
cg06392169,haEWAS-specific
cg06401532,haEWAS-specific
cg06401643,haEWAS-specific
cg06405820,haEWAS-specific
cg06422039,haEWAS-specific
cg06425919,haEWAS-specific
cg06426736,haEWAS-specific
cg06428196,haEWAS-specific
cg06431514,haEWAS-specific
cg06458171,haEWAS-specific
cg06459921,haEWAS-specific
cg06468133,haEWAS-specific
cg06479057,haEWAS-specific
cg06482428,haEWAS-specific
cg06484514,haEWAS-specific
cg06496010,haEWAS-specific
cg06498400,haEWAS-specific
cg06498720,haEWAS-specific
cg06512885,haEWAS-specific
cg06525987,haEWAS-specific
cg06530338,haEWAS-specific
cg06533798,haEWAS-specific
cg06537894,haEWAS-specific
cg06539804,haEWAS-specific
cg06544376,haEWAS-specific
cg06545490,haEWAS-specific
cg06552356,haEWAS-specific
cg06554192,haEWAS-specific
cg06555404,haEWAS-specific
cg06558014,haEWAS-specific
cg06561329,haEWAS-specific
cg06569117,haEWAS-specific
cg06595153,haEWAS-specific
cg06616051,haEWAS-specific
cg06616729,haEWAS-specific
cg06618764,haEWAS-specific
cg06621027,haEWAS-specific
cg06621373,haEWAS-specific
cg06622379,haEWAS-specific
cg06629130,haEWAS-specific
cg06633310,haEWAS-specific
cg06638787,haEWAS-specific
cg06640822,haEWAS-specific
cg06650250,haEWAS-specific
cg06655665,haEWAS-specific
cg06671450,haEWAS-specific
cg06672469,haEWAS-specific
cg06678084,haEWAS-specific
cg06687640,haEWAS-specific
cg06688989,haEWAS-specific
cg06711333,haEWAS-specific
cg06728793,haEWAS-specific
cg06730723,haEWAS-specific
cg06732395,haEWAS-specific
cg06733419,haEWAS-specific
cg06738955,haEWAS-specific
cg06740578,haEWAS-specific
cg06744585,haEWAS-specific
cg06748434,haEWAS-specific
cg06757796,haEWAS-specific
cg06762891,haEWAS-specific
cg06764804,haEWAS-specific
cg06766367,haEWAS-specific
cg06772099,haEWAS-specific
cg06789545,haEWAS-specific
cg06795527,haEWAS-specific
cg06808305,haEWAS-specific
cg06817490,haEWAS-specific
cg06818532,haEWAS-specific
cg06848060,haEWAS-specific
cg06856840,haEWAS-specific
cg06870213,haEWAS-specific
cg06871074,haEWAS-specific
cg06879508,haEWAS-specific
cg06879534,haEWAS-specific
cg06888550,haEWAS-specific
cg06889086,haEWAS-specific
cg06894687,haEWAS-specific
cg06899483,haEWAS-specific
cg06911744,haEWAS-specific
cg06913330,haEWAS-specific
cg06917325,haEWAS-specific
cg06929595,haEWAS-specific
cg06935356,haEWAS-specific
cg06936231,haEWAS-specific
cg06969527,haEWAS-specific
cg06987468,haEWAS-specific
cg06992285,haEWAS-specific
cg07004950,haEWAS-specific
cg07005444,haEWAS-specific
cg07013680,haEWAS-specific
cg07018107,haEWAS-specific
cg07023459,haEWAS-specific
cg07027457,haEWAS-specific
cg07028733,haEWAS-specific
cg07029777,haEWAS-specific
cg07047068,haEWAS-specific
cg07047570,haEWAS-specific
cg07053177,haEWAS-specific
cg07073960,haEWAS-specific
cg07084627,haEWAS-specific
cg07091529,haEWAS-specific
cg07096763,haEWAS-specific
cg07099331,haEWAS-specific
cg07101781,haEWAS-specific
cg07103517,haEWAS-specific
cg07105285,haEWAS-specific
cg07113642,haEWAS-specific
cg07117402,haEWAS-specific
cg07123132,haEWAS-specific
cg07129924,haEWAS-specific
cg07132326,haEWAS-specific
cg07138070,haEWAS-specific
cg07149296,haEWAS-specific
cg07150045,haEWAS-specific
cg07156484,haEWAS-specific
cg07160783,haEWAS-specific
cg07164722,haEWAS-specific
cg07166896,haEWAS-specific
cg07175797,haEWAS-specific
cg07178968,haEWAS-specific
cg07181843,haEWAS-specific
cg07195224,haEWAS-specific
cg07200939,haEWAS-specific
cg07207490,haEWAS-specific
cg07211140,haEWAS-specific
cg07216647,haEWAS-specific
cg07222133,haEWAS-specific
cg07229760,haEWAS-specific
cg07237979,haEWAS-specific
cg07269557,haEWAS-specific
cg07271302,haEWAS-specific
cg07283114,haEWAS-specific
cg07285673,haEWAS-specific
cg07285983,haEWAS-specific
cg07294263,haEWAS-specific
cg07299736,haEWAS-specific
cg07310500,haEWAS-specific
cg07313882,haEWAS-specific
cg07314829,haEWAS-specific
cg07317366,haEWAS-specific
cg07325893,haEWAS-specific
cg07345108,haEWAS-specific
cg07345708,haEWAS-specific
cg07349208,haEWAS-specific
cg07350501,haEWAS-specific
cg07351322,haEWAS-specific
cg07353253,haEWAS-specific
cg07353303,haEWAS-specific
cg07363330,haEWAS-specific
cg07368661,haEWAS-specific
cg07375978,haEWAS-specific
cg07389273,haEWAS-specific
cg07390459,haEWAS-specific
cg07394719,haEWAS-specific
cg07396904,haEWAS-specific
cg07402669,haEWAS-specific
cg07414961,haEWAS-specific
cg07416664,haEWAS-specific
cg07416844,haEWAS-specific
cg07464201,haEWAS-specific
cg07474269,haEWAS-specific
cg07478107,haEWAS-specific
cg07499553,haEWAS-specific
cg07503630,haEWAS-specific
cg07515367,haEWAS-specific
cg07519235,haEWAS-specific
cg07531287,haEWAS-specific
cg07546916,haEWAS-specific
cg07554626,haEWAS-specific
cg07579123,haEWAS-specific
cg07601488,haEWAS-specific
cg07602008,haEWAS-specific
cg07622493,haEWAS-specific
cg07622833,haEWAS-specific
cg07624539,haEWAS-specific
cg07636178,haEWAS-specific
cg07644571,haEWAS-specific
cg07657236,haEWAS-specific
cg07662864,haEWAS-specific
cg07675031,haEWAS-specific
cg07676145,haEWAS-specific
cg07680533,haEWAS-specific
cg07684519,haEWAS-specific
cg07697672,haEWAS-specific
cg07699978,haEWAS-specific
cg07701018,haEWAS-specific
cg07703462,haEWAS-specific
cg07713896,haEWAS-specific
cg07724670,haEWAS-specific
cg07737560,haEWAS-specific
cg07738439,haEWAS-specific
cg07744166,haEWAS-specific
cg07746514,haEWAS-specific
cg07748255,haEWAS-specific
cg07760204,haEWAS-specific
cg07765621,haEWAS-specific
cg07780095,haEWAS-specific
cg07780543,haEWAS-specific
cg07782620,haEWAS-specific
cg07783480,haEWAS-specific
cg07788092,haEWAS-specific
cg07790615,haEWAS-specific
cg07844931,haEWAS-specific
cg07850592,haEWAS-specific
cg07852557,haEWAS-specific
cg07878486,haEWAS-specific
cg07882059,haEWAS-specific
cg07891457,haEWAS-specific
cg07893801,haEWAS-specific
cg07903677,haEWAS-specific
cg07906495,haEWAS-specific
cg07916615,haEWAS-specific
cg07918174,haEWAS-specific
cg07933720,haEWAS-specific
cg07941680,haEWAS-specific
cg07941938,haEWAS-specific
cg07942932,haEWAS-specific
cg07947930,haEWAS-specific
cg07949516,haEWAS-specific
cg07951347,haEWAS-specific
cg07953015,haEWAS-specific
cg07974504,haEWAS-specific
cg07976787,haEWAS-specific
cg07980027,haEWAS-specific
cg07983394,haEWAS-specific
cg07983905,haEWAS-specific
cg07988015,haEWAS-specific
cg07991112,haEWAS-specific
cg07992143,haEWAS-specific
cg07994987,haEWAS-specific
cg07997434,haEWAS-specific
cg08000065,haEWAS-specific
cg08010546,haEWAS-specific
cg08017323,haEWAS-specific
cg08020574,haEWAS-specific
cg08031024,haEWAS-specific
cg08033845,haEWAS-specific
cg08036289,haEWAS-specific
cg08039116,haEWAS-specific
cg08044097,haEWAS-specific
cg08065231,haEWAS-specific
cg08066035,haEWAS-specific
cg08067983,haEWAS-specific
cg08070476,haEWAS-specific
cg08074851,haEWAS-specific
cg08076830,haEWAS-specific
cg08079763,haEWAS-specific
cg08089301,haEWAS-specific
cg08093055,haEWAS-specific
cg08097817,haEWAS-specific
cg08097882,haEWAS-specific
cg08107017,haEWAS-specific
cg08129084,haEWAS-specific
cg08133058,haEWAS-specific
cg08136772,haEWAS-specific
cg08142094,haEWAS-specific
cg08151612,haEWAS-specific
cg08154887,haEWAS-specific
cg08162335,haEWAS-specific
cg08172445,haEWAS-specific
cg08173915,haEWAS-specific
cg08175591,haEWAS-specific
cg08186790,haEWAS-specific
cg08187057,haEWAS-specific
cg08188069,haEWAS-specific
cg08195943,haEWAS-specific
cg08211028,haEWAS-specific
cg08215318,haEWAS-specific
cg08234256,haEWAS-specific
cg08235970,haEWAS-specific
cg08243465,haEWAS-specific
cg08244866,haEWAS-specific
cg08251037,haEWAS-specific
cg08255481,haEWAS-specific
cg08256701,haEWAS-specific
cg08274097,haEWAS-specific
cg08277679,haEWAS-specific
cg08282145,haEWAS-specific
cg08285489,haEWAS-specific
cg08287719,haEWAS-specific
cg08305551,haEWAS-specific
cg08312626,haEWAS-specific
cg08318212,haEWAS-specific
cg08320014,haEWAS-specific
cg08323651,haEWAS-specific
cg08325813,haEWAS-specific
cg08326370,haEWAS-specific
cg08330404,haEWAS-specific
cg08337959,haEWAS-specific
cg08338641,haEWAS-specific
cg08350288,haEWAS-specific
cg08351336,haEWAS-specific
cg08358983,haEWAS-specific
cg08362283,haEWAS-specific
cg08365609,haEWAS-specific
cg08390172,haEWAS-specific
cg08407114,haEWAS-specific
cg08409972,haEWAS-specific
cg08421126,haEWAS-specific
cg08425745,haEWAS-specific
cg08426800,haEWAS-specific
cg08441314,haEWAS-specific
cg08443845,haEWAS-specific
cg08452095,haEWAS-specific
cg08461425,haEWAS-specific
cg08462055,haEWAS-specific
cg08468991,haEWAS-specific
cg08478871,haEWAS-specific
cg08482501,haEWAS-specific
cg08488841,haEWAS-specific
cg08493959,haEWAS-specific
cg08494871,haEWAS-specific
cg08513547,haEWAS-specific
cg08529312,haEWAS-specific
cg08538034,haEWAS-specific
cg08540215,haEWAS-specific
cg08548315,haEWAS-specific
cg08550626,haEWAS-specific
cg08550729,haEWAS-specific
cg08553274,haEWAS-specific
cg08559989,haEWAS-specific
cg08560465,haEWAS-specific
cg08569799,haEWAS-specific
cg08578136,haEWAS-specific
cg08579962,haEWAS-specific
cg08582356,haEWAS-specific
cg08601357,haEWAS-specific
cg08602218,haEWAS-specific
cg08603829,haEWAS-specific
cg08604097,haEWAS-specific
cg08609238,haEWAS-specific
cg08626131,haEWAS-specific
cg08658634,haEWAS-specific
cg08681519,haEWAS-specific
cg08699681,haEWAS-specific
cg08728495,haEWAS-specific
cg08734740,haEWAS-specific
cg08740063,haEWAS-specific
cg08775835,haEWAS-specific
cg08795964,haEWAS-specific
cg08802358,haEWAS-specific
cg08812189,haEWAS-specific
cg08812692,haEWAS-specific
cg08813925,haEWAS-specific
cg08814405,haEWAS-specific
cg08814947,haEWAS-specific
cg08815340,haEWAS-specific
cg08840152,haEWAS-specific
cg08843623,haEWAS-specific
cg08855938,haEWAS-specific
cg08860190,haEWAS-specific
cg08867933,haEWAS-specific
cg08876932,haEWAS-specific
cg08877257,haEWAS-specific
cg08885854,haEWAS-specific
cg08900371,haEWAS-specific
cg08908855,haEWAS-specific
cg08911152,haEWAS-specific
cg08924203,haEWAS-specific
cg08928753,haEWAS-specific
cg08939052,haEWAS-specific
cg08946995,haEWAS-specific
cg08947774,haEWAS-specific
cg08950287,haEWAS-specific
cg08963360,haEWAS-specific
cg09005679,haEWAS-specific
cg09016242,haEWAS-specific
cg09028935,haEWAS-specific
cg09031790,haEWAS-specific
cg09035529,haEWAS-specific
cg09037813,haEWAS-specific
cg09038058,haEWAS-specific
cg09041678,haEWAS-specific
cg09042577,haEWAS-specific
cg09052548,haEWAS-specific
cg09068927,haEWAS-specific
cg09072560,haEWAS-specific
cg09073989,haEWAS-specific
cg09077752,haEWAS-specific
cg09093656,haEWAS-specific
cg09095525,haEWAS-specific
cg09095777,haEWAS-specific
cg09100014,haEWAS-specific
cg09131332,haEWAS-specific
cg09132240,haEWAS-specific
cg09133386,haEWAS-specific
cg09136551,haEWAS-specific
cg09160776,haEWAS-specific
cg09177519,haEWAS-specific
cg09184853,haEWAS-specific
cg09193347,haEWAS-specific
cg09206878,haEWAS-specific
cg09225321,haEWAS-specific
cg09231518,haEWAS-specific
cg09239524,haEWAS-specific
cg09244312,haEWAS-specific
cg09246203,haEWAS-specific
cg09247020,haEWAS-specific
cg09259608,haEWAS-specific
cg09262974,haEWAS-specific
cg09273779,haEWAS-specific
cg09275986,haEWAS-specific
cg09283154,haEWAS-specific
cg09294739,haEWAS-specific
cg09300856,haEWAS-specific
cg09309208,haEWAS-specific
cg09320337,haEWAS-specific
cg09327849,haEWAS-specific
cg09332484,haEWAS-specific
cg09360770,haEWAS-specific
cg09366312,haEWAS-specific
cg09367817,haEWAS-specific
cg09370462,haEWAS-specific
cg09373727,haEWAS-specific
cg09375033,haEWAS-specific
cg09381134,haEWAS-specific
cg09386771,haEWAS-specific
cg09388605,haEWAS-specific
cg09390594,haEWAS-specific
cg09399225,haEWAS-specific
cg09403666,haEWAS-specific
cg09414827,haEWAS-specific
cg09420439,haEWAS-specific
cg09425279,haEWAS-specific
cg09435929,haEWAS-specific
cg09440298,haEWAS-specific
cg09448677,haEWAS-specific
cg09449611,haEWAS-specific
cg09451092,haEWAS-specific
cg09456576,haEWAS-specific
cg09488090,haEWAS-specific
cg09495207,haEWAS-specific
cg09496762,haEWAS-specific
cg09498146,haEWAS-specific
cg09499256,haEWAS-specific
cg09501687,haEWAS-specific
cg09503196,haEWAS-specific
cg09511427,haEWAS-specific
cg09545478,haEWAS-specific
cg09547314,haEWAS-specific
cg09549813,haEWAS-specific
cg09551262,haEWAS-specific
cg09561822,haEWAS-specific
cg09567837,haEWAS-specific
cg09570682,haEWAS-specific
cg09574618,haEWAS-specific
cg09577144,haEWAS-specific
cg09588888,haEWAS-specific
cg09603024,haEWAS-specific
cg09610578,haEWAS-specific
cg09617441,haEWAS-specific
cg09625781,haEWAS-specific
cg09644707,haEWAS-specific
cg09645818,haEWAS-specific
cg09663530,haEWAS-specific
cg09676376,haEWAS-specific
cg09676606,haEWAS-specific
cg09681977,haEWAS-specific
cg09682330,haEWAS-specific
cg09684160,haEWAS-specific
cg09685182,haEWAS-specific
cg09694606,haEWAS-specific
cg09695033,haEWAS-specific
cg09704116,haEWAS-specific
cg09705456,haEWAS-specific
cg09717545,haEWAS-specific
cg09723776,haEWAS-specific
cg09725213,haEWAS-specific
cg09738193,haEWAS-specific
cg09745430,haEWAS-specific
cg09746494,haEWAS-specific
cg09747232,haEWAS-specific
cg09757581,haEWAS-specific
cg09788416,haEWAS-specific
cg09797337,haEWAS-specific
cg09807356,haEWAS-specific
cg09811292,haEWAS-specific
cg09811317,haEWAS-specific
cg09834794,haEWAS-specific
cg09837314,haEWAS-specific
cg09844687,haEWAS-specific
cg09850980,haEWAS-specific
cg09852221,haEWAS-specific
cg09853371,haEWAS-specific
cg09866743,haEWAS-specific
cg09876519,haEWAS-specific
cg09884257,haEWAS-specific
cg09890687,haEWAS-specific
cg09894268,haEWAS-specific
cg09905635,haEWAS-specific
cg09907542,haEWAS-specific
cg09911755,haEWAS-specific
cg09925057,haEWAS-specific
cg09972052,haEWAS-specific
cg09981198,haEWAS-specific
cg09985192,haEWAS-specific
cg10000602,haEWAS-specific
cg10020890,haEWAS-specific
cg10022526,haEWAS-specific
cg10024505,haEWAS-specific
cg10027752,haEWAS-specific
cg10039500,haEWAS-specific
cg10043253,haEWAS-specific
cg10057033,haEWAS-specific
cg10063575,haEWAS-specific
cg10068437,haEWAS-specific
cg10082647,haEWAS-specific
cg10092691,haEWAS-specific
cg10095801,haEWAS-specific
cg10096893,haEWAS-specific
cg10111292,haEWAS-specific
cg10116189,haEWAS-specific
cg10136354,haEWAS-specific
cg10140794,haEWAS-specific
cg10147462,haEWAS-specific
cg10152131,haEWAS-specific
cg10158886,haEWAS-specific
cg10168086,haEWAS-specific
cg10185013,haEWAS-specific
cg10187479,haEWAS-specific
cg10187927,haEWAS-specific
cg10189261,haEWAS-specific
cg10200451,haEWAS-specific
cg10204320,haEWAS-specific
cg10206344,haEWAS-specific
cg10216717,haEWAS-specific
cg10222027,haEWAS-specific
cg10228456,haEWAS-specific
cg10240148,haEWAS-specific
cg10249814,haEWAS-specific
cg10255759,haEWAS-specific
cg10256349,haEWAS-specific
cg10261641,haEWAS-specific
cg10263682,haEWAS-specific
cg10269365,haEWAS-specific
cg10278162,haEWAS-specific
cg10298815,haEWAS-specific
cg10314807,haEWAS-specific
cg10316510,haEWAS-specific
cg10323552,haEWAS-specific
cg10325478,haEWAS-specific
cg10327067,haEWAS-specific
cg10329173,haEWAS-specific
cg10356601,haEWAS-specific
cg10363926,haEWAS-specific
cg10384919,haEWAS-specific
cg10385251,haEWAS-specific
cg10387551,haEWAS-specific
cg10404601,haEWAS-specific
cg10422777,haEWAS-specific
cg10432947,haEWAS-specific
cg10470891,haEWAS-specific
cg10480239,haEWAS-specific
cg10483525,haEWAS-specific
cg10487221,haEWAS-specific
cg10490206,haEWAS-specific
cg10504993,haEWAS-specific
cg10513595,haEWAS-specific
cg10516832,haEWAS-specific
cg10520594,haEWAS-specific
cg10530164,haEWAS-specific
cg10531918,haEWAS-specific
cg10534873,haEWAS-specific
cg10541864,haEWAS-specific
cg10555961,haEWAS-specific
cg10570158,haEWAS-specific
cg10579012,haEWAS-specific
cg10585321,haEWAS-specific
cg10586317,haEWAS-specific
cg10596768,haEWAS-specific
cg10601171,haEWAS-specific
cg10603275,haEWAS-specific
cg10614021,haEWAS-specific
cg10615842,haEWAS-specific
cg10622174,haEWAS-specific
cg10622536,haEWAS-specific
cg10625247,haEWAS-specific
cg10628699,haEWAS-specific
cg10632000,haEWAS-specific
cg10632773,haEWAS-specific
cg10636760,haEWAS-specific
cg10643691,haEWAS-specific
cg10643916,haEWAS-specific
cg10681137,haEWAS-specific
cg10696969,haEWAS-specific
cg10705541,haEWAS-specific
cg10722226,haEWAS-specific
cg10724965,haEWAS-specific
cg10740670,haEWAS-specific
cg10746447,haEWAS-specific
cg10757065,haEWAS-specific
cg10782065,haEWAS-specific
cg10794439,haEWAS-specific
cg10800833,haEWAS-specific
cg10804656,haEWAS-specific
cg10810847,haEWAS-specific
cg10812634,haEWAS-specific
cg10819493,haEWAS-specific
cg10824259,haEWAS-specific
cg10828337,haEWAS-specific
cg10835986,haEWAS-specific
cg10836540,haEWAS-specific
cg10836809,haEWAS-specific
cg10862620,haEWAS-specific
cg10863207,haEWAS-specific
cg10876767,haEWAS-specific
cg10896862,haEWAS-specific
cg10906607,haEWAS-specific
cg10926413,haEWAS-specific
cg10940462,haEWAS-specific
cg10943359,haEWAS-specific
cg10969245,haEWAS-specific
cg10975391,haEWAS-specific
cg10983586,haEWAS-specific
cg10988336,haEWAS-specific
cg10996368,haEWAS-specific
cg11003133,haEWAS-specific
cg11019771,haEWAS-specific
cg11020333,haEWAS-specific
cg11035100,haEWAS-specific
cg11049323,haEWAS-specific
cg11052143,haEWAS-specific
cg11085304,haEWAS-specific
cg11086773,haEWAS-specific
cg11087723,haEWAS-specific
cg11117703,haEWAS-specific
cg11129341,haEWAS-specific
cg11136562,haEWAS-specific
cg11136708,haEWAS-specific
cg11142556,haEWAS-specific
cg11142705,haEWAS-specific
cg11143671,haEWAS-specific
cg11146691,haEWAS-specific
cg11155687,haEWAS-specific
cg11181171,haEWAS-specific
cg11184748,haEWAS-specific
cg11193865,haEWAS-specific
cg11195082,haEWAS-specific
cg11195360,haEWAS-specific
cg11213983,haEWAS-specific
cg11224582,haEWAS-specific
cg11252118,haEWAS-specific
cg11254361,haEWAS-specific
cg11306441,haEWAS-specific
cg11319389,haEWAS-specific
cg11339964,haEWAS-specific
cg11340527,haEWAS-specific
cg11351779,haEWAS-specific
cg11354906,haEWAS-specific
cg11358199,haEWAS-specific
cg11360546,haEWAS-specific
cg11377054,haEWAS-specific
cg11388802,haEWAS-specific
cg11414345,haEWAS-specific
cg11439596,haEWAS-specific
cg11448068,haEWAS-specific
cg11453719,haEWAS-specific
cg11471799,haEWAS-specific
cg11474888,haEWAS-specific
cg11518359,haEWAS-specific
cg11522145,haEWAS-specific
cg11524454,haEWAS-specific
cg11525409,haEWAS-specific
cg11527279,haEWAS-specific
cg11544692,haEWAS-specific
cg11555873,haEWAS-specific
cg11589703,haEWAS-specific
cg11589800,haEWAS-specific
cg11592634,haEWAS-specific
cg11613559,haEWAS-specific
cg11623855,haEWAS-specific
cg11633461,haEWAS-specific
cg11644596,haEWAS-specific
cg11646259,haEWAS-specific
cg11656175,haEWAS-specific
cg11680908,haEWAS-specific
cg11687966,haEWAS-specific
cg11695041,haEWAS-specific
cg11708136,haEWAS-specific
cg11718030,haEWAS-specific
cg11724942,haEWAS-specific
cg11738921,haEWAS-specific
cg11759446,haEWAS-specific
cg11774227,haEWAS-specific
cg11780042,haEWAS-specific
cg11784887,haEWAS-specific
cg11791751,haEWAS-specific
cg11799593,haEWAS-specific
cg11807040,haEWAS-specific
cg11809157,haEWAS-specific
cg11814235,haEWAS-specific
cg11814571,haEWAS-specific
cg11816739,haEWAS-specific
cg11820913,haEWAS-specific
cg11826295,haEWAS-specific
cg11832339,haEWAS-specific
cg11844737,haEWAS-specific
cg11847636,haEWAS-specific
cg11862144,haEWAS-specific
cg11865870,haEWAS-specific
cg11871864,haEWAS-specific
cg11874321,haEWAS-specific
cg11891239,haEWAS-specific
cg11901043,haEWAS-specific
cg11902458,haEWAS-specific
cg11905007,haEWAS-specific
cg11906361,haEWAS-specific
cg11909748,haEWAS-specific
cg11931223,haEWAS-specific
cg11944076,haEWAS-specific
cg11961918,haEWAS-specific
cg11967765,haEWAS-specific
cg12026992,haEWAS-specific
cg12063847,haEWAS-specific
cg12069423,haEWAS-specific
cg12079322,haEWAS-specific
cg12087412,haEWAS-specific
cg12091642,haEWAS-specific
cg12094965,haEWAS-specific
cg12098156,haEWAS-specific
cg12110677,haEWAS-specific
cg12126038,haEWAS-specific
cg12146447,haEWAS-specific
cg12150457,haEWAS-specific
cg12150946,haEWAS-specific
cg12151443,haEWAS-specific
cg12166610,haEWAS-specific
cg12166802,haEWAS-specific
cg12170314,haEWAS-specific
cg12178445,haEWAS-specific
cg12189389,haEWAS-specific
cg12192818,haEWAS-specific
cg12196573,haEWAS-specific
cg12206199,haEWAS-specific
cg12212311,haEWAS-specific
cg12212453,haEWAS-specific
cg12233363,haEWAS-specific
cg12241599,haEWAS-specific
cg12250581,haEWAS-specific
cg12251884,haEWAS-specific
cg12252328,haEWAS-specific
cg12265950,haEWAS-specific
cg12281701,haEWAS-specific
cg12298212,haEWAS-specific
cg12315713,haEWAS-specific
cg12319602,haEWAS-specific
cg12338097,haEWAS-specific
cg12340343,haEWAS-specific
cg12350342,haEWAS-specific
cg12353207,haEWAS-specific
cg12360935,haEWAS-specific
cg12363726,haEWAS-specific
cg12382846,haEWAS-specific
cg12412427,haEWAS-specific
cg12421755,haEWAS-specific
cg12425861,haEWAS-specific
cg12431299,haEWAS-specific
cg12433486,haEWAS-specific
cg12437024,haEWAS-specific
cg12446199,haEWAS-specific
cg12446246,haEWAS-specific
cg12449685,haEWAS-specific
cg12454814,haEWAS-specific
cg12477716,haEWAS-specific
cg12483801,haEWAS-specific
cg12488005,haEWAS-specific
cg12526834,haEWAS-specific
cg12530503,haEWAS-specific
cg12531953,haEWAS-specific
cg12533428,haEWAS-specific
cg12536451,haEWAS-specific
cg12560907,haEWAS-specific
cg12581627,haEWAS-specific
cg12582959,haEWAS-specific
cg12591770,haEWAS-specific
cg12594237,haEWAS-specific
cg12601843,haEWAS-specific
cg12614213,haEWAS-specific
cg12616174,haEWAS-specific
cg12625139,haEWAS-specific
cg12630243,haEWAS-specific
cg12656160,haEWAS-specific
cg12695465,haEWAS-specific
cg12698662,haEWAS-specific
cg12699599,haEWAS-specific
cg12719836,haEWAS-specific
cg12727060,haEWAS-specific
cg12730562,haEWAS-specific
cg12737514,haEWAS-specific
cg12739419,haEWAS-specific
cg12740037,haEWAS-specific
cg12743978,haEWAS-specific
cg12744820,haEWAS-specific
cg12753518,haEWAS-specific
cg12765028,haEWAS-specific
cg12770414,haEWAS-specific
cg12778430,haEWAS-specific
cg12785342,haEWAS-specific
cg12793123,haEWAS-specific
cg12799739,haEWAS-specific
cg12800915,haEWAS-specific
cg12801391,haEWAS-specific
cg12811617,haEWAS-specific
cg12812583,haEWAS-specific
cg12813108,haEWAS-specific
cg12829141,haEWAS-specific
cg12831208,haEWAS-specific
cg12843022,haEWAS-specific
cg12845520,haEWAS-specific
cg12847373,haEWAS-specific
cg12848345,haEWAS-specific
cg12850036,haEWAS-specific
cg12854428,haEWAS-specific
cg12864581,haEWAS-specific
cg12865818,haEWAS-specific
cg12897901,haEWAS-specific
cg12915834,haEWAS-specific
cg12915892,haEWAS-specific
cg12917718,haEWAS-specific
cg12939464,haEWAS-specific
cg12950441,haEWAS-specific
cg12971694,haEWAS-specific
cg12974388,haEWAS-specific
cg12978433,haEWAS-specific
cg12981595,haEWAS-specific
cg13009654,haEWAS-specific
cg13018639,haEWAS-specific
cg13038025,haEWAS-specific
cg13045134,haEWAS-specific
cg13049357,haEWAS-specific
cg13054007,haEWAS-specific
cg13067553,haEWAS-specific
cg13073564,haEWAS-specific
cg13080029,haEWAS-specific
cg13092806,haEWAS-specific
cg13096089,haEWAS-specific
cg13097102,haEWAS-specific
cg13120986,haEWAS-specific
cg13141192,haEWAS-specific
cg13153865,haEWAS-specific
cg13159037,haEWAS-specific
cg13161961,haEWAS-specific
cg13175159,haEWAS-specific
cg13176012,haEWAS-specific
cg13178170,haEWAS-specific
cg13192013,haEWAS-specific
cg13198321,haEWAS-specific
cg13210260,haEWAS-specific
cg13210470,haEWAS-specific
cg13210580,haEWAS-specific
cg13216724,haEWAS-specific
cg13231302,haEWAS-specific
cg13242070,haEWAS-specific
cg13246235,haEWAS-specific
cg13254221,haEWAS-specific
cg13257654,haEWAS-specific
cg13259605,haEWAS-specific
cg13264399,haEWAS-specific
cg13268590,haEWAS-specific
cg13278350,haEWAS-specific
cg13280803,haEWAS-specific
cg13281139,haEWAS-specific
cg13282068,haEWAS-specific
cg13291225,haEWAS-specific
cg13298199,haEWAS-specific
cg13303464,haEWAS-specific
cg13327545,haEWAS-specific
cg13331550,haEWAS-specific
cg13346463,haEWAS-specific
cg13352750,haEWAS-specific
cg13364230,haEWAS-specific
cg13364410,haEWAS-specific
cg13370412,haEWAS-specific
cg13376998,haEWAS-specific
cg13378781,haEWAS-specific
cg13382769,haEWAS-specific
cg13384150,haEWAS-specific
cg13399261,haEWAS-specific
cg13400168,haEWAS-specific
cg13408430,haEWAS-specific
cg13420004,haEWAS-specific
cg13423075,haEWAS-specific
cg13432945,haEWAS-specific
cg13434842,haEWAS-specific
cg13441766,haEWAS-specific
cg13445796,haEWAS-specific
cg13451153,haEWAS-specific
cg13453374,haEWAS-specific
cg13453520,haEWAS-specific
cg13454524,haEWAS-specific
cg13457462,haEWAS-specific
cg13467162,haEWAS-specific
cg13471374,haEWAS-specific
cg13475665,haEWAS-specific
cg13480357,haEWAS-specific
cg13486805,haEWAS-specific
cg13506158,haEWAS-specific
cg13508369,haEWAS-specific
cg13515881,haEWAS-specific
cg13529335,haEWAS-specific
cg13530377,haEWAS-specific
cg13539545,haEWAS-specific
cg13544294,haEWAS-specific
cg13550642,haEWAS-specific
cg13552337,haEWAS-specific
cg13553343,haEWAS-specific
cg13555464,haEWAS-specific
cg13566088,haEWAS-specific
cg13570892,haEWAS-specific
cg13573276,haEWAS-specific
cg13573928,haEWAS-specific
cg13590228,haEWAS-specific
cg13592399,haEWAS-specific
cg13597317,haEWAS-specific
cg13601435,haEWAS-specific
cg13630095,haEWAS-specific
cg13643040,haEWAS-specific
cg13643138,haEWAS-specific
cg13644317,haEWAS-specific
cg13650740,haEWAS-specific
cg13654588,haEWAS-specific
cg13663300,haEWAS-specific
cg13670316,haEWAS-specific
cg13676706,haEWAS-specific
cg13692446,haEWAS-specific
cg13699121,haEWAS-specific
cg13702846,haEWAS-specific
cg13703871,haEWAS-specific
cg13707777,haEWAS-specific
cg13713522,haEWAS-specific
cg13717233,haEWAS-specific
cg13720395,haEWAS-specific
cg13745832,haEWAS-specific
cg13752545,haEWAS-specific
cg13766329,haEWAS-specific
cg13766560,haEWAS-specific
cg13778709,haEWAS-specific
cg13790719,haEWAS-specific
cg13803234,haEWAS-specific
cg13805698,haEWAS-specific
cg13812452,haEWAS-specific
cg13823492,haEWAS-specific
cg13830163,haEWAS-specific
cg13831106,haEWAS-specific
cg13834146,haEWAS-specific
cg13835436,haEWAS-specific
cg13837857,haEWAS-specific
cg13846563,haEWAS-specific
cg13848707,haEWAS-specific
cg13855924,haEWAS-specific
cg13861948,haEWAS-specific
cg13866190,haEWAS-specific
cg13870866,haEWAS-specific
cg13874287,haEWAS-specific
cg13881790,haEWAS-specific
cg13883376,haEWAS-specific
cg13900719,haEWAS-specific
cg13901539,haEWAS-specific
cg13923669,haEWAS-specific
cg13927938,haEWAS-specific
cg13945224,haEWAS-specific
cg13949836,haEWAS-specific
cg13957837,haEWAS-specific
cg13958974,haEWAS-specific
cg13961527,haEWAS-specific
cg13973641,haEWAS-specific
cg13974773,haEWAS-specific
cg13976210,haEWAS-specific
cg13986127,haEWAS-specific
cg13990746,haEWAS-specific
cg14008883,haEWAS-specific
cg14014590,haEWAS-specific
cg14020914,haEWAS-specific
cg14021375,haEWAS-specific
cg14022377,haEWAS-specific
cg14032261,haEWAS-specific
cg14041194,haEWAS-specific
cg14048783,haEWAS-specific
cg14051770,haEWAS-specific
cg14055896,haEWAS-specific
cg14056656,haEWAS-specific
cg14063488,haEWAS-specific
cg14067761,haEWAS-specific
cg14069703,haEWAS-specific
cg14116222,haEWAS-specific
cg14120636,haEWAS-specific
cg14126608,haEWAS-specific
cg14128315,haEWAS-specific
cg14130664,haEWAS-specific
cg14134256,haEWAS-specific
cg14135174,haEWAS-specific
cg14149680,haEWAS-specific
cg14150915,haEWAS-specific
cg14153494,haEWAS-specific
cg14155416,haEWAS-specific
cg14164099,haEWAS-specific
cg14176132,haEWAS-specific
cg14184078,haEWAS-specific
cg14192542,haEWAS-specific
cg14192957,haEWAS-specific
cg14200170,haEWAS-specific
cg14202146,haEWAS-specific
cg14209037,haEWAS-specific
cg14211055,haEWAS-specific
cg14219543,haEWAS-specific
cg14228238,haEWAS-specific
cg14236519,haEWAS-specific
cg14238325,haEWAS-specific
cg14240993,haEWAS-specific
cg14250833,haEWAS-specific
cg14263391,haEWAS-specific
cg14264556,haEWAS-specific
cg14270890,haEWAS-specific
cg14281092,haEWAS-specific
cg14282221,haEWAS-specific
cg14295534,haEWAS-specific
cg14301348,haEWAS-specific
cg14317285,haEWAS-specific
cg14319235,haEWAS-specific
cg14326805,haEWAS-specific
cg14346208,haEWAS-specific
cg14353137,haEWAS-specific
cg14353278,haEWAS-specific
cg14356608,haEWAS-specific
cg14359292,haEWAS-specific
cg14367229,haEWAS-specific
cg14372792,haEWAS-specific
cg14396306,haEWAS-specific
cg14411503,haEWAS-specific
cg14414873,haEWAS-specific
cg14424376,haEWAS-specific
cg14443470,haEWAS-specific
cg14462402,haEWAS-specific
cg14472181,haEWAS-specific
cg14472551,haEWAS-specific
cg14475875,haEWAS-specific
cg14476487,haEWAS-specific
cg14479889,haEWAS-specific
cg14485744,haEWAS-specific
cg14491667,haEWAS-specific
cg14497491,haEWAS-specific
cg14499563,haEWAS-specific
cg14520957,haEWAS-specific
cg14521546,haEWAS-specific
cg14527097,haEWAS-specific
cg14534279,haEWAS-specific
cg14535980,haEWAS-specific
cg14541801,haEWAS-specific
cg14542378,haEWAS-specific
cg14549427,haEWAS-specific
cg14562712,haEWAS-specific
cg14564076,haEWAS-specific
cg14574728,haEWAS-specific
cg14576824,haEWAS-specific
cg14580859,haEWAS-specific
cg14588406,haEWAS-specific
cg14591001,haEWAS-specific
cg14591123,haEWAS-specific
cg14597214,haEWAS-specific
cg14601770,haEWAS-specific
cg14616345,haEWAS-specific
cg14625175,haEWAS-specific
cg14625770,haEWAS-specific
cg14631165,haEWAS-specific
cg14631386,haEWAS-specific
cg14642395,haEWAS-specific
cg14656657,haEWAS-specific
cg14657277,haEWAS-specific
cg14657834,haEWAS-specific
cg14658067,haEWAS-specific
cg14659008,haEWAS-specific
cg14666946,haEWAS-specific
cg14669362,haEWAS-specific
cg14669514,haEWAS-specific
cg14687118,haEWAS-specific
cg14688343,haEWAS-specific
cg14689479,haEWAS-specific
cg14703589,haEWAS-specific
cg14703784,haEWAS-specific
cg14704968,haEWAS-specific
cg14712531,haEWAS-specific
cg14719951,haEWAS-specific
cg14724265,haEWAS-specific
cg14726637,haEWAS-specific
cg14732248,haEWAS-specific
cg14747322,haEWAS-specific
cg14751503,haEWAS-specific
cg14753691,haEWAS-specific
cg14761417,haEWAS-specific
cg14765959,haEWAS-specific
cg14777908,haEWAS-specific
cg14784664,haEWAS-specific
cg14795572,haEWAS-specific
cg14811102,haEWAS-specific
cg14817783,haEWAS-specific
cg14820213,haEWAS-specific
cg14831020,haEWAS-specific
cg14834938,haEWAS-specific
cg14843888,haEWAS-specific
cg14848594,haEWAS-specific
cg14848772,haEWAS-specific
cg14850156,haEWAS-specific
cg14858267,haEWAS-specific
cg14859460,haEWAS-specific
cg14863667,haEWAS-specific
cg14900031,haEWAS-specific
cg14904305,haEWAS-specific
cg14907769,haEWAS-specific
cg14909614,haEWAS-specific
cg14913512,haEWAS-specific
cg14928902,haEWAS-specific
cg14931230,haEWAS-specific
cg14957346,haEWAS-specific
cg14957660,haEWAS-specific
cg14966782,haEWAS-specific
cg14985989,haEWAS-specific
cg15000813,haEWAS-specific
cg15003208,haEWAS-specific
cg15015757,haEWAS-specific
cg15016232,haEWAS-specific
cg15033269,haEWAS-specific
cg15036118,haEWAS-specific
cg15044957,haEWAS-specific
cg15054077,haEWAS-specific
cg15055773,haEWAS-specific
cg15067806,haEWAS-specific
cg15079315,haEWAS-specific
cg15082473,haEWAS-specific
cg15087907,haEWAS-specific
cg15094236,haEWAS-specific
cg15097422,haEWAS-specific
cg15097640,haEWAS-specific
cg15105182,haEWAS-specific
cg15108060,haEWAS-specific
cg15108640,haEWAS-specific
cg15112006,haEWAS-specific
cg15112536,haEWAS-specific
cg15120237,haEWAS-specific
cg15121304,haEWAS-specific
cg15131647,haEWAS-specific
cg15140703,haEWAS-specific
cg15149600,haEWAS-specific
cg15152331,haEWAS-specific
cg15159149,haEWAS-specific
cg15161296,haEWAS-specific
cg15167202,haEWAS-specific
cg15188574,haEWAS-specific
cg15215348,haEWAS-specific
cg15219228,haEWAS-specific
cg15229454,haEWAS-specific
cg15230435,haEWAS-specific
cg15232539,haEWAS-specific
cg15236528,haEWAS-specific
cg15241708,haEWAS-specific
cg15244101,haEWAS-specific
cg15249639,haEWAS-specific
cg15271616,haEWAS-specific
cg15274309,haEWAS-specific
cg15287410,haEWAS-specific
cg15300436,haEWAS-specific
cg15310492,haEWAS-specific
cg15312203,haEWAS-specific
cg15315096,haEWAS-specific
cg15345206,haEWAS-specific
cg15347189,haEWAS-specific
cg15353603,haEWAS-specific
cg15355146,haEWAS-specific
cg15374924,haEWAS-specific
cg15376397,haEWAS-specific
cg15377585,haEWAS-specific
cg15382743,haEWAS-specific
cg15401913,haEWAS-specific
cg15402992,haEWAS-specific
cg15403758,haEWAS-specific
cg15410236,haEWAS-specific
cg15415136,haEWAS-specific
cg15415452,haEWAS-specific
cg15428435,haEWAS-specific
cg15437231,haEWAS-specific
cg15440026,haEWAS-specific
cg15443822,haEWAS-specific
cg15454698,haEWAS-specific
cg15469350,haEWAS-specific
cg15475650,haEWAS-specific
cg15475851,haEWAS-specific
cg15502231,haEWAS-specific
cg15530669,haEWAS-specific
cg15538607,haEWAS-specific
cg15542741,haEWAS-specific
cg15549126,haEWAS-specific
cg15556502,haEWAS-specific
cg15562220,haEWAS-specific
cg15563309,haEWAS-specific
cg15602217,haEWAS-specific
cg15614917,haEWAS-specific
cg15634398,haEWAS-specific
cg15639659,haEWAS-specific
cg15658262,haEWAS-specific
cg15667493,haEWAS-specific
cg15672437,haEWAS-specific
cg15677916,haEWAS-specific
cg15679064,haEWAS-specific
cg15680755,haEWAS-specific
cg15687300,haEWAS-specific
cg15694146,haEWAS-specific
cg15699099,haEWAS-specific
cg15700661,haEWAS-specific
cg15701203,haEWAS-specific
cg15707869,haEWAS-specific
cg15722977,haEWAS-specific
cg15724159,haEWAS-specific
cg15728692,haEWAS-specific
cg15736743,haEWAS-specific
cg15740363,haEWAS-specific
cg15752343,haEWAS-specific
cg15765353,haEWAS-specific
cg15772924,haEWAS-specific
cg15787039,haEWAS-specific
cg15797608,haEWAS-specific
cg15829665,haEWAS-specific
cg15845792,haEWAS-specific
cg15854022,haEWAS-specific
cg15867829,haEWAS-specific
cg15877883,haEWAS-specific
cg15881944,haEWAS-specific
cg15883716,haEWAS-specific
cg15924285,haEWAS-specific
cg15941014,haEWAS-specific
cg15949380,haEWAS-specific
cg15951661,haEWAS-specific
cg15954878,haEWAS-specific
cg15959252,haEWAS-specific
cg15959715,haEWAS-specific
cg15968307,haEWAS-specific
cg15969277,haEWAS-specific
cg15972148,haEWAS-specific
cg15974487,haEWAS-specific
cg15995714,haEWAS-specific
cg15996397,haEWAS-specific
cg16003102,haEWAS-specific
cg16010596,haEWAS-specific
cg16025492,haEWAS-specific
cg16028735,haEWAS-specific
cg16035189,haEWAS-specific
cg16054184,haEWAS-specific
cg16058607,haEWAS-specific
cg16059991,haEWAS-specific
cg16066272,haEWAS-specific
cg16104263,haEWAS-specific
cg16105687,haEWAS-specific
cg16110823,haEWAS-specific
cg16113172,haEWAS-specific
cg16113793,haEWAS-specific
cg16121744,haEWAS-specific
cg16128701,haEWAS-specific
cg16134399,haEWAS-specific
cg16139202,haEWAS-specific
cg16162590,haEWAS-specific
cg16166796,haEWAS-specific
cg16201003,haEWAS-specific
cg16202470,haEWAS-specific
cg16204509,haEWAS-specific
cg16206460,haEWAS-specific
cg16212534,haEWAS-specific
cg16215203,haEWAS-specific
cg16223863,haEWAS-specific
cg16232721,haEWAS-specific
cg16260298,haEWAS-specific
cg16260421,haEWAS-specific
cg16262614,haEWAS-specific
cg16266809,haEWAS-specific
cg16281600,haEWAS-specific
cg16282552,haEWAS-specific
cg16298813,haEWAS-specific
cg16318253,haEWAS-specific
cg16322014,haEWAS-specific
cg16326062,haEWAS-specific
cg16331929,haEWAS-specific
cg16348820,haEWAS-specific
cg16353350,haEWAS-specific
cg16366262,haEWAS-specific
cg16385298,haEWAS-specific
cg16385330,haEWAS-specific
cg16385571,haEWAS-specific
cg16399049,haEWAS-specific
cg16401270,haEWAS-specific
cg16403565,haEWAS-specific
cg16403669,haEWAS-specific
cg16403901,haEWAS-specific
cg16411949,haEWAS-specific
cg16427743,haEWAS-specific
cg16448058,haEWAS-specific
cg16449084,haEWAS-specific
cg16459364,haEWAS-specific
cg16460466,haEWAS-specific
cg16460860,haEWAS-specific
cg16493813,haEWAS-specific
cg16509531,haEWAS-specific
cg16509829,haEWAS-specific
cg16513933,haEWAS-specific
cg16524818,haEWAS-specific
cg16531181,haEWAS-specific
cg16545079,haEWAS-specific
cg16555188,haEWAS-specific
cg16556145,haEWAS-specific
cg16559361,haEWAS-specific
cg16560256,haEWAS-specific
cg16561893,haEWAS-specific
cg16565439,haEWAS-specific
cg16573755,haEWAS-specific
cg16588731,haEWAS-specific
cg16594910,haEWAS-specific
cg16596604,haEWAS-specific
cg16600934,haEWAS-specific
cg16601444,haEWAS-specific
cg16609181,haEWAS-specific
cg16611352,haEWAS-specific
cg16615454,haEWAS-specific
cg16615776,haEWAS-specific
cg16629469,haEWAS-specific
cg16630572,haEWAS-specific
cg16632715,haEWAS-specific
cg16639172,haEWAS-specific
cg16640855,haEWAS-specific
cg16657397,haEWAS-specific
cg16665614,haEWAS-specific
cg16670554,haEWAS-specific
cg16687034,haEWAS-specific
cg16688434,haEWAS-specific
cg16703466,haEWAS-specific
cg16707405,haEWAS-specific
cg16708623,haEWAS-specific
cg16727923,haEWAS-specific
cg16754364,haEWAS-specific
cg16759895,haEWAS-specific
cg16762595,haEWAS-specific
cg16769152,haEWAS-specific
cg16775746,haEWAS-specific
cg16781264,haEWAS-specific
cg16782084,haEWAS-specific
cg16783744,haEWAS-specific
cg16810133,haEWAS-specific
cg16846518,haEWAS-specific
cg16849609,haEWAS-specific
cg16852704,haEWAS-specific
cg16884902,haEWAS-specific
cg16892046,haEWAS-specific
cg16899038,haEWAS-specific
cg16900796,haEWAS-specific
cg16904321,haEWAS-specific
cg16909579,haEWAS-specific
cg16922644,haEWAS-specific
cg16926102,haEWAS-specific
cg16928523,haEWAS-specific
cg16928869,haEWAS-specific
cg16944589,haEWAS-specific
cg16959326,haEWAS-specific
cg16960758,haEWAS-specific
cg16970323,haEWAS-specific
cg16978910,haEWAS-specific
cg16986748,haEWAS-specific
cg16989822,haEWAS-specific
cg16999602,haEWAS-specific
cg17007640,haEWAS-specific
cg17018767,haEWAS-specific
cg17020834,haEWAS-specific
cg17022548,haEWAS-specific
cg17062917,haEWAS-specific
cg17082661,haEWAS-specific
cg17085123,haEWAS-specific
cg17095171,haEWAS-specific
cg17098965,haEWAS-specific
cg17102963,haEWAS-specific
cg17117823,haEWAS-specific
cg17128505,haEWAS-specific
cg17131030,haEWAS-specific
cg17136696,haEWAS-specific
cg17137063,haEWAS-specific
cg17137077,haEWAS-specific
cg17162024,haEWAS-specific
cg17163729,haEWAS-specific
cg17171539,haEWAS-specific
cg17172761,haEWAS-specific
cg17177455,haEWAS-specific
cg17178175,haEWAS-specific
cg17181043,haEWAS-specific
cg17202313,haEWAS-specific
cg17204113,haEWAS-specific
cg17213713,haEWAS-specific
cg17214107,haEWAS-specific
cg17227967,haEWAS-specific
cg17238830,haEWAS-specific
cg17240275,haEWAS-specific
cg17246140,haEWAS-specific
cg17264670,haEWAS-specific
cg17277820,haEWAS-specific
cg17278447,haEWAS-specific
cg17279839,haEWAS-specific
cg17281031,haEWAS-specific
cg17281600,haEWAS-specific
cg17284553,haEWAS-specific
cg17292729,haEWAS-specific
cg17298516,haEWAS-specific
cg17305181,haEWAS-specific
cg17321561,haEWAS-specific
cg17322632,haEWAS-specific
cg17328052,haEWAS-specific
cg17329534,haEWAS-specific
cg17340655,haEWAS-specific
cg17341366,haEWAS-specific
cg17349389,haEWAS-specific
cg17372408,haEWAS-specific
cg17374727,haEWAS-specific
cg17375249,haEWAS-specific
cg17376921,haEWAS-specific
cg17380661,haEWAS-specific
cg17395064,haEWAS-specific
cg17397592,haEWAS-specific
cg17398677,haEWAS-specific
cg17399362,haEWAS-specific
cg17405586,haEWAS-specific
cg17421097,haEWAS-specific
cg17421805,haEWAS-specific
cg17431391,haEWAS-specific
cg17448168,haEWAS-specific
cg17457637,haEWAS-specific
cg17466346,haEWAS-specific
cg17466474,haEWAS-specific
cg17470143,haEWAS-specific
cg17473318,haEWAS-specific
cg17480466,haEWAS-specific
cg17480646,haEWAS-specific
cg17486097,haEWAS-specific
cg17492795,haEWAS-specific
cg17506061,haEWAS-specific
cg17527975,haEWAS-specific
cg17534654,haEWAS-specific
cg17552471,haEWAS-specific
cg17564498,haEWAS-specific
cg17567560,haEWAS-specific
cg17576288,haEWAS-specific
cg17580935,haEWAS-specific
cg17587986,haEWAS-specific
cg17591574,haEWAS-specific
cg17619993,haEWAS-specific
cg17621241,haEWAS-specific
cg17621718,haEWAS-specific
cg17622246,haEWAS-specific
cg17649385,haEWAS-specific
cg17651959,haEWAS-specific
cg17662182,haEWAS-specific
cg17668731,haEWAS-specific
cg17672614,haEWAS-specific
cg17679104,haEWAS-specific
cg17687367,haEWAS-specific
cg17691543,haEWAS-specific
cg17722435,haEWAS-specific
cg17725100,haEWAS-specific
cg17725129,haEWAS-specific
cg17726105,haEWAS-specific
cg17738684,haEWAS-specific
cg17742293,haEWAS-specific
cg17745088,haEWAS-specific
cg17748182,haEWAS-specific
cg17749033,haEWAS-specific
cg17753169,haEWAS-specific
cg17753212,haEWAS-specific
cg17757602,haEWAS-specific
cg17761772,haEWAS-specific
cg17771605,haEWAS-specific
cg17793776,haEWAS-specific
cg17794788,haEWAS-specific
cg17805404,haEWAS-specific
cg17816394,haEWAS-specific
cg17824906,haEWAS-specific
cg17833066,haEWAS-specific
cg17840719,haEWAS-specific
cg17848407,haEWAS-specific
cg17852326,haEWAS-specific
cg17854440,haEWAS-specific
cg17870569,haEWAS-specific
cg17875135,haEWAS-specific
cg17877704,haEWAS-specific
cg17892178,haEWAS-specific
cg17898329,haEWAS-specific
cg17911318,haEWAS-specific
cg17912513,haEWAS-specific
cg17918556,haEWAS-specific
cg17920186,haEWAS-specific
cg17933583,haEWAS-specific
cg17937070,haEWAS-specific
cg17940113,haEWAS-specific
cg17940694,haEWAS-specific
cg17944940,haEWAS-specific
cg17947172,haEWAS-specific
cg17952075,haEWAS-specific
cg17953764,haEWAS-specific
cg17957186,haEWAS-specific
cg17964510,haEWAS-specific
cg17967818,haEWAS-specific
cg17968511,haEWAS-specific
cg17969084,haEWAS-specific
cg17987059,haEWAS-specific
cg18010085,haEWAS-specific
cg18011064,haEWAS-specific
cg18016148,haEWAS-specific
cg18016181,haEWAS-specific
cg18027227,haEWAS-specific
cg18039133,haEWAS-specific
cg18044383,haEWAS-specific
cg18045556,haEWAS-specific
cg18073702,haEWAS-specific
cg18074403,haEWAS-specific
cg18090991,haEWAS-specific
cg18111119,haEWAS-specific
cg18117367,haEWAS-specific
cg18119609,haEWAS-specific
cg18123385,haEWAS-specific
cg18133531,haEWAS-specific
cg18137244,haEWAS-specific
cg18147296,haEWAS-specific
cg18166150,haEWAS-specific
cg18166947,haEWAS-specific
cg18170545,haEWAS-specific
cg18188653,haEWAS-specific
cg18201351,haEWAS-specific
cg18210730,haEWAS-specific
cg18229521,haEWAS-specific
cg18235050,haEWAS-specific
cg18238908,haEWAS-specific
cg18244487,haEWAS-specific
cg18247055,haEWAS-specific
cg18249027,haEWAS-specific
cg18252309,haEWAS-specific
cg18253473,haEWAS-specific
cg18261069,haEWAS-specific
cg18274480,haEWAS-specific
cg18276638,haEWAS-specific
cg18301410,haEWAS-specific
cg18335796,haEWAS-specific
cg18336854,haEWAS-specific
cg18343437,haEWAS-specific
cg18388084,haEWAS-specific
cg18391899,haEWAS-specific
cg18395150,haEWAS-specific
cg18395499,haEWAS-specific
cg18397450,haEWAS-specific
cg18403578,haEWAS-specific
cg18413706,haEWAS-specific
cg18428542,haEWAS-specific
cg18448614,haEWAS-specific
cg18451814,haEWAS-specific
cg18453200,haEWAS-specific
cg18454510,haEWAS-specific
cg18460375,haEWAS-specific
cg18473978,haEWAS-specific
cg18475728,haEWAS-specific
cg18479973,haEWAS-specific
cg18482822,haEWAS-specific
cg18490614,haEWAS-specific
cg18492803,haEWAS-specific
cg18493981,haEWAS-specific
cg18494902,haEWAS-specific
cg18498565,haEWAS-specific
cg18500300,haEWAS-specific
cg18524114,haEWAS-specific
cg18526142,haEWAS-specific
cg18544564,haEWAS-specific
cg18560204,haEWAS-specific
cg18563413,haEWAS-specific
cg18563899,haEWAS-specific
cg18565355,haEWAS-specific
cg18567924,haEWAS-specific
cg18573251,haEWAS-specific
cg18576057,haEWAS-specific
cg18579862,haEWAS-specific
cg18582824,haEWAS-specific
cg18588052,haEWAS-specific
cg18591496,haEWAS-specific
cg18592384,haEWAS-specific
cg18607411,haEWAS-specific
cg18608017,haEWAS-specific
cg18613344,haEWAS-specific
cg18627496,haEWAS-specific
cg18645642,haEWAS-specific
cg18653451,haEWAS-specific
cg18668813,haEWAS-specific
cg18671950,haEWAS-specific
cg18672716,haEWAS-specific
cg18674643,haEWAS-specific
cg18675146,haEWAS-specific
cg18693673,haEWAS-specific
cg18699524,haEWAS-specific
cg18702104,haEWAS-specific
cg18712494,haEWAS-specific
cg18718204,haEWAS-specific
cg18720486,haEWAS-specific
cg18730865,haEWAS-specific
cg18739950,haEWAS-specific
cg18751588,haEWAS-specific
cg18759209,haEWAS-specific
cg18761958,haEWAS-specific
cg18764358,haEWAS-specific
cg18781372,haEWAS-specific
cg18792528,haEWAS-specific
cg18793512,haEWAS-specific
cg18798495,haEWAS-specific
cg18802706,haEWAS-specific
cg18809102,haEWAS-specific
cg18815343,haEWAS-specific
cg18845375,haEWAS-specific
cg18868483,haEWAS-specific
cg18881873,haEWAS-specific
cg18889147,haEWAS-specific
cg18908419,haEWAS-specific
cg18912530,haEWAS-specific
cg18919106,haEWAS-specific
cg18948380,haEWAS-specific
cg18952546,haEWAS-specific
cg18954541,haEWAS-specific
cg18969232,haEWAS-specific
cg18970346,haEWAS-specific
cg18973778,haEWAS-specific
cg18984282,haEWAS-specific
cg18989224,haEWAS-specific
cg19034708,haEWAS-specific
cg19046725,haEWAS-specific
cg19050990,haEWAS-specific
cg19064258,haEWAS-specific
cg19084479,haEWAS-specific
cg19097880,haEWAS-specific
cg19113375,haEWAS-specific
cg19115344,haEWAS-specific
cg19116912,haEWAS-specific
cg19119945,haEWAS-specific
cg19124509,haEWAS-specific
cg19127283,haEWAS-specific
cg19130973,haEWAS-specific
cg19154600,haEWAS-specific
cg19169932,haEWAS-specific
cg19170015,haEWAS-specific
cg19170881,haEWAS-specific
cg19172447,haEWAS-specific
cg19177941,haEWAS-specific
cg19179869,haEWAS-specific
cg19184878,haEWAS-specific
cg19185414,haEWAS-specific
cg19185846,haEWAS-specific
cg19188182,haEWAS-specific
cg19190762,haEWAS-specific
cg19216624,haEWAS-specific
cg19223411,haEWAS-specific
cg19224713,haEWAS-specific
cg19230867,haEWAS-specific
cg19246018,haEWAS-specific
cg19247654,haEWAS-specific
cg19255722,haEWAS-specific
cg19263868,haEWAS-specific
cg19267867,haEWAS-specific
cg19280572,haEWAS-specific
cg19291355,haEWAS-specific
cg19299566,haEWAS-specific
cg19304150,haEWAS-specific
cg19304507,haEWAS-specific
cg19316647,haEWAS-specific
cg19318098,haEWAS-specific
cg19335412,haEWAS-specific
cg19338524,haEWAS-specific
cg19343464,haEWAS-specific
cg19343518,haEWAS-specific
cg19343861,haEWAS-specific
cg19345417,haEWAS-specific
cg19358373,haEWAS-specific
cg19380001,haEWAS-specific
cg19388154,haEWAS-specific
cg19396666,haEWAS-specific
cg19399165,haEWAS-specific
cg19403534,haEWAS-specific
cg19409187,haEWAS-specific
cg19417526,haEWAS-specific
cg19427325,haEWAS-specific
cg19447516,haEWAS-specific
cg19456622,haEWAS-specific
cg19476597,haEWAS-specific
cg19477247,haEWAS-specific
cg19481531,haEWAS-specific
cg19512582,haEWAS-specific
cg19513004,haEWAS-specific
cg19515245,haEWAS-specific
cg19517476,haEWAS-specific
cg19535980,haEWAS-specific
cg19537558,haEWAS-specific
cg19544372,haEWAS-specific
cg19555191,haEWAS-specific
cg19580003,haEWAS-specific
cg19582297,haEWAS-specific
cg19588538,haEWAS-specific
cg19597382,haEWAS-specific
cg19605773,haEWAS-specific
cg19619405,haEWAS-specific
cg19622623,haEWAS-specific
cg19622874,haEWAS-specific
cg19623438,haEWAS-specific
cg19626468,haEWAS-specific
cg19630629,haEWAS-specific
cg19635571,haEWAS-specific
cg19639021,haEWAS-specific
cg19642470,haEWAS-specific
cg19655952,haEWAS-specific
cg19668278,haEWAS-specific
cg19669385,haEWAS-specific
cg19671120,haEWAS-specific
cg19677267,haEWAS-specific
cg19680631,haEWAS-specific
cg19698168,haEWAS-specific
cg19707069,haEWAS-specific
cg19708901,haEWAS-specific
cg19712603,haEWAS-specific
cg19720984,haEWAS-specific
cg19751300,haEWAS-specific
cg19753138,haEWAS-specific
cg19755016,haEWAS-specific
cg19761272,haEWAS-specific
cg19772399,haEWAS-specific
cg19778462,haEWAS-specific
cg19780014,haEWAS-specific
cg19784477,haEWAS-specific
cg19787727,haEWAS-specific
cg19808978,haEWAS-specific
cg19809791,haEWAS-specific
cg19822251,haEWAS-specific
cg19823649,haEWAS-specific
cg19830983,haEWAS-specific
cg19836595,haEWAS-specific
cg19847038,haEWAS-specific
cg19847514,haEWAS-specific
cg19858214,haEWAS-specific
cg19876092,haEWAS-specific
cg19879483,haEWAS-specific
cg19883472,haEWAS-specific
cg19885761,haEWAS-specific
cg19896109,haEWAS-specific
cg19897979,haEWAS-specific
cg19904233,haEWAS-specific
cg19908485,haEWAS-specific
cg19908556,haEWAS-specific
cg19909713,haEWAS-specific
cg19913430,haEWAS-specific
cg19922435,haEWAS-specific
cg19924989,haEWAS-specific
cg19931922,haEWAS-specific
cg19932177,haEWAS-specific
cg19939130,haEWAS-specific
cg19959917,haEWAS-specific
cg19998400,haEWAS-specific
cg20000602,haEWAS-specific
cg20008734,haEWAS-specific
cg20018812,haEWAS-specific
cg20023231,haEWAS-specific
cg20029881,haEWAS-specific
cg20035127,haEWAS-specific
cg20039443,haEWAS-specific
cg20098471,haEWAS-specific
cg20108328,haEWAS-specific
cg20110504,haEWAS-specific
cg20114732,haEWAS-specific
cg20122925,haEWAS-specific
cg20135243,haEWAS-specific
cg20169702,haEWAS-specific
cg20208979,haEWAS-specific
cg20214135,haEWAS-specific
cg20232662,haEWAS-specific
cg20267101,haEWAS-specific
cg20282550,haEWAS-specific
cg20294870,haEWAS-specific
cg20296343,haEWAS-specific
cg20306694,haEWAS-specific
cg20311501,haEWAS-specific
cg20311770,haEWAS-specific
cg20322433,haEWAS-specific
cg20326682,haEWAS-specific
cg20329958,haEWAS-specific
cg20336809,haEWAS-specific
cg20343827,haEWAS-specific
cg20347882,haEWAS-specific
cg20352402,haEWAS-specific
cg20372230,haEWAS-specific
cg20374917,haEWAS-specific
cg20378199,haEWAS-specific
cg20395072,haEWAS-specific
cg20399616,haEWAS-specific
cg20404387,haEWAS-specific
cg20420868,haEWAS-specific
cg20424164,haEWAS-specific
cg20434911,haEWAS-specific
cg20438306,haEWAS-specific
cg20466291,haEWAS-specific
cg20525461,haEWAS-specific
cg20527270,haEWAS-specific
cg20531550,haEWAS-specific
cg20534702,haEWAS-specific
cg20539142,haEWAS-specific
cg20561863,haEWAS-specific
cg20577663,haEWAS-specific
cg20585530,haEWAS-specific
cg20585830,haEWAS-specific
cg20596433,haEWAS-specific
cg20624923,haEWAS-specific
cg20635409,haEWAS-specific
cg20640433,haEWAS-specific
cg20654074,haEWAS-specific
cg20680592,haEWAS-specific
cg20688917,haEWAS-specific
cg20691205,haEWAS-specific
cg20691283,haEWAS-specific
cg20702875,haEWAS-specific
cg20713234,haEWAS-specific
cg20735242,haEWAS-specific
cg20746422,haEWAS-specific
cg20751398,haEWAS-specific
cg20756026,haEWAS-specific
cg20758492,haEWAS-specific
cg20765700,haEWAS-specific
cg20778451,haEWAS-specific
cg20780302,haEWAS-specific
cg20799176,haEWAS-specific
cg20811273,haEWAS-specific
cg20816789,haEWAS-specific
cg20817483,haEWAS-specific
cg20818191,haEWAS-specific
cg20820759,haEWAS-specific
cg20834178,haEWAS-specific
cg20856497,haEWAS-specific
cg20859731,haEWAS-specific
cg20890210,haEWAS-specific
cg20894457,haEWAS-specific
cg20900312,haEWAS-specific
cg20906640,haEWAS-specific
cg20910807,haEWAS-specific
cg20938802,haEWAS-specific
cg20941453,haEWAS-specific
cg20945261,haEWAS-specific
cg20945566,haEWAS-specific
cg20947470,haEWAS-specific
cg20977794,haEWAS-specific
cg20980783,haEWAS-specific
cg20982046,haEWAS-specific
cg20987924,haEWAS-specific
cg20992181,haEWAS-specific
cg20995977,haEWAS-specific
cg21036840,haEWAS-specific
cg21038780,haEWAS-specific
cg21040575,haEWAS-specific
cg21043558,haEWAS-specific
cg21048162,haEWAS-specific
cg21055546,haEWAS-specific
cg21068610,haEWAS-specific
cg21075593,haEWAS-specific
cg21079345,haEWAS-specific
cg21085686,haEWAS-specific
cg21087137,haEWAS-specific
cg21108085,haEWAS-specific
cg21109265,haEWAS-specific
cg21112485,haEWAS-specific
cg21114725,haEWAS-specific
cg21124497,haEWAS-specific
cg21126506,haEWAS-specific
cg21128568,haEWAS-specific
cg21136544,haEWAS-specific
cg21143109,haEWAS-specific
cg21144890,haEWAS-specific
cg21146652,haEWAS-specific
cg21156912,haEWAS-specific
cg21157465,haEWAS-specific
cg21160357,haEWAS-specific
cg21169914,haEWAS-specific
cg21179088,haEWAS-specific
cg21180286,haEWAS-specific
cg21184699,haEWAS-specific
cg21185289,haEWAS-specific
cg21186296,haEWAS-specific
cg21188610,haEWAS-specific
cg21194140,haEWAS-specific
cg21195185,haEWAS-specific
cg21222007,haEWAS-specific
cg21230745,haEWAS-specific
cg21242079,haEWAS-specific
cg21264189,haEWAS-specific
cg21268658,haEWAS-specific
cg21286782,haEWAS-specific
cg21300373,haEWAS-specific
cg21304163,haEWAS-specific
cg21311798,haEWAS-specific
cg21331510,haEWAS-specific
cg21331947,haEWAS-specific
cg21340733,haEWAS-specific
cg21349674,haEWAS-specific
cg21355793,haEWAS-specific
cg21357629,haEWAS-specific
cg21392341,haEWAS-specific
cg21396064,haEWAS-specific
cg21408624,haEWAS-specific
cg21409519,haEWAS-specific
cg21419003,haEWAS-specific
cg21420674,haEWAS-specific
cg21421501,haEWAS-specific
cg21422700,haEWAS-specific
cg21434949,haEWAS-specific
cg21445764,haEWAS-specific
cg21448167,haEWAS-specific
cg21459340,haEWAS-specific
cg21459867,haEWAS-specific
cg21473545,haEWAS-specific
cg21480464,haEWAS-specific
cg21484228,haEWAS-specific
cg21484956,haEWAS-specific
cg21494379,haEWAS-specific
cg21500538,haEWAS-specific
cg21522636,haEWAS-specific
cg21523564,haEWAS-specific
cg21527621,haEWAS-specific
cg21536815,haEWAS-specific
cg21549195,haEWAS-specific
cg21550504,haEWAS-specific
cg21569090,haEWAS-specific
cg21571658,haEWAS-specific
cg21579209,haEWAS-specific
cg21585936,haEWAS-specific
cg21591938,haEWAS-specific
cg21596825,haEWAS-specific
cg21601837,haEWAS-specific
cg21620778,haEWAS-specific
cg21623566,haEWAS-specific
cg21631439,haEWAS-specific
cg21634628,haEWAS-specific
cg21637843,haEWAS-specific
cg21639114,haEWAS-specific
cg21643547,haEWAS-specific
cg21643731,haEWAS-specific
cg21643916,haEWAS-specific
cg21657577,haEWAS-specific
cg21660392,haEWAS-specific
cg21667878,haEWAS-specific
cg21684012,haEWAS-specific
cg21700043,haEWAS-specific
cg21700723,haEWAS-specific
cg21710408,haEWAS-specific
cg21726079,haEWAS-specific
cg21730858,haEWAS-specific
cg21740232,haEWAS-specific
cg21748244,haEWAS-specific
cg21760363,haEWAS-specific
cg21768395,haEWAS-specific
cg21772178,haEWAS-specific
cg21775245,haEWAS-specific
cg21780600,haEWAS-specific
cg21790657,haEWAS-specific
cg21795544,haEWAS-specific
cg21814290,haEWAS-specific
cg21818216,haEWAS-specific
cg21821214,haEWAS-specific
cg21821833,haEWAS-specific
cg21828629,haEWAS-specific
cg21849875,haEWAS-specific
cg21851530,haEWAS-specific
cg21858380,haEWAS-specific
cg21859216,haEWAS-specific
cg21859880,haEWAS-specific
cg21871338,haEWAS-specific
cg21881537,haEWAS-specific
cg21882300,haEWAS-specific
cg21882356,haEWAS-specific
cg21884231,haEWAS-specific
cg21910355,haEWAS-specific
cg21911021,haEWAS-specific
cg21923619,haEWAS-specific
cg21952686,haEWAS-specific
cg21964252,haEWAS-specific
cg21973527,haEWAS-specific
cg21998983,haEWAS-specific
cg22020813,haEWAS-specific
cg22041228,haEWAS-specific
cg22044951,haEWAS-specific
cg22047282,haEWAS-specific
cg22052659,haEWAS-specific
cg22082329,haEWAS-specific
cg22095041,haEWAS-specific
cg22116492,haEWAS-specific
cg22117143,haEWAS-specific
cg22129364,haEWAS-specific
cg22130834,haEWAS-specific
cg22137471,haEWAS-specific
cg22143547,haEWAS-specific
cg22147546,haEWAS-specific
cg22152728,haEWAS-specific
cg22153728,haEWAS-specific
cg22158769,haEWAS-specific
cg22159387,haEWAS-specific
cg22160000,haEWAS-specific
cg22162281,haEWAS-specific
cg22164891,haEWAS-specific
cg22165175,haEWAS-specific
cg22178613,haEWAS-specific
cg22179913,haEWAS-specific
cg22193343,haEWAS-specific
cg22203776,haEWAS-specific
cg22228988,haEWAS-specific
cg22234897,haEWAS-specific
cg22252245,haEWAS-specific
cg22267770,haEWAS-specific
cg22272803,haEWAS-specific
cg22277936,haEWAS-specific
cg22291974,haEWAS-specific
cg22294577,haEWAS-specific
cg22304612,haEWAS-specific
cg22304705,haEWAS-specific
cg22319784,haEWAS-specific
cg22328712,haEWAS-specific
cg22342100,haEWAS-specific
cg22345214,haEWAS-specific
cg22348578,haEWAS-specific
cg22356593,haEWAS-specific
cg22358606,haEWAS-specific
cg22368619,haEWAS-specific
cg22373519,haEWAS-specific
cg22384356,haEWAS-specific
cg22400703,haEWAS-specific
cg22418909,haEWAS-specific
cg22423979,haEWAS-specific
cg22452230,haEWAS-specific
cg22455271,haEWAS-specific
cg22467810,haEWAS-specific
cg22476848,haEWAS-specific
cg22478679,haEWAS-specific
cg22491548,haEWAS-specific
cg22495191,haEWAS-specific
cg22511877,haEWAS-specific
cg22512438,haEWAS-specific
cg22519422,haEWAS-specific
cg22519545,haEWAS-specific
cg22524332,haEWAS-specific
cg22531266,haEWAS-specific
cg22536150,haEWAS-specific
cg22537474,haEWAS-specific
cg22542803,haEWAS-specific
cg22557662,haEWAS-specific
cg22562853,haEWAS-specific
cg22601058,haEWAS-specific
cg22630733,haEWAS-specific
cg22648407,haEWAS-specific
cg22648929,haEWAS-specific
cg22654055,haEWAS-specific
cg22659049,haEWAS-specific
cg22674699,haEWAS-specific
cg22685409,haEWAS-specific
cg22691587,haEWAS-specific
cg22702351,haEWAS-specific
cg22704520,haEWAS-specific
cg22743761,haEWAS-specific
cg22746421,haEWAS-specific
cg22758454,haEWAS-specific
cg22763407,haEWAS-specific
cg22763718,haEWAS-specific
cg22770135,haEWAS-specific
cg22776451,haEWAS-specific
cg22801799,haEWAS-specific
cg22802793,haEWAS-specific
cg22819369,haEWAS-specific
cg22825780,haEWAS-specific
cg22830507,haEWAS-specific
cg22846876,haEWAS-specific
cg22859727,haEWAS-specific
cg22871796,haEWAS-specific
cg22872812,haEWAS-specific
cg22879292,haEWAS-specific
cg22881750,haEWAS-specific
cg22881834,haEWAS-specific
cg22881914,haEWAS-specific
cg22900229,haEWAS-specific
cg22912214,haEWAS-specific
cg22942804,haEWAS-specific
cg22953017,haEWAS-specific
cg22953407,haEWAS-specific
cg22956649,haEWAS-specific
cg22963629,haEWAS-specific
cg22972858,haEWAS-specific
cg22976218,haEWAS-specific
cg22981158,haEWAS-specific
cg22983083,haEWAS-specific
cg22984132,haEWAS-specific
cg22993937,haEWAS-specific
cg22999427,haEWAS-specific
cg23003534,haEWAS-specific
cg23004527,haEWAS-specific
cg23007087,haEWAS-specific
cg23008762,haEWAS-specific
cg23011597,haEWAS-specific
cg23012855,haEWAS-specific
cg23015696,haEWAS-specific
cg23020486,haEWAS-specific
cg23026543,haEWAS-specific
cg23030863,haEWAS-specific
cg23034922,haEWAS-specific
cg23037403,haEWAS-specific
cg23046045,haEWAS-specific
cg23052776,haEWAS-specific
cg23056033,haEWAS-specific
cg23071186,haEWAS-specific
cg23072629,haEWAS-specific
cg23079522,haEWAS-specific
cg23079782,haEWAS-specific
cg23088810,haEWAS-specific
cg23091771,haEWAS-specific
cg23104436,haEWAS-specific
cg23111655,haEWAS-specific
cg23113963,haEWAS-specific
cg23121156,haEWAS-specific
cg23129024,haEWAS-specific
cg23130010,haEWAS-specific
cg23160829,haEWAS-specific
cg23170483,haEWAS-specific
cg23173466,haEWAS-specific
cg23174616,haEWAS-specific
cg23174662,haEWAS-specific
cg23181580,haEWAS-specific
cg23183069,haEWAS-specific
cg23189044,haEWAS-specific
cg23204908,haEWAS-specific
cg23205387,haEWAS-specific
cg23205936,haEWAS-specific
cg23206461,haEWAS-specific
cg23207676,haEWAS-specific
cg23207990,haEWAS-specific
cg23208909,haEWAS-specific
cg23213217,haEWAS-specific
cg23215729,haEWAS-specific
cg23217097,haEWAS-specific
cg23225572,haEWAS-specific
cg23234179,haEWAS-specific
cg23235241,haEWAS-specific
cg23244488,haEWAS-specific
cg23257225,haEWAS-specific
cg23257697,haEWAS-specific
cg23272399,haEWAS-specific
cg23279756,haEWAS-specific
cg23290159,haEWAS-specific
cg23290217,haEWAS-specific
cg23292160,haEWAS-specific
cg23300372,haEWAS-specific
cg23302649,haEWAS-specific
cg23305408,haEWAS-specific
cg23314014,haEWAS-specific
cg23316253,haEWAS-specific
cg23318063,haEWAS-specific
cg23338594,haEWAS-specific
cg23344338,haEWAS-specific
cg23361969,haEWAS-specific
cg23364656,haEWAS-specific
cg23370170,haEWAS-specific
cg23372001,haEWAS-specific
cg23372544,haEWAS-specific
cg23375247,haEWAS-specific
cg23375617,haEWAS-specific
cg23385718,haEWAS-specific
cg23389783,haEWAS-specific
cg23428985,haEWAS-specific
cg23432345,haEWAS-specific
cg23452458,haEWAS-specific
cg23459424,haEWAS-specific
cg23459643,haEWAS-specific
cg23460250,haEWAS-specific
cg23477460,haEWAS-specific
cg23484230,haEWAS-specific
cg23485591,haEWAS-specific
cg23487201,haEWAS-specific
cg23495748,haEWAS-specific
cg23496331,haEWAS-specific
cg23498273,haEWAS-specific
cg23508333,haEWAS-specific
cg23510109,haEWAS-specific
cg23521507,haEWAS-specific
cg23533927,haEWAS-specific
cg23543123,haEWAS-specific
cg23544566,haEWAS-specific
cg23575099,haEWAS-specific
cg23602478,haEWAS-specific
cg23602752,haEWAS-specific
cg23610154,haEWAS-specific
cg23619399,haEWAS-specific
cg23621729,haEWAS-specific
cg23630423,haEWAS-specific
cg23631538,haEWAS-specific
cg23632985,haEWAS-specific
cg23651323,haEWAS-specific
cg23654431,haEWAS-specific
cg23663533,haEWAS-specific
cg23666829,haEWAS-specific
cg23669440,haEWAS-specific
cg23672211,haEWAS-specific
cg23681017,haEWAS-specific
cg23681664,haEWAS-specific
cg23688510,haEWAS-specific
cg23691492,haEWAS-specific
cg23692997,haEWAS-specific
cg23693289,haEWAS-specific
cg23693548,haEWAS-specific
cg23697855,haEWAS-specific
cg23716800,haEWAS-specific
cg23724412,haEWAS-specific
cg23725583,haEWAS-specific
cg23729763,haEWAS-specific
cg23740940,haEWAS-specific
cg23751416,haEWAS-specific
cg23756264,haEWAS-specific
cg23757461,haEWAS-specific
cg23765633,haEWAS-specific
cg23781495,haEWAS-specific
cg23798668,haEWAS-specific
cg23806621,haEWAS-specific
cg23838231,haEWAS-specific
cg23845646,haEWAS-specific
cg23858410,haEWAS-specific
cg23883696,haEWAS-specific
cg23883802,haEWAS-specific
cg23884690,haEWAS-specific
cg23890910,haEWAS-specific
cg23899057,haEWAS-specific
cg23900203,haEWAS-specific
cg23900548,haEWAS-specific
cg23906291,haEWAS-specific
cg23921534,haEWAS-specific
cg23929344,haEWAS-specific
cg23931672,haEWAS-specific
cg23962717,haEWAS-specific
cg23978504,haEWAS-specific
cg23982858,haEWAS-specific
cg23984976,haEWAS-specific
cg23989821,haEWAS-specific
cg23990012,haEWAS-specific
cg23995143,haEWAS-specific
cg23997405,haEWAS-specific
cg24003866,haEWAS-specific
cg24021956,haEWAS-specific
cg24030037,haEWAS-specific
cg24035164,haEWAS-specific
cg24056757,haEWAS-specific
cg24059677,haEWAS-specific
cg24062526,haEWAS-specific
cg24073466,haEWAS-specific
cg24073994,haEWAS-specific
cg24077277,haEWAS-specific
cg24080247,haEWAS-specific
cg24092282,haEWAS-specific
cg24098302,haEWAS-specific
cg24100636,haEWAS-specific
cg24112713,haEWAS-specific
cg24115032,haEWAS-specific
cg24119607,haEWAS-specific
cg24119869,haEWAS-specific
cg24128931,haEWAS-specific
cg24144083,haEWAS-specific
cg24147428,haEWAS-specific
cg24149528,haEWAS-specific
cg24151755,haEWAS-specific
cg24156796,haEWAS-specific
cg24169822,haEWAS-specific
cg24186939,haEWAS-specific
cg24189904,haEWAS-specific
cg24191847,haEWAS-specific
cg24209126,haEWAS-specific
cg24212047,haEWAS-specific
cg24249411,haEWAS-specific
cg24258098,haEWAS-specific
cg24267699,haEWAS-specific
cg24287125,haEWAS-specific
cg24294544,haEWAS-specific
cg24306397,haEWAS-specific
cg24307292,haEWAS-specific
cg24309428,haEWAS-specific
cg24310395,haEWAS-specific
cg24324985,haEWAS-specific
cg24331301,haEWAS-specific
cg24354624,haEWAS-specific
cg24367840,haEWAS-specific
cg24375244,haEWAS-specific
cg24375364,haEWAS-specific
cg24384519,haEWAS-specific
cg24393552,haEWAS-specific
cg24394172,haEWAS-specific
cg24399924,haEWAS-specific
cg24401870,haEWAS-specific
cg24405543,haEWAS-specific
cg24415066,haEWAS-specific
cg24425021,haEWAS-specific
cg24425171,haEWAS-specific
cg24431372,haEWAS-specific
cg24442740,haEWAS-specific
cg24447042,haEWAS-specific
cg24472939,haEWAS-specific
cg24480227,haEWAS-specific
cg24505619,haEWAS-specific
cg24511738,haEWAS-specific
cg24513381,haEWAS-specific
cg24521848,haEWAS-specific
cg24525400,haEWAS-specific
cg24529814,haEWAS-specific
cg24556382,haEWAS-specific
cg24564503,haEWAS-specific
cg24570303,haEWAS-specific
cg24575705,haEWAS-specific
cg24590788,haEWAS-specific
cg24606662,haEWAS-specific
cg24608381,haEWAS-specific
cg24620905,haEWAS-specific
cg24632944,haEWAS-specific
cg24639335,haEWAS-specific
cg24643801,haEWAS-specific
cg24645214,haEWAS-specific
cg24650279,haEWAS-specific
cg24660670,haEWAS-specific
cg24661595,haEWAS-specific
cg24662666,haEWAS-specific
cg24663256,haEWAS-specific
cg24670241,haEWAS-specific
cg24672624,haEWAS-specific
cg24693287,haEWAS-specific
cg24693478,haEWAS-specific
cg24696861,haEWAS-specific
cg24699097,haEWAS-specific
cg24701270,haEWAS-specific
cg24702147,haEWAS-specific
cg24704603,haEWAS-specific
cg24708006,haEWAS-specific
cg24716879,haEWAS-specific
cg24722198,haEWAS-specific
cg24740576,haEWAS-specific
cg24756642,haEWAS-specific
cg24759599,haEWAS-specific
cg24803346,haEWAS-specific
cg24818566,haEWAS-specific
cg24831711,haEWAS-specific
cg24859236,haEWAS-specific
cg24867566,haEWAS-specific
cg24892966,haEWAS-specific
cg24895142,haEWAS-specific
cg24904788,haEWAS-specific
cg24926465,haEWAS-specific
cg24929556,haEWAS-specific
cg24931191,haEWAS-specific
cg24932305,haEWAS-specific
cg24933645,haEWAS-specific
cg24947456,haEWAS-specific
cg24958342,haEWAS-specific
cg24962827,haEWAS-specific
cg24974423,haEWAS-specific
cg24987590,haEWAS-specific
cg24995678,haEWAS-specific
cg25015038,haEWAS-specific
cg25023596,haEWAS-specific
cg25026529,haEWAS-specific
cg25027125,haEWAS-specific
cg25033990,haEWAS-specific
cg25057461,haEWAS-specific
cg25060172,haEWAS-specific
cg25062357,haEWAS-specific
cg25066583,haEWAS-specific
cg25077778,haEWAS-specific
cg25082710,haEWAS-specific
cg25112191,haEWAS-specific
cg25117725,haEWAS-specific
cg25129466,haEWAS-specific
cg25139636,haEWAS-specific
cg25140531,haEWAS-specific
cg25142586,haEWAS-specific
cg25147026,haEWAS-specific
cg25160286,haEWAS-specific
cg25185947,haEWAS-specific
cg25195987,haEWAS-specific
cg25214158,haEWAS-specific
cg25221337,haEWAS-specific
cg25245963,haEWAS-specific
cg25260137,haEWAS-specific
cg25262528,haEWAS-specific
cg25262656,haEWAS-specific
cg25265519,haEWAS-specific
cg25273707,haEWAS-specific
cg25274503,haEWAS-specific
cg25278154,haEWAS-specific
cg25307691,haEWAS-specific
cg25309292,haEWAS-specific
cg25318296,haEWAS-specific
cg25320587,haEWAS-specific
cg25329013,haEWAS-specific
cg25338036,haEWAS-specific
cg25338563,haEWAS-specific
cg25345805,haEWAS-specific
cg25346117,haEWAS-specific
cg25350306,haEWAS-specific
cg25362630,haEWAS-specific
cg25363807,haEWAS-specific
cg25388738,haEWAS-specific
cg25390063,haEWAS-specific
cg25402480,haEWAS-specific
cg25403283,haEWAS-specific
cg25406779,haEWAS-specific
cg25420477,haEWAS-specific
cg25425089,haEWAS-specific
cg25433552,haEWAS-specific
cg25437385,haEWAS-specific
cg25447872,haEWAS-specific
cg25452067,haEWAS-specific
cg25452485,haEWAS-specific
cg25463742,haEWAS-specific
cg25464921,haEWAS-specific
cg25467336,haEWAS-specific
cg25468277,haEWAS-specific
cg25472296,haEWAS-specific
cg25474399,haEWAS-specific
cg25508181,haEWAS-specific
cg25547580,haEWAS-specific
cg25548834,haEWAS-specific
cg25555059,haEWAS-specific
cg25576093,haEWAS-specific
cg25583491,haEWAS-specific
cg25588740,haEWAS-specific
cg25591418,haEWAS-specific
cg25594100,haEWAS-specific
cg25598159,haEWAS-specific
cg25600410,haEWAS-specific
cg25604883,haEWAS-specific
cg25637963,haEWAS-specific
cg25643208,haEWAS-specific
cg25645064,haEWAS-specific
cg25645687,haEWAS-specific
cg25651129,haEWAS-specific
cg25662822,haEWAS-specific
cg25682299,haEWAS-specific
cg25683069,haEWAS-specific
cg25689193,haEWAS-specific
cg25691167,haEWAS-specific
cg25694915,haEWAS-specific
cg25707722,haEWAS-specific
cg25732462,haEWAS-specific
cg25734825,haEWAS-specific
cg25738326,haEWAS-specific
cg25740457,haEWAS-specific
cg25743481,haEWAS-specific
cg25743482,haEWAS-specific
cg25753817,haEWAS-specific
cg25756435,haEWAS-specific
cg25763127,haEWAS-specific
cg25764899,haEWAS-specific
cg25775322,haEWAS-specific
cg25792999,haEWAS-specific
cg25830696,haEWAS-specific
cg25831075,haEWAS-specific
cg25831522,haEWAS-specific
cg25832305,haEWAS-specific
cg25837803,haEWAS-specific
cg25839439,haEWAS-specific
cg25844977,haEWAS-specific
cg25851651,haEWAS-specific
cg25852925,haEWAS-specific
cg25876656,haEWAS-specific
cg25903158,haEWAS-specific
cg25906705,haEWAS-specific
cg25922279,haEWAS-specific
cg25928819,haEWAS-specific
cg25942860,haEWAS-specific
cg25943118,haEWAS-specific
cg25943661,haEWAS-specific
cg25945642,haEWAS-specific
cg25947489,haEWAS-specific
cg25952581,haEWAS-specific
cg25960403,haEWAS-specific
cg25976672,haEWAS-specific
cg25984124,haEWAS-specific
cg25985504,haEWAS-specific
cg25993718,haEWAS-specific
cg26032412,haEWAS-specific
cg26037504,haEWAS-specific
cg26048923,haEWAS-specific
cg26049390,haEWAS-specific
cg26053291,haEWAS-specific
cg26054842,haEWAS-specific
cg26055488,haEWAS-specific
cg26056703,haEWAS-specific
cg26059839,haEWAS-specific
cg26060817,haEWAS-specific
cg26063904,haEWAS-specific
cg26065909,haEWAS-specific
cg26070020,haEWAS-specific
cg26076724,haEWAS-specific
cg26081974,haEWAS-specific
cg26094139,haEWAS-specific
cg26102864,haEWAS-specific
cg26118759,haEWAS-specific
cg26120958,haEWAS-specific
cg26121591,haEWAS-specific
cg26130242,haEWAS-specific
cg26132320,haEWAS-specific
cg26152038,haEWAS-specific
cg26162564,haEWAS-specific
cg26170133,haEWAS-specific
cg26172342,haEWAS-specific
cg26180383,haEWAS-specific
cg26201579,haEWAS-specific
cg26213821,haEWAS-specific
cg26215406,haEWAS-specific
cg26227523,haEWAS-specific
cg26236902,haEWAS-specific
cg26246740,haEWAS-specific
cg26270899,haEWAS-specific
cg26275360,haEWAS-specific
cg26282731,haEWAS-specific
cg26282761,haEWAS-specific
cg26289222,haEWAS-specific
cg26327024,haEWAS-specific
cg26332310,haEWAS-specific
cg26335602,haEWAS-specific
cg26344227,haEWAS-specific
cg26350092,haEWAS-specific
cg26355577,haEWAS-specific
cg26363196,haEWAS-specific
cg26381592,haEWAS-specific
cg26385438,haEWAS-specific
cg26385618,haEWAS-specific
cg26396617,haEWAS-specific
cg26400275,haEWAS-specific
cg26422458,haEWAS-specific
cg26429905,haEWAS-specific
cg26430597,haEWAS-specific
cg26433582,haEWAS-specific
cg26444528,haEWAS-specific
cg26450740,haEWAS-specific
cg26455542,haEWAS-specific
cg26456304,haEWAS-specific
cg26465391,haEWAS-specific
cg26470309,haEWAS-specific
cg26478215,haEWAS-specific
cg26490758,haEWAS-specific
cg26503073,haEWAS-specific
cg26503644,haEWAS-specific
cg26534847,haEWAS-specific
cg26535547,haEWAS-specific
cg26553501,haEWAS-specific
cg26559829,haEWAS-specific
cg26560895,haEWAS-specific
cg26572361,haEWAS-specific
cg26584034,haEWAS-specific
cg26584983,haEWAS-specific
cg26611500,haEWAS-specific
cg26621699,haEWAS-specific
cg26622320,haEWAS-specific
cg26633107,haEWAS-specific
cg26649851,haEWAS-specific
cg26650480,haEWAS-specific
cg26654798,haEWAS-specific
cg26663754,haEWAS-specific
cg26667550,haEWAS-specific
cg26680350,haEWAS-specific
cg26680608,haEWAS-specific
cg26682580,haEWAS-specific
cg26685195,haEWAS-specific
cg26690462,haEWAS-specific
cg26727032,haEWAS-specific
cg26727693,haEWAS-specific
cg26728895,haEWAS-specific
cg26735846,haEWAS-specific
cg26744375,haEWAS-specific
cg26745294,haEWAS-specific
cg26745551,haEWAS-specific
cg26773791,haEWAS-specific
cg26797124,haEWAS-specific
cg26809372,haEWAS-specific
cg26809635,haEWAS-specific
cg26810939,haEWAS-specific
cg26827247,haEWAS-specific
cg26832294,haEWAS-specific
cg26833096,haEWAS-specific
cg26838995,haEWAS-specific
cg26840062,haEWAS-specific
cg26843074,haEWAS-specific
cg26844246,haEWAS-specific
cg26864766,haEWAS-specific
cg26866348,haEWAS-specific
cg26870725,haEWAS-specific
cg26874872,haEWAS-specific
cg26883190,haEWAS-specific
cg26924440,haEWAS-specific
cg26936171,haEWAS-specific
cg26956874,haEWAS-specific
cg26969942,haEWAS-specific
cg26974444,haEWAS-specific
cg26983177,haEWAS-specific
cg26983544,haEWAS-specific
cg26985446,haEWAS-specific
cg26988423,haEWAS-specific
cg26996818,haEWAS-specific
cg27006169,haEWAS-specific
cg27006650,haEWAS-specific
cg27014380,haEWAS-specific
cg27021986,haEWAS-specific
cg27039534,haEWAS-specific
cg27044593,haEWAS-specific
cg27047243,haEWAS-specific
cg27052418,haEWAS-specific
cg27054144,haEWAS-specific
cg27056599,haEWAS-specific
cg27059552,haEWAS-specific
cg27065717,haEWAS-specific
cg27067425,haEWAS-specific
cg27070508,haEWAS-specific
cg27090078,haEWAS-specific
cg27092191,haEWAS-specific
cg27104778,haEWAS-specific
cg27105390,haEWAS-specific
cg27106204,haEWAS-specific
cg27109125,haEWAS-specific
cg27111150,haEWAS-specific
cg27124293,haEWAS-specific
cg27126442,haEWAS-specific
cg27130075,haEWAS-specific
cg27131563,haEWAS-specific
cg27142656,haEWAS-specific
cg27155939,haEWAS-specific
cg27159979,haEWAS-specific
cg27165456,haEWAS-specific
cg27167439,haEWAS-specific
cg27172175,haEWAS-specific
cg27172877,haEWAS-specific
cg27177983,haEWAS-specific
cg27179866,haEWAS-specific
cg27190014,haEWAS-specific
cg27194921,haEWAS-specific
cg27196745,haEWAS-specific
cg27233989,haEWAS-specific
cg27252696,haEWAS-specific
cg27253386,haEWAS-specific
cg27256270,haEWAS-specific
cg27270516,haEWAS-specific
cg27271486,haEWAS-specific
cg27277463,haEWAS-specific
cg27277978,haEWAS-specific
cg27278802,haEWAS-specific
cg27280037,haEWAS-specific
cg27295963,haEWAS-specific
cg27304406,haEWAS-specific
cg27315314,haEWAS-specific
cg27320666,haEWAS-specific
cg27328236,haEWAS-specific
cg27338089,haEWAS-specific
cg27339256,haEWAS-specific
cg27353361,haEWAS-specific
cg27372920,haEWAS-specific
cg27389185,haEWAS-specific
cg27390627,haEWAS-specific
cg27393010,haEWAS-specific
cg27394015,haEWAS-specific
cg27403635,haEWAS-specific
cg27409154,haEWAS-specific
cg27412857,haEWAS-specific
cg27434149,haEWAS-specific
cg27438425,haEWAS-specific
cg27440715,haEWAS-specific
cg27449572,haEWAS-specific
cg27452341,haEWAS-specific
cg27457631,haEWAS-specific
cg27477504,haEWAS-specific
cg27504802,haEWAS-specific
cg27508551,haEWAS-specific
cg27508620,haEWAS-specific
cg27509306,haEWAS-specific
cg27527922,haEWAS-specific
cg27535302,haEWAS-specific
cg27538901,haEWAS-specific
cg27541604,haEWAS-specific
cg27557782,haEWAS-specific
cg27571196,haEWAS-specific
cg27579771,haEWAS-specific
cg27583071,haEWAS-specific
cg27628839,haEWAS-specific
cg27629782,haEWAS-specific
cg27638126,haEWAS-specific
cg27641801,haEWAS-specific
cg27648808,haEWAS-specific
cg27650175,haEWAS-specific
cg27656498,haEWAS-specific
cg27657525,haEWAS-specific
cg27659903,haEWAS-specific
